merchant_id,merchant_name,category,tier,city,onboarding_date,state
1,"Choudhury, Bakshi and Maharaj",Utilities/Bill Pay,Micro,Hyderabad,2025-05-31,Telangana
2,Kapoor and Sons,Kirana/Local Store,Enterprise,Jaipur,2024-09-19,Rajasthan
3,"Chaudry, Chahal and Sami",Utilities/Bill Pay,Micro,Mumbai,2025-05-12,Maharashtra
4,Balan Inc,Grocery,SME,Hyderabad,2025-01-19,Telangana
5,Kaul PLC,Entertainment,Micro,Surat,2024-08-28,Gujarat
6,"Bala, Issac and Saini",Travel & Transport,Micro,Chennai,2025-01-27,Tamil Nadu
7,Sen PLC,Grocery,SME,Patna,2024-10-01,Bihar
8,Ahuja-Dutta,Electronics,SME,Mumbai,2025-07-17,Maharashtra
9,"Sami, Oak and Mall",Grocery,SME,Chennai,2024-02-08,Tamil Nadu
10,Kale LLC,Entertainment,Enterprise,Jaipur,2025-04-14,Rajasthan
11,Chanda Group,Grocery,Enterprise,Hyderabad,2025-09-01,Telangana
12,Parmer LLC,Food & Dining,Micro,Pune,2024-05-29,Maharashtra
13,"Lalla, Bassi and Sharaf",Fuel,Micro,Chennai,2025-04-22,Tamil Nadu
14,"Dash, Radhakrishnan and Brar",Fuel,Micro,Delhi,2025-07-28,Delhi
15,"Memon, Pathak and Handa",Utilities/Bill Pay,SME,Chennai,2024-01-05,Tamil Nadu
16,"Boase, Bath and Kari",Pharmacy,Micro,Bengaluru,2025-06-27,Karnataka
17,Buch-Kaul,Grocery,Micro,Hyderabad,2025-03-15,Telangana
18,Rai LLC,Kirana/Local Store,SME,Delhi,2024-06-28,Delhi
19,Patla-Gaba,Food & Dining,SME,Hyderabad,2024-08-25,Telangana
20,Pant-Kadakia,Entertainment,SME,Lucknow,2024-05-06,Uttar Pradesh
21,"Loke, Bora and Garg",Food & Dining,Micro,Pune,2025-12-08,Maharashtra
22,"Konda, Gade and Shere",Food & Dining,Micro,Indore,2024-01-30,Madhya Pradesh
23,Madan-Kanda,Grocery,Micro,Bhopal,2024-10-17,Madhya Pradesh
24,"Nair, Bhalla and Karnik",Kirana/Local Store,Micro,Delhi,2025-04-18,Delhi
25,Mutti Group,Food & Dining,Enterprise,Mumbai,2024-06-23,Maharashtra
26,Bhatti-Kakar,Electronics,Micro,Bengaluru,2025-10-01,Karnataka
27,"Murty, Kala and Tata",Electronics,Micro,Chennai,2025-04-01,Tamil Nadu
28,Shanker-Dhar,Electronics,SME,Bengaluru,2025-04-13,Karnataka
29,Dewan-Koshy,Electronics,Enterprise,Mumbai,2025-10-26,Maharashtra
30,"Yohannan, Lall and Sangha",Travel & Transport,SME,Chennai,2024-04-05,Tamil Nadu
31,"Rastogi, Pathak and Kanda",Grocery,SME,Chennai,2025-06-01,Tamil Nadu
32,Upadhyay Group,Electronics,Micro,Lucknow,2025-11-05,Uttar Pradesh
33,Batta Inc,Fashion & Apparel,Micro,Bengaluru,2024-04-08,Karnataka
34,Dutta Ltd,Grocery,Enterprise,Mumbai,2025-08-19,Maharashtra
35,Bhatt-Rajan,Home Services,Micro,Jaipur,2024-11-28,Rajasthan
36,Sidhu-Wadhwa,Food & Dining,Micro,Jaipur,2025-07-12,Rajasthan
37,Apte-Contractor,Pharmacy,SME,Mumbai,2024-01-21,Maharashtra
38,"Yadav, Loke and Oak",Utilities/Bill Pay,SME,Hyderabad,2025-10-05,Telangana
39,Memon Group,Travel & Transport,Enterprise,Bengaluru,2025-03-07,Karnataka
40,Setty Inc,Financial Services,Enterprise,Ranchi,2024-10-10,Jharkhand
41,"Lall, Tella and Gokhale",Grocery,Micro,Kolkata,2024-04-24,West Bengal
42,"Cherian, Misra and Tripathi",Education,Micro,Delhi,2024-05-01,Delhi
43,"Issac, Dua and Prakash",Utilities/Bill Pay,Micro,Kolkata,2025-09-23,West Bengal
44,Zacharia PLC,Grocery,SME,Delhi,2025-04-27,Delhi
45,Naik Group,Pharmacy,Micro,Kolkata,2025-07-12,West Bengal
46,Choudhury LLC,Financial Services,SME,Kochi,2025-11-01,Kerala
47,Khatri-Bhardwaj,Electronics,Micro,Chennai,2024-06-19,Tamil Nadu
48,Brar Inc,Pharmacy,SME,Chennai,2024-06-09,Tamil Nadu
49,"Sunder, Biswas and Walia",Utilities/Bill Pay,Micro,Mumbai,2025-01-02,Maharashtra
50,Dave Ltd,Grocery,Enterprise,Ahmedabad,2025-01-13,Gujarat
51,Gandhi-Lanka,Grocery,Enterprise,Mumbai,2024-09-20,Maharashtra
52,"Sampath, Kakar and Zacharia",Pharmacy,Micro,Kolkata,2025-09-18,West Bengal
53,"Iyer, Muni and Rastogi",Entertainment,SME,Kolkata,2025-01-28,West Bengal
54,"Prakash, Sarma and Varughese",Kirana/Local Store,Micro,Bengaluru,2024-04-26,Karnataka
55,Dara-Kota,Electronics,Micro,Coimbatore,2024-12-17,Tamil Nadu
56,Bhatt LLC,Grocery,Micro,Delhi,2024-09-15,Delhi
57,Karpe PLC,Grocery,Micro,Bengaluru,2025-05-11,Karnataka
58,Amble Inc,Utilities/Bill Pay,Micro,Patna,2025-08-17,Bihar
59,"Bhargava, Karnik and Bir",Electronics,SME,Coimbatore,2024-08-14,Tamil Nadu
60,Narayanan Inc,Food & Dining,SME,Chandigarh,2025-04-14,Punjab
61,"Khanna, Mallick and Sunder",Fashion & Apparel,SME,Bhopal,2025-03-27,Madhya Pradesh
62,Zacharia and Sons,Financial Services,SME,Mumbai,2024-03-29,Maharashtra
63,"Solanki, Kibe and Solanki",Entertainment,SME,Mumbai,2025-08-27,Maharashtra
64,Gupta-Chandra,Home Services,SME,Hyderabad,2025-02-05,Telangana
65,Sankar LLC,Travel & Transport,Enterprise,Surat,2025-07-24,Gujarat
66,Roy-Sibal,Grocery,Micro,Ranchi,2024-09-21,Jharkhand
67,"Bhagat, Chaudhari and Bhat",Utilities/Bill Pay,Micro,Indore,2025-08-04,Madhya Pradesh
68,Nori-Chopra,Fashion & Apparel,SME,Kochi,2025-12-14,Kerala
69,Handa and Sons,Fashion & Apparel,Micro,Hyderabad,2024-04-12,Telangana
70,"Sen, Dey and Sami",Food & Dining,Micro,Bengaluru,2024-09-28,Karnataka
71,Mallick Group,Electronics,Enterprise,Pune,2024-12-19,Maharashtra
72,Borra Group,Grocery,Micro,Pune,2025-05-05,Maharashtra
73,"Chaudhari, Bedi and Zachariah",Travel & Transport,Micro,Kolkata,2024-11-04,West Bengal
74,Chander and Sons,Food & Dining,SME,Mumbai,2024-12-11,Maharashtra
75,Ray Group,Grocery,SME,Kolkata,2024-04-23,West Bengal
76,Kala-Rattan,Fashion & Apparel,Enterprise,Delhi,2024-04-15,Delhi
77,Gala Group,Grocery,Micro,Mumbai,2025-05-23,Maharashtra
78,Ramakrishnan LLC,Pharmacy,Micro,Pune,2024-09-15,Maharashtra
79,Mangal-Sampath,Fuel,Micro,Kolkata,2024-12-30,West Bengal
80,"Sur, Dubey and Gupta",Food & Dining,Micro,Jaipur,2025-10-29,Rajasthan
81,Kalla-Bhardwaj,Grocery,Micro,Bengaluru,2024-03-16,Karnataka
82,"Bhat, Murthy and Bhandari",Food & Dining,Micro,Chandigarh,2024-05-05,Punjab
83,Sood PLC,Fuel,SME,Mumbai,2024-12-15,Maharashtra
84,"Dugar, Bhandari and Trivedi",Food & Dining,Micro,Coimbatore,2024-08-13,Tamil Nadu
85,Grewal Inc,Grocery,SME,Lucknow,2024-05-21,Uttar Pradesh
86,"Bir, Keer and Raval",Entertainment,Enterprise,Hyderabad,2024-12-16,Telangana
87,Koshy PLC,Utilities/Bill Pay,Micro,Bhopal,2024-04-17,Madhya Pradesh
88,"Baral, Bumb and Saini",Fuel,SME,Kolkata,2024-05-14,West Bengal
89,"Virk, Mutti and Lal",Financial Services,Micro,Lucknow,2025-05-27,Uttar Pradesh
90,Murthy and Sons,Utilities/Bill Pay,Micro,Mumbai,2025-01-04,Maharashtra
91,Randhawa-Deep,Utilities/Bill Pay,SME,Hyderabad,2025-11-15,Telangana
92,"Mital, Shankar and Mutti",Financial Services,Micro,Bengaluru,2024-02-22,Karnataka
93,Andra Group,Pharmacy,SME,Kolkata,2024-07-30,West Bengal
94,"Chaudhry, Borah and Yogi",Grocery,Micro,Surat,2025-04-20,Gujarat
95,Toor LLC,Fuel,SME,Delhi,2025-08-15,Delhi
96,Palla Inc,Grocery,Micro,Surat,2025-09-09,Gujarat
97,Pingle LLC,Utilities/Bill Pay,Micro,Kolkata,2025-06-29,West Bengal
98,Sarma PLC,Food & Dining,SME,Jaipur,2025-10-17,Rajasthan
99,"Mittal, Wadhwa and Anand",Entertainment,Micro,Hyderabad,2024-10-01,Telangana
100,"Mistry, Chawla and Desai",Fuel,SME,Delhi,2024-06-14,Delhi
101,D’Alia-Chhabra,Fuel,Micro,Pune,2025-10-30,Maharashtra
102,"Dugal, Magar and Manda",Grocery,Micro,Bengaluru,2025-04-23,Karnataka
103,"Kade, Oza and Jani",Fuel,Enterprise,Pune,2025-02-25,Maharashtra
104,"Lalla, Tiwari and Suresh",Utilities/Bill Pay,SME,Ahmedabad,2024-01-10,Gujarat
105,Behl-Chanda,Entertainment,Micro,Delhi,2024-06-18,Delhi
106,"Sampath, Malhotra and Basu",Food & Dining,Micro,Guwahati,2025-04-15,Assam
107,Nath and Sons,Kirana/Local Store,Micro,Bengaluru,2024-11-24,Karnataka
108,"Lala, Edwin and Sathe",Utilities/Bill Pay,Micro,Nagpur,2025-07-15,Maharashtra
109,"Sane, Andra and Choudhury",Food & Dining,Micro,Pune,2024-09-30,Maharashtra
110,Dixit PLC,Utilities/Bill Pay,SME,Ahmedabad,2024-12-19,Gujarat
111,Pingle PLC,Home Services,Micro,Chennai,2024-06-28,Tamil Nadu
112,"Divan, Sani and Datta",Kirana/Local Store,SME,Surat,2025-06-21,Gujarat
113,Morar LLC,Travel & Transport,Enterprise,Delhi,2024-07-07,Delhi
114,Parmar and Sons,Education,SME,Kochi,2024-06-07,Kerala
115,"Krish, Chauhan and Pandya",Grocery,Micro,Hyderabad,2025-10-13,Telangana
116,"Ray, Dubey and Khalsa",Travel & Transport,SME,Pune,2024-08-02,Maharashtra
117,Goel Group,Food & Dining,SME,Jaipur,2025-02-11,Rajasthan
118,Gola Ltd,Food & Dining,Micro,Delhi,2025-09-18,Delhi
119,Sabharwal-Kothari,Utilities/Bill Pay,SME,Patna,2024-01-01,Bihar
120,Dutta-Chokshi,Pharmacy,Micro,Ranchi,2024-02-20,Jharkhand
121,Barad-Singhal,Utilities/Bill Pay,Enterprise,Delhi,2025-02-14,Delhi
122,Iyengar Group,Financial Services,Enterprise,Hyderabad,2025-05-25,Telangana
123,Mody-Kari,Utilities/Bill Pay,Micro,Nagpur,2025-10-21,Maharashtra
124,Bajwa Ltd,Travel & Transport,SME,Kochi,2025-07-12,Kerala
125,Rastogi LLC,Kirana/Local Store,SME,Surat,2024-06-22,Gujarat
126,Boase-Mallick,Financial Services,Micro,Bengaluru,2024-10-02,Karnataka
127,Upadhyay-Ratta,Pharmacy,Micro,Ahmedabad,2025-01-28,Gujarat
128,"Yadav, Narula and Bala",Home Services,SME,Ahmedabad,2025-01-10,Gujarat
129,Lal and Sons,Entertainment,SME,Bhopal,2025-10-13,Madhya Pradesh
130,"Lanka, Barad and Chopra",Grocery,SME,Lucknow,2025-04-17,Uttar Pradesh
131,"Saraf, Pai and Murthy",Home Services,Micro,Patna,2024-10-23,Bihar
132,Vaidya-D’Alia,Grocery,Enterprise,Surat,2024-03-17,Gujarat
133,Gupta-Kumar,Grocery,SME,Jaipur,2024-06-28,Rajasthan
134,Sarin Inc,Travel & Transport,SME,Hyderabad,2025-06-20,Telangana
135,"Yohannan, Hegde and Patla",Pharmacy,Enterprise,Delhi,2024-07-20,Delhi
136,Boase-Narayanan,Home Services,Enterprise,Delhi,2024-11-18,Delhi
137,"Murthy, Dash and Mital",Utilities/Bill Pay,Micro,Mumbai,2024-08-16,Maharashtra
138,"More, Rege and Narain",Fuel,Micro,Delhi,2025-08-18,Delhi
139,Merchant-Datta,Grocery,SME,Bengaluru,2024-02-08,Karnataka
140,Salvi Ltd,Food & Dining,SME,Kochi,2024-08-18,Kerala
141,Ghosh-Mitra,Food & Dining,Micro,Bengaluru,2024-09-09,Karnataka
142,Acharya-Modi,Home Services,Micro,Delhi,2024-07-15,Delhi
143,Kade-Sani,Travel & Transport,SME,Lucknow,2025-03-06,Uttar Pradesh
144,"Nagy, Shroff and Sathe",Education,SME,Ahmedabad,2025-06-11,Gujarat
145,Kala-Vaidya,Utilities/Bill Pay,SME,Kochi,2024-10-29,Kerala
146,Gara-Chad,Travel & Transport,SME,Chennai,2025-05-16,Tamil Nadu
147,Varma-Nayak,Kirana/Local Store,SME,Kolkata,2025-08-08,West Bengal
148,Keer Ltd,Utilities/Bill Pay,Micro,Delhi,2025-06-17,Delhi
149,Kar-Issac,Grocery,Micro,Bhopal,2025-11-05,Madhya Pradesh
150,Bakshi Inc,Kirana/Local Store,Micro,Hyderabad,2024-08-20,Telangana
151,Soman PLC,Electronics,Micro,Kolkata,2024-09-16,West Bengal
152,Shah Group,Fuel,Micro,Patna,2025-12-05,Bihar
153,"Hayer, Rajagopalan and Talwar",Food & Dining,SME,Chennai,2025-01-18,Tamil Nadu
154,Kohli-Divan,Entertainment,Micro,Nagpur,2024-08-12,Maharashtra
155,"Ahluwalia, Chhabra and Sandal",Financial Services,SME,Kolkata,2024-11-27,West Bengal
156,Goda Ltd,Pharmacy,Micro,Kolkata,2024-07-25,West Bengal
157,"Shetty, Bedi and Krish",Entertainment,SME,Bengaluru,2025-08-14,Karnataka
158,Shan and Sons,Travel & Transport,Micro,Mumbai,2024-10-02,Maharashtra
159,Wali-Nadig,Kirana/Local Store,SME,Jaipur,2025-02-19,Rajasthan
160,Thaman-Sandhu,Grocery,Enterprise,Pune,2024-01-30,Maharashtra
161,"Sehgal, Dutt and Soman",Grocery,SME,Bengaluru,2024-03-24,Karnataka
162,Lad-Kota,Fashion & Apparel,Micro,Indore,2024-11-05,Madhya Pradesh
163,"Malhotra, Verma and Sundaram",Travel & Transport,Micro,Ahmedabad,2025-07-28,Gujarat
164,"Khare, Maharaj and Sarraf",Food & Dining,SME,Pune,2024-03-09,Maharashtra
165,Mangal and Sons,Travel & Transport,Enterprise,Patna,2025-06-27,Bihar
166,Nayak-Nagarajan,Grocery,SME,Ahmedabad,2024-06-24,Gujarat
167,"Buch, Devi and Dora",Food & Dining,SME,Mumbai,2025-01-11,Maharashtra
168,Rajagopal Ltd,Travel & Transport,Micro,Guwahati,2024-07-18,Assam
169,Kala Inc,Electronics,Micro,Pune,2025-01-02,Maharashtra
170,Reddy-Narayanan,Fashion & Apparel,Micro,Jaipur,2024-05-15,Rajasthan
171,"Shukla, Sagar and Bhatia",Fashion & Apparel,SME,Bengaluru,2024-11-01,Karnataka
172,Salvi Group,Utilities/Bill Pay,Micro,Mumbai,2025-05-01,Maharashtra
173,"Bahri, Rai and Sood",Grocery,Micro,Mumbai,2024-07-20,Maharashtra
174,Pandey LLC,Food & Dining,SME,Kolkata,2025-05-15,West Bengal
175,Saini-Yohannan,Fashion & Apparel,Micro,Hyderabad,2025-03-11,Telangana
176,"Kannan, Sura and Kanda",Travel & Transport,Micro,Mumbai,2024-10-14,Maharashtra
177,Sarin-Sunder,Food & Dining,SME,Surat,2025-12-08,Gujarat
178,Ramachandran LLC,Grocery,Micro,Kolkata,2024-03-24,West Bengal
179,"Ravel, Gandhi and Sibal",Entertainment,Micro,Ahmedabad,2024-09-09,Gujarat
180,Walla Inc,Fashion & Apparel,SME,Delhi,2025-08-15,Delhi
181,Bala-Chacko,Fashion & Apparel,SME,Pune,2025-06-14,Maharashtra
182,"Sangha, Deshmukh and Shenoy",Kirana/Local Store,Micro,Pune,2025-09-08,Maharashtra
183,Bedi LLC,Grocery,Enterprise,Bengaluru,2024-11-05,Karnataka
184,Narang-Kakar,Fashion & Apparel,Micro,Coimbatore,2025-12-20,Tamil Nadu
185,Narain-Nazareth,Utilities/Bill Pay,Micro,Indore,2024-10-23,Madhya Pradesh
186,Mall-Sama,Education,SME,Kolkata,2025-10-16,West Bengal
187,Bumb-Singhal,Grocery,SME,Delhi,2025-06-26,Delhi
188,Zacharia Inc,Kirana/Local Store,Micro,Mumbai,2025-02-23,Maharashtra
189,Kapur-Biswas,Home Services,Micro,Patna,2025-04-10,Bihar
190,"Baria, Balasubramanian and Kota",Utilities/Bill Pay,SME,Delhi,2024-09-16,Delhi
191,Bahri PLC,Grocery,SME,Kochi,2025-03-03,Kerala
192,Khare and Sons,Entertainment,SME,Bengaluru,2025-08-17,Karnataka
193,Contractor-Kamdar,Food & Dining,SME,Chennai,2025-08-08,Tamil Nadu
194,Kunda-Pillay,Education,Enterprise,Pune,2025-02-20,Maharashtra
195,Contractor and Sons,Home Services,Micro,Mumbai,2025-12-03,Maharashtra
196,Chokshi-Bal,Fashion & Apparel,SME,Ranchi,2025-11-15,Jharkhand
197,Prashad-Ranganathan,Grocery,SME,Coimbatore,2024-12-22,Tamil Nadu
198,"Issac, Borra and Kibe",Electronics,SME,Chennai,2025-06-05,Tamil Nadu
199,Mitra Ltd,Utilities/Bill Pay,SME,Kolkata,2025-09-16,West Bengal
200,"Dara, Barman and Palan",Electronics,Micro,Patna,2024-07-07,Bihar
201,"Sangha, Prabhakar and Biswas",Electronics,Micro,Guwahati,2024-02-01,Assam
202,"Om, Arora and Salvi",Fuel,Micro,Kochi,2024-09-12,Kerala
203,Cherian-Sant,Food & Dining,Micro,Mumbai,2024-01-10,Maharashtra
204,Sharaf-Dua,Education,Micro,Pune,2025-08-18,Maharashtra
205,Goda-Vig,Food & Dining,Micro,Patna,2024-04-02,Bihar
206,"Madan, Yohannan and Sule",Kirana/Local Store,Micro,Jaipur,2025-12-14,Rajasthan
207,Sarin-Loyal,Electronics,SME,Kolkata,2025-08-22,West Bengal
208,Korpal-Chadha,Pharmacy,Micro,Kolkata,2024-12-15,West Bengal
209,Seshadri-Kohli,Food & Dining,Micro,Patna,2024-02-10,Bihar
210,Raghavan-Nayar,Fashion & Apparel,Micro,Guwahati,2024-11-13,Assam
211,Talwar LLC,Home Services,Micro,Nagpur,2025-02-02,Maharashtra
212,Sura and Sons,Food & Dining,SME,Bengaluru,2024-05-09,Karnataka
213,Kuruvilla-Oak,Fashion & Apparel,Micro,Hyderabad,2024-06-27,Telangana
214,Majumdar-Anne,Pharmacy,SME,Kochi,2025-04-12,Kerala
215,"Halder, Chada and Khurana",Fashion & Apparel,SME,Jaipur,2024-09-23,Rajasthan
216,"Ray, Suresh and Khosla",Grocery,Micro,Mumbai,2024-02-12,Maharashtra
217,"Soni, Swaminathan and Sem",Fashion & Apparel,Enterprise,Jaipur,2024-06-13,Rajasthan
218,Chander LLC,Travel & Transport,Micro,Jaipur,2024-12-12,Rajasthan
219,Ravel Ltd,Electronics,Micro,Hyderabad,2025-03-24,Telangana
220,Mohan Ltd,Kirana/Local Store,Micro,Chennai,2025-02-26,Tamil Nadu
221,"Pillay, Solanki and Wali",Kirana/Local Store,Micro,Mumbai,2024-02-09,Maharashtra
222,Sandal-Narayanan,Fashion & Apparel,Micro,Bengaluru,2024-06-07,Karnataka
223,Setty-Madan,Travel & Transport,Enterprise,Kolkata,2024-10-09,West Bengal
224,Krishnamurthy-Kashyap,Education,Enterprise,Mumbai,2024-12-10,Maharashtra
225,Hans LLC,Financial Services,Micro,Delhi,2025-06-22,Delhi
226,Wason Ltd,Grocery,Micro,Bhopal,2025-06-10,Madhya Pradesh
227,Handa and Sons,Fashion & Apparel,SME,Delhi,2024-12-20,Delhi
228,"Sule, Malhotra and Vohra",Grocery,Enterprise,Delhi,2025-03-28,Delhi
229,"Mandal, Chaudhry and Hari",Fashion & Apparel,SME,Kolkata,2025-02-19,West Bengal
230,Karan-Patel,Education,Enterprise,Mumbai,2024-06-12,Maharashtra
231,Mittal Inc,Fashion & Apparel,SME,Hyderabad,2024-09-02,Telangana
232,"Walla, Date and Mahal",Travel & Transport,Micro,Indore,2024-04-13,Madhya Pradesh
233,Bhagat PLC,Grocery,Micro,Pune,2025-04-18,Maharashtra
234,Date-Swaminathan,Grocery,Micro,Mumbai,2025-06-07,Maharashtra
235,Arora PLC,Food & Dining,SME,Ahmedabad,2025-10-25,Gujarat
236,Singh-Srinivas,Utilities/Bill Pay,Micro,Bengaluru,2025-02-02,Karnataka
237,Oak-Gour,Travel & Transport,Enterprise,Mumbai,2025-05-18,Maharashtra
238,Krishnan Group,Fashion & Apparel,SME,Nagpur,2024-06-11,Maharashtra
239,Bhattacharyya Group,Fuel,Micro,Delhi,2024-10-14,Delhi
240,Borah-Bera,Grocery,Micro,Hyderabad,2024-08-24,Telangana
241,Dixit PLC,Fashion & Apparel,SME,Hyderabad,2024-02-11,Telangana
242,Chada-Kothari,Grocery,Micro,Hyderabad,2025-06-24,Telangana
243,Saha PLC,Utilities/Bill Pay,Micro,Hyderabad,2024-11-14,Telangana
244,"Kara, Virk and Rai",Grocery,Micro,Delhi,2024-06-13,Delhi
245,Savant-Mishra,Grocery,SME,Hyderabad,2025-05-06,Telangana
246,"Sanghvi, Mody and Bhasin",Food & Dining,SME,Mumbai,2025-03-20,Maharashtra
247,"Chaudhary, Johal and Kakar",Travel & Transport,SME,Kochi,2025-11-07,Kerala
248,Bumb-Dugar,Fashion & Apparel,Enterprise,Bhopal,2024-09-24,Madhya Pradesh
249,Ghose PLC,Financial Services,Micro,Ahmedabad,2024-06-14,Gujarat
250,Dugar Inc,Grocery,Micro,Coimbatore,2024-05-03,Tamil Nadu
251,Seshadri-Singhal,Travel & Transport,Micro,Kochi,2025-07-27,Kerala
252,Bali-Kata,Utilities/Bill Pay,SME,Chennai,2024-01-23,Tamil Nadu
253,Mandal-Setty,Fashion & Apparel,Micro,Surat,2025-04-03,Gujarat
254,Kaur LLC,Fashion & Apparel,Micro,Mumbai,2025-03-14,Maharashtra
255,"Hora, Sandal and Contractor",Fashion & Apparel,Micro,Kochi,2024-02-04,Kerala
256,"Kar, Dixit and Lata",Entertainment,Micro,Ranchi,2025-01-14,Jharkhand
257,Bora Inc,Utilities/Bill Pay,Micro,Ahmedabad,2024-10-24,Gujarat
258,Mohanty PLC,Food & Dining,Micro,Pune,2025-05-30,Maharashtra
259,"Mani, Sarna and Dash",Travel & Transport,SME,Patna,2024-05-09,Bihar
260,Modi-Rau,Electronics,Enterprise,Delhi,2024-07-14,Delhi
261,Tella-Zacharia,Pharmacy,Micro,Lucknow,2025-07-22,Uttar Pradesh
262,Sarma-Buch,Grocery,Micro,Mumbai,2025-03-08,Maharashtra
263,"Baral, Sankaran and Naidu",Utilities/Bill Pay,Micro,Delhi,2025-03-17,Delhi
264,"Krishna, Bal and Chand",Financial Services,Micro,Pune,2024-01-19,Maharashtra
265,Bail Ltd,Pharmacy,SME,Delhi,2024-02-04,Delhi
266,Baria-Gill,Fashion & Apparel,SME,Bhopal,2025-09-26,Madhya Pradesh
267,Venkataraman-Sathe,Education,Micro,Kolkata,2024-04-09,West Bengal
268,Golla-Sarin,Pharmacy,Micro,Jaipur,2025-04-17,Rajasthan
269,"Swamy, Chand and Singhal",Kirana/Local Store,Enterprise,Pune,2024-07-01,Maharashtra
270,Rege-Nath,Fashion & Apparel,SME,Lucknow,2025-04-30,Uttar Pradesh
271,Cheema-Dyal,Grocery,Micro,Surat,2024-09-18,Gujarat
272,Sabharwal-Tandon,Fashion & Apparel,SME,Surat,2024-10-14,Gujarat
273,Rattan-Bansal,Pharmacy,Micro,Guwahati,2025-10-20,Assam
274,Chakrabarti-Murty,Kirana/Local Store,SME,Chennai,2025-06-18,Tamil Nadu
275,Naik-D’Alia,Food & Dining,Micro,Chennai,2025-01-23,Tamil Nadu
276,Varkey-Agarwal,Utilities/Bill Pay,Micro,Ahmedabad,2024-05-18,Gujarat
277,"Shere, Sachdev and Bhagat",Travel & Transport,SME,Bengaluru,2025-06-13,Karnataka
278,Vasa LLC,Pharmacy,Micro,Kolkata,2024-08-03,West Bengal
279,"Tara, Sathe and Behl",Pharmacy,Micro,Mumbai,2025-02-26,Maharashtra
280,Loke PLC,Utilities/Bill Pay,Micro,Surat,2024-03-31,Gujarat
281,Mani Group,Food & Dining,SME,Mumbai,2025-06-27,Maharashtra
282,"Sundaram, Dara and Balakrishnan",Grocery,SME,Ahmedabad,2025-04-16,Gujarat
283,"Khatri, Dutt and Mukhopadhyay",Fashion & Apparel,Micro,Indore,2024-04-30,Madhya Pradesh
284,"Atwal, Reddy and Chander",Food & Dining,Micro,Kolkata,2024-08-06,West Bengal
285,Comar Group,Travel & Transport,Micro,Delhi,2024-05-21,Delhi
286,Dube Group,Food & Dining,SME,Pune,2024-08-24,Maharashtra
287,"Manne, Upadhyay and Mahajan",Food & Dining,SME,Chennai,2025-06-25,Tamil Nadu
288,Subramanian-Sodhi,Pharmacy,Micro,Chennai,2025-01-30,Tamil Nadu
289,Shan PLC,Pharmacy,SME,Hyderabad,2024-10-01,Telangana
290,Rajagopal and Sons,Grocery,SME,Coimbatore,2025-08-17,Tamil Nadu
291,"Trivedi, Deshpande and Boase",Entertainment,SME,Bengaluru,2025-09-11,Karnataka
292,Sachdeva-Oak,Grocery,SME,Mumbai,2025-11-08,Maharashtra
293,"Loke, Agate and Mandal",Grocery,Micro,Bhopal,2024-09-16,Madhya Pradesh
294,"Misra, Suri and Dixit",Utilities/Bill Pay,Micro,Bengaluru,2025-08-23,Karnataka
295,Yohannan-Sule,Food & Dining,Micro,Mumbai,2025-10-21,Maharashtra
296,Natarajan-Purohit,Pharmacy,SME,Mumbai,2025-01-31,Maharashtra
297,Nagy-Gulati,Food & Dining,Micro,Mumbai,2024-04-05,Maharashtra
298,"Khare, Rajagopal and Kaur",Grocery,Micro,Pune,2025-11-16,Maharashtra
299,Bassi-Nadkarni,Travel & Transport,SME,Patna,2024-02-04,Bihar
300,"Solanki, Raj and Raju",Education,Micro,Bengaluru,2024-11-25,Karnataka
301,"Doshi, Tandon and Bansal",Entertainment,Micro,Kolkata,2024-03-28,West Bengal
302,Thakkar PLC,Grocery,SME,Delhi,2024-08-23,Delhi
303,Chaudhry-Sarraf,Food & Dining,Micro,Kolkata,2025-06-30,West Bengal
304,Vora Group,Kirana/Local Store,SME,Indore,2024-07-22,Madhya Pradesh
305,Dhawan Group,Fuel,Micro,Jaipur,2025-12-08,Rajasthan
306,"Dubey, Borde and Singh",Education,Micro,Pune,2024-07-18,Maharashtra
307,Nigam-Rao,Utilities/Bill Pay,SME,Lucknow,2025-07-24,Uttar Pradesh
308,"Buch, Narasimhan and Walla",Grocery,Enterprise,Ahmedabad,2025-12-16,Gujarat
309,Nadig-Sura,Grocery,SME,Chennai,2025-11-23,Tamil Nadu
310,"Banik, Biswas and Keer",Education,SME,Mumbai,2025-08-23,Maharashtra
311,"Mani, Karan and Chana",Pharmacy,Micro,Kolkata,2025-05-06,West Bengal
312,Chaudhari-Chaudhry,Entertainment,SME,Mumbai,2024-04-22,Maharashtra
313,Ganesan-Mistry,Entertainment,Micro,Mumbai,2025-06-24,Maharashtra
314,Batra LLC,Electronics,SME,Delhi,2025-05-16,Delhi
315,Memon LLC,Fuel,SME,Mumbai,2025-03-02,Maharashtra
316,Sankar-Dhingra,Financial Services,Enterprise,Delhi,2024-07-01,Delhi
317,Wali Group,Financial Services,Micro,Kolkata,2024-04-01,West Bengal
318,"Gole, Garde and Gill",Grocery,Micro,Hyderabad,2024-05-10,Telangana
319,Raja PLC,Fuel,Micro,Kolkata,2025-10-12,West Bengal
320,"Khosla, Tank and Dhar",Kirana/Local Store,Micro,Mumbai,2025-03-05,Maharashtra
321,Shenoy Ltd,Fuel,SME,Surat,2024-10-22,Gujarat
322,Sharaf-Kumer,Entertainment,SME,Delhi,2024-07-26,Delhi
323,"Andra, Shroff and Mani",Grocery,Enterprise,Bhopal,2025-01-30,Madhya Pradesh
324,"Dugar, Borah and Sathe",Education,Micro,Jaipur,2025-08-14,Rajasthan
325,Mistry-Samra,Food & Dining,Micro,Indore,2025-06-15,Madhya Pradesh
326,"Krishna, Shan and Mittal",Utilities/Bill Pay,Micro,Lucknow,2024-02-15,Uttar Pradesh
327,Rajagopalan Group,Pharmacy,SME,Mumbai,2025-02-26,Maharashtra
328,Khalsa Group,Food & Dining,Micro,Bhopal,2024-12-28,Madhya Pradesh
329,"Parmer, Merchant and Merchant",Electronics,SME,Jaipur,2024-04-16,Rajasthan
330,Randhawa LLC,Kirana/Local Store,SME,Jaipur,2025-07-10,Rajasthan
331,Bawa PLC,Electronics,SME,Chennai,2024-05-06,Tamil Nadu
332,"Taneja, Mangat and Karpe",Utilities/Bill Pay,Micro,Ahmedabad,2025-01-14,Gujarat
333,"Pandey, Kanda and Gupta",Home Services,SME,Jaipur,2025-11-12,Rajasthan
334,"Krishna, Devan and Chatterjee",Fuel,Micro,Patna,2025-09-01,Bihar
335,"Baral, More and Sastry",Fuel,Micro,Bengaluru,2024-04-26,Karnataka
336,Patla Ltd,Food & Dining,Enterprise,Patna,2024-03-23,Bihar
337,Chana LLC,Fashion & Apparel,SME,Chennai,2025-05-07,Tamil Nadu
338,Sagar-Gill,Food & Dining,Micro,Bhopal,2024-06-16,Madhya Pradesh
339,Deo PLC,Fashion & Apparel,SME,Hyderabad,2025-01-11,Telangana
340,Wali-Thaker,Grocery,SME,Mumbai,2024-01-10,Maharashtra
341,Gala-Kurian,Utilities/Bill Pay,SME,Mumbai,2025-09-22,Maharashtra
342,Merchant-Nigam,Fashion & Apparel,Micro,Kochi,2025-09-19,Kerala
343,Sidhu Inc,Grocery,Micro,Kolkata,2024-03-13,West Bengal
344,Kara Ltd,Food & Dining,SME,Guwahati,2024-08-13,Assam
345,"Ranganathan, Pau and Chana",Fashion & Apparel,SME,Guwahati,2025-08-24,Assam
346,Atwal-Lalla,Grocery,Enterprise,Jaipur,2025-08-10,Rajasthan
347,"Dasgupta, Sha and Pillay",Pharmacy,Micro,Surat,2024-03-29,Gujarat
348,"Lala, Raj and Prabhu",Grocery,SME,Delhi,2024-04-10,Delhi
349,Kaur Group,Fuel,Micro,Mumbai,2025-01-19,Maharashtra
350,Narang PLC,Grocery,SME,Ahmedabad,2024-11-07,Gujarat
351,Bhatnagar Ltd,Food & Dining,SME,Pune,2024-07-27,Maharashtra
352,Mittal-Rege,Utilities/Bill Pay,Micro,Chennai,2024-08-14,Tamil Nadu
353,Dey Inc,Grocery,Micro,Patna,2024-02-01,Bihar
354,Modi Group,Grocery,Micro,Mumbai,2025-03-22,Maharashtra
355,Chatterjee and Sons,Utilities/Bill Pay,Micro,Indore,2024-05-27,Madhya Pradesh
356,"Deshmukh, Rama and Setty",Fashion & Apparel,SME,Nagpur,2025-09-19,Maharashtra
357,Zachariah-Saini,Electronics,Enterprise,Mumbai,2025-05-09,Maharashtra
358,"Dubey, Sachdeva and Chaudhary",Financial Services,SME,Bengaluru,2025-03-18,Karnataka
359,Reddy-Mammen,Electronics,Micro,Nagpur,2024-07-14,Maharashtra
360,Prabhakar and Sons,Pharmacy,SME,Hyderabad,2025-12-22,Telangana
361,Saxena-Keer,Travel & Transport,Micro,Jaipur,2025-08-10,Rajasthan
362,Chaudhary-Pillai,Pharmacy,SME,Hyderabad,2024-06-07,Telangana
363,"Parmer, Bhat and Rao",Entertainment,Micro,Delhi,2024-03-09,Delhi
364,Gupta-Das,Fuel,Enterprise,Guwahati,2025-02-18,Assam
365,Chand-Kala,Financial Services,SME,Kolkata,2024-01-17,West Bengal
366,"Bail, Bedi and Nath",Travel & Transport,Enterprise,Bhopal,2024-06-21,Madhya Pradesh
367,Dass PLC,Grocery,SME,Bengaluru,2024-04-07,Karnataka
368,Biswas PLC,Food & Dining,Micro,Bengaluru,2024-03-23,Karnataka
369,Kalita and Sons,Education,SME,Kolkata,2025-02-27,West Bengal
370,Divan-Agate,Education,Micro,Patna,2024-11-08,Bihar
371,Dhillon-De,Fashion & Apparel,SME,Bengaluru,2024-06-14,Karnataka
372,"Krishna, Ghosh and Choudhary",Food & Dining,SME,Delhi,2024-05-09,Delhi
373,"Bal, Deep and Aurora",Food & Dining,Micro,Patna,2025-08-21,Bihar
374,Khanna-Naik,Home Services,Micro,Chandigarh,2024-12-11,Punjab
375,Ghosh LLC,Pharmacy,SME,Kochi,2024-05-01,Kerala
376,Date Ltd,Entertainment,Micro,Indore,2024-06-10,Madhya Pradesh
377,Vora-Comar,Fuel,Micro,Delhi,2024-08-26,Delhi
378,"Bhatt, Soni and Sen",Grocery,Micro,Surat,2024-10-26,Gujarat
379,Varghese-Chopra,Grocery,SME,Hyderabad,2024-02-21,Telangana
380,Thakur-Kant,Education,Micro,Pune,2024-10-25,Maharashtra
381,"Bassi, Verma and Mitra",Pharmacy,SME,Patna,2024-12-11,Bihar
382,Balasubramanian-Bhat,Grocery,SME,Pune,2024-06-10,Maharashtra
383,Ratti-Sandhu,Pharmacy,Micro,Bengaluru,2024-07-10,Karnataka
384,"Chokshi, Swaminathan and Sawhney",Grocery,Micro,Lucknow,2024-11-30,Uttar Pradesh
385,Buch LLC,Kirana/Local Store,Micro,Mumbai,2024-05-14,Maharashtra
386,"Divan, Bhatti and Date",Pharmacy,Micro,Delhi,2025-12-08,Delhi
387,Nair-Raj,Utilities/Bill Pay,Micro,Bengaluru,2025-10-07,Karnataka
388,"Wali, Menon and Setty",Utilities/Bill Pay,Enterprise,Bhopal,2025-01-14,Madhya Pradesh
389,"Sani, Chaudhary and Contractor",Financial Services,SME,Delhi,2025-07-25,Delhi
390,"Kale, Sani and Seth",Fuel,SME,Mumbai,2024-06-04,Maharashtra
391,Sachdev LLC,Pharmacy,SME,Indore,2024-04-16,Madhya Pradesh
392,Rastogi-Sagar,Utilities/Bill Pay,Micro,Ahmedabad,2024-04-17,Gujarat
393,"Chandran, Munshi and Sane",Electronics,Micro,Coimbatore,2024-05-24,Tamil Nadu
394,Kumer-Prasad,Home Services,SME,Mumbai,2025-08-13,Maharashtra
395,Som Inc,Financial Services,Micro,Surat,2024-02-03,Gujarat
396,Chada Inc,Food & Dining,Enterprise,Pune,2024-02-16,Maharashtra
397,Char-Pradhan,Fashion & Apparel,Micro,Chandigarh,2024-12-08,Punjab
398,Bhasin PLC,Fashion & Apparel,SME,Patna,2024-03-20,Bihar
399,"Narayan, Das and Roy",Fuel,SME,Mumbai,2024-09-02,Maharashtra
400,Sampath-Behl,Grocery,Micro,Pune,2024-02-24,Maharashtra
401,Muni-Pandey,Food & Dining,Micro,Ahmedabad,2024-11-20,Gujarat
402,Tripathi and Sons,Utilities/Bill Pay,Enterprise,Coimbatore,2024-08-10,Tamil Nadu
403,Subramaniam and Sons,Grocery,SME,Ahmedabad,2024-02-20,Gujarat
404,Palla PLC,Pharmacy,Micro,Chennai,2025-08-02,Tamil Nadu
405,Contractor-Mallick,Utilities/Bill Pay,SME,Hyderabad,2024-02-12,Telangana
406,"Kara, Sanghvi and Bal",Kirana/Local Store,Micro,Hyderabad,2025-05-26,Telangana
407,"Loke, Balakrishnan and Gole",Fashion & Apparel,Enterprise,Bengaluru,2025-11-12,Karnataka
408,More-Nori,Fashion & Apparel,Enterprise,Mumbai,2025-10-17,Maharashtra
409,Ahuja-Golla,Fuel,Micro,Mumbai,2025-04-17,Maharashtra
410,Rattan Inc,Financial Services,Micro,Kochi,2025-03-27,Kerala
411,Balasubramanian Inc,Electronics,Enterprise,Hyderabad,2025-05-24,Telangana
412,"Wali, Kale and Puri",Fashion & Apparel,Micro,Hyderabad,2024-01-31,Telangana
413,Setty-Om,Entertainment,Micro,Bengaluru,2025-03-14,Karnataka
414,Pingle LLC,Fashion & Apparel,SME,Surat,2024-06-10,Gujarat
415,"Nair, Chad and Ben",Fashion & Apparel,Micro,Kochi,2025-10-04,Kerala
416,Dugar PLC,Utilities/Bill Pay,Micro,Hyderabad,2024-02-18,Telangana
417,Bumb LLC,Travel & Transport,Micro,Delhi,2025-10-04,Delhi
418,Samra-Sunder,Grocery,Enterprise,Ahmedabad,2024-07-13,Gujarat
419,"Sathe, Sachdeva and Mahajan",Grocery,SME,Bhopal,2025-05-21,Madhya Pradesh
420,Vala Inc,Food & Dining,SME,Ahmedabad,2025-11-06,Gujarat
421,Sani-Choudhry,Grocery,Micro,Chennai,2024-09-09,Tamil Nadu
422,Sur-Vyas,Food & Dining,Micro,Surat,2024-11-27,Gujarat
423,"Morar, Bath and Kannan",Utilities/Bill Pay,Enterprise,Indore,2025-07-05,Madhya Pradesh
424,Bhakta-Amble,Grocery,Micro,Chennai,2024-03-24,Tamil Nadu
425,Mitra and Sons,Entertainment,Enterprise,Chennai,2024-05-15,Tamil Nadu
426,Kumer LLC,Kirana/Local Store,SME,Hyderabad,2025-01-25,Telangana
427,Dar-Amble,Food & Dining,SME,Mumbai,2025-12-13,Maharashtra
428,Sani-Gill,Fuel,Micro,Delhi,2024-11-14,Delhi
429,Rai PLC,Travel & Transport,SME,Bengaluru,2025-03-18,Karnataka
430,"Karpe, Tella and Pandya",Electronics,SME,Ahmedabad,2025-12-10,Gujarat
431,Ranganathan Ltd,Entertainment,Micro,Hyderabad,2024-03-31,Telangana
432,Sarin Inc,Electronics,Micro,Pune,2025-08-10,Maharashtra
433,Brahmbhatt-Munshi,Pharmacy,Enterprise,Delhi,2024-05-17,Delhi
434,"Sanghvi, Ravel and Sahni",Grocery,SME,Bengaluru,2025-04-15,Karnataka
435,Contractor-Ravel,Pharmacy,SME,Ahmedabad,2024-10-17,Gujarat
436,Nair and Sons,Grocery,Micro,Guwahati,2025-11-27,Assam
437,"Sharma, Pathak and Chakrabarti",Utilities/Bill Pay,Enterprise,Mumbai,2024-10-14,Maharashtra
438,Cherian-Kohli,Grocery,Micro,Hyderabad,2024-07-10,Telangana
439,Rattan-Viswanathan,Fashion & Apparel,Micro,Chennai,2025-11-06,Tamil Nadu
440,Randhawa LLC,Electronics,Micro,Bhopal,2024-10-10,Madhya Pradesh
441,"Nori, Kant and Nath",Pharmacy,Micro,Kolkata,2025-07-13,West Bengal
442,Bose PLC,Education,SME,Kolkata,2025-01-16,West Bengal
443,"Comar, Wali and Uppal",Pharmacy,Enterprise,Delhi,2025-08-28,Delhi
444,Palla LLC,Electronics,Micro,Delhi,2025-11-01,Delhi
445,"Divan, Keer and Chauhan",Fashion & Apparel,Micro,Mumbai,2024-04-28,Maharashtra
446,Kunda and Sons,Fashion & Apparel,Micro,Guwahati,2024-01-19,Assam
447,Dua Ltd,Financial Services,Micro,Mumbai,2024-11-13,Maharashtra
448,Goel Ltd,Grocery,Micro,Bengaluru,2025-12-13,Karnataka
449,Shetty-Sen,Utilities/Bill Pay,Micro,Hyderabad,2024-05-22,Telangana
450,"Naidu, Mutti and Dora",Electronics,Micro,Bengaluru,2025-05-03,Karnataka
451,Bir-Singh,Pharmacy,SME,Chennai,2024-02-02,Tamil Nadu
452,Mitter-Maharaj,Fashion & Apparel,SME,Surat,2025-03-08,Gujarat
453,"Bhalla, Pandey and Tripathi",Fuel,Micro,Coimbatore,2025-07-07,Tamil Nadu
454,Mukherjee Group,Kirana/Local Store,Micro,Delhi,2024-05-23,Delhi
455,Barad-Bhandari,Education,Micro,Jaipur,2025-09-13,Rajasthan
456,Mangat-Bose,Financial Services,SME,Bengaluru,2024-12-05,Karnataka
457,"Chana, Tripathi and Rajagopalan",Grocery,Micro,Chandigarh,2025-12-16,Punjab
458,Barman-Sengupta,Utilities/Bill Pay,Micro,Kolkata,2024-07-06,West Bengal
459,"Guha, Nagy and Soni",Travel & Transport,SME,Hyderabad,2025-04-16,Telangana
460,"Dora, Bhatia and Seshadri",Pharmacy,Micro,Mumbai,2025-01-13,Maharashtra
461,Oza Ltd,Food & Dining,Micro,Ranchi,2024-11-03,Jharkhand
462,Thaman Ltd,Grocery,SME,Bhopal,2025-06-22,Madhya Pradesh
463,Baral and Sons,Utilities/Bill Pay,Micro,Ahmedabad,2024-02-12,Gujarat
464,"Sarma, Sarna and Viswanathan",Electronics,Micro,Delhi,2025-09-24,Delhi
465,"Dutt, Patla and Pradhan",Grocery,SME,Ahmedabad,2025-12-30,Gujarat
466,Ram-Rege,Fuel,SME,Mumbai,2024-10-24,Maharashtra
467,Ben-Natt,Fashion & Apparel,Micro,Bengaluru,2024-09-22,Karnataka
468,Narayan Inc,Financial Services,Micro,Coimbatore,2024-02-07,Tamil Nadu
469,"Raju, Mander and Krishnan",Grocery,Micro,Chandigarh,2024-09-20,Punjab
470,"Doctor, Nath and Bumb",Travel & Transport,Micro,Pune,2025-04-03,Maharashtra
471,"Dhaliwal, Palla and Mukherjee",Pharmacy,Micro,Indore,2025-02-26,Madhya Pradesh
472,"Ramanathan, Dayal and Chad",Food & Dining,Micro,Delhi,2024-08-24,Delhi
473,Puri-Narasimhan,Grocery,Micro,Ahmedabad,2025-07-07,Gujarat
474,Vyas Inc,Financial Services,Micro,Delhi,2025-09-19,Delhi
475,"Sampath, Trivedi and Pathak",Utilities/Bill Pay,SME,Delhi,2025-12-01,Delhi
476,Patil LLC,Grocery,SME,Patna,2025-02-26,Bihar
477,Kala LLC,Home Services,Micro,Jaipur,2024-04-18,Rajasthan
478,Handa-Kara,Utilities/Bill Pay,Micro,Kolkata,2025-01-04,West Bengal
479,Dubey Inc,Utilities/Bill Pay,Micro,Coimbatore,2025-07-08,Tamil Nadu
480,Chaudhuri-Tripathi,Utilities/Bill Pay,SME,Pune,2024-03-20,Maharashtra
481,"Vyas, Barad and Nayar",Entertainment,SME,Mumbai,2025-03-06,Maharashtra
482,"Deep, Puri and Dube",Pharmacy,SME,Mumbai,2025-04-05,Maharashtra
483,Golla Ltd,Home Services,Micro,Bengaluru,2025-07-18,Karnataka
484,"Gandhi, Sarma and Bassi",Home Services,SME,Delhi,2024-02-28,Delhi
485,Patla-Khanna,Financial Services,Micro,Delhi,2024-12-30,Delhi
486,Mane-Sen,Utilities/Bill Pay,Micro,Kolkata,2025-07-03,West Bengal
487,Walla and Sons,Travel & Transport,Micro,Jaipur,2025-12-10,Rajasthan
488,Singh-Hari,Home Services,Micro,Bhopal,2025-02-07,Madhya Pradesh
489,Sastry-Shenoy,Utilities/Bill Pay,SME,Mumbai,2025-01-19,Maharashtra
490,Raja-Thakkar,Grocery,Micro,Kochi,2025-06-01,Kerala
491,"Sahota, Edwin and Iyengar",Fashion & Apparel,Micro,Chennai,2024-09-06,Tamil Nadu
492,"Devi, Krishna and Ben",Kirana/Local Store,Micro,Lucknow,2024-05-06,Uttar Pradesh
493,"Srivastava, Prabhu and Chauhan",Home Services,Micro,Ahmedabad,2024-10-20,Gujarat
494,"Varty, Dash and Mane",Pharmacy,Micro,Chennai,2025-09-19,Tamil Nadu
495,Dyal LLC,Fashion & Apparel,Micro,Delhi,2025-09-23,Delhi
496,Varghese-Din,Utilities/Bill Pay,SME,Chandigarh,2025-05-02,Punjab
497,Chand-Kapadia,Food & Dining,Micro,Bengaluru,2025-05-22,Karnataka
498,Palla-Bala,Travel & Transport,SME,Surat,2024-10-18,Gujarat
499,Bera-Randhawa,Fashion & Apparel,Micro,Pune,2025-11-05,Maharashtra
500,"Prakash, Keer and Raju",Food & Dining,Enterprise,Chennai,2024-04-04,Tamil Nadu
501,Prasad and Sons,Fuel,SME,Mumbai,2024-06-05,Maharashtra
502,Nagar Inc,Home Services,Micro,Ahmedabad,2024-12-28,Gujarat
503,"Nayak, Dhingra and Devan",Utilities/Bill Pay,SME,Mumbai,2024-09-23,Maharashtra
504,Mangat Group,Fuel,Micro,Surat,2024-04-25,Gujarat
505,"Dewan, Singh and Sen",Food & Dining,SME,Ahmedabad,2024-03-09,Gujarat
506,"Ahluwalia, Buch and Bahl",Grocery,SME,Bengaluru,2025-03-17,Karnataka
507,Kale-Doctor,Fashion & Apparel,Micro,Surat,2025-07-31,Gujarat
508,"Wable, Sampath and Choudhry",Fuel,Micro,Patna,2024-09-12,Bihar
509,Khanna-Mitra,Grocery,Micro,Mumbai,2025-04-17,Maharashtra
510,Batta and Sons,Kirana/Local Store,SME,Indore,2025-11-02,Madhya Pradesh
511,Shankar-Bhatnagar,Travel & Transport,Micro,Nagpur,2024-03-26,Maharashtra
512,Tata PLC,Electronics,SME,Lucknow,2025-12-01,Uttar Pradesh
513,"Babu, Varma and Khurana",Kirana/Local Store,SME,Hyderabad,2024-12-28,Telangana
514,"Dhawan, Manne and Sanghvi",Utilities/Bill Pay,Micro,Delhi,2024-03-27,Delhi
515,Pandit and Sons,Utilities/Bill Pay,Micro,Kolkata,2024-08-26,West Bengal
516,"Saha, Grover and Chada",Grocery,SME,Mumbai,2024-07-14,Maharashtra
517,"Patel, Bir and Vora",Pharmacy,Micro,Nagpur,2025-01-10,Maharashtra
518,"Tripathi, Tripathi and Bahri",Electronics,SME,Bengaluru,2024-06-23,Karnataka
519,Singhal-Bassi,Utilities/Bill Pay,Micro,Bengaluru,2025-02-22,Karnataka
520,"Ram, Prakash and Kulkarni",Food & Dining,Micro,Bengaluru,2025-09-27,Karnataka
521,"Babu, Parikh and Bir",Travel & Transport,Micro,Bengaluru,2024-03-06,Karnataka
522,Khosla-Chawla,Food & Dining,Micro,Bhopal,2024-09-29,Madhya Pradesh
523,"Natarajan, Deol and Basu",Food & Dining,Micro,Bengaluru,2025-03-14,Karnataka
524,Nigam-Gill,Food & Dining,Micro,Coimbatore,2024-09-07,Tamil Nadu
525,"Shetty, Srinivas and Gopal",Fuel,Micro,Bhopal,2024-12-29,Madhya Pradesh
526,Bhatnagar Ltd,Utilities/Bill Pay,Micro,Bengaluru,2025-11-09,Karnataka
527,Bansal-Memon,Entertainment,SME,Jaipur,2025-09-18,Rajasthan
528,Bassi and Sons,Entertainment,Micro,Ranchi,2024-03-14,Jharkhand
529,Mutti LLC,Financial Services,SME,Chennai,2024-10-28,Tamil Nadu
530,"Rao, Solanki and Kulkarni",Grocery,SME,Indore,2025-07-29,Madhya Pradesh
531,Halder LLC,Fashion & Apparel,Micro,Bengaluru,2025-12-06,Karnataka
532,Batta-Narula,Fashion & Apparel,Micro,Indore,2025-09-13,Madhya Pradesh
533,Dash-Pillai,Grocery,SME,Indore,2024-10-20,Madhya Pradesh
534,Ratta-Sarraf,Food & Dining,Micro,Kolkata,2024-10-20,West Bengal
535,Nori-Grover,Fashion & Apparel,Enterprise,Delhi,2024-10-13,Delhi
536,Tank-Pillai,Fuel,Micro,Bengaluru,2024-02-08,Karnataka
537,"Loke, Butala and Samra",Entertainment,SME,Coimbatore,2025-06-03,Tamil Nadu
538,Sani PLC,Food & Dining,SME,Chennai,2025-08-23,Tamil Nadu
539,Memon LLC,Utilities/Bill Pay,Micro,Lucknow,2024-03-20,Uttar Pradesh
540,Buch LLC,Travel & Transport,SME,Mumbai,2024-05-03,Maharashtra
541,"Merchant, Mohan and Sehgal",Financial Services,Micro,Lucknow,2024-10-25,Uttar Pradesh
542,"Sandhu, Ganesan and Sawhney",Entertainment,SME,Chennai,2024-12-25,Tamil Nadu
543,Sekhon-Basak,Home Services,SME,Mumbai,2025-05-05,Maharashtra
544,"Pandit, Saran and Maharaj",Fuel,SME,Delhi,2024-10-05,Delhi
545,"Bhandari, Borde and Ravi",Pharmacy,Micro,Chennai,2025-12-02,Tamil Nadu
546,Varghese-Dutta,Pharmacy,Micro,Delhi,2025-12-16,Delhi
547,Dhar PLC,Financial Services,SME,Pune,2025-11-27,Maharashtra
548,"Sarma, Banerjee and Date",Utilities/Bill Pay,Micro,Bhopal,2025-03-23,Madhya Pradesh
549,Keer Ltd,Grocery,Micro,Bengaluru,2025-10-10,Karnataka
550,Pathak-Rajagopal,Fashion & Apparel,SME,Surat,2025-10-11,Gujarat
551,"Bali, Dube and Sengupta",Kirana/Local Store,Micro,Mumbai,2025-07-28,Maharashtra
552,Prabhu-Sawhney,Travel & Transport,Enterprise,Lucknow,2025-03-25,Uttar Pradesh
553,Devan PLC,Pharmacy,Micro,Mumbai,2024-11-08,Maharashtra
554,Rao-Murthy,Electronics,SME,Indore,2025-04-06,Madhya Pradesh
555,"Mallick, Krish and Comar",Food & Dining,SME,Jaipur,2025-03-27,Rajasthan
556,Grewal Group,Food & Dining,Micro,Guwahati,2024-12-20,Assam
557,"Ram, Dalal and Lala",Food & Dining,SME,Kochi,2025-12-05,Kerala
558,Sehgal-Kala,Electronics,SME,Bhopal,2025-01-15,Madhya Pradesh
559,"Mangal, Swaminathan and Iyengar",Electronics,SME,Coimbatore,2024-04-05,Tamil Nadu
560,Deshmukh Inc,Food & Dining,Micro,Bengaluru,2025-02-20,Karnataka
561,Gera-Saxena,Electronics,SME,Chennai,2025-05-21,Tamil Nadu
562,Nagarajan Ltd,Fashion & Apparel,Micro,Bengaluru,2025-08-22,Karnataka
563,Bhattacharyya-Mannan,Home Services,SME,Bengaluru,2024-12-20,Karnataka
564,Dugar-Ghosh,Travel & Transport,Micro,Patna,2025-08-21,Bihar
565,Trivedi-Kapur,Grocery,SME,Chennai,2024-06-04,Tamil Nadu
566,Iyer and Sons,Kirana/Local Store,Micro,Chandigarh,2025-08-25,Punjab
567,Tak Inc,Electronics,Micro,Chennai,2024-01-12,Tamil Nadu
568,Pillay-Sibal,Home Services,Enterprise,Kolkata,2025-04-16,West Bengal
569,"Dayal, Chadha and Bhatti",Home Services,Micro,Indore,2025-03-23,Madhya Pradesh
570,Rao-Srinivas,Kirana/Local Store,Micro,Delhi,2024-05-16,Delhi
571,"Roy, Rout and Borah",Electronics,SME,Chennai,2025-05-20,Tamil Nadu
572,Nadig Ltd,Entertainment,SME,Kolkata,2025-12-07,West Bengal
573,Sengupta Group,Financial Services,SME,Mumbai,2025-03-19,Maharashtra
574,"Varughese, Padmanabhan and Dave",Education,Micro,Indore,2024-08-17,Madhya Pradesh
575,"Gopal, Dayal and Sant",Travel & Transport,Micro,Mumbai,2024-08-13,Maharashtra
576,"Bhakta, Dash and Vasa",Financial Services,SME,Patna,2025-10-22,Bihar
577,Modi and Sons,Pharmacy,SME,Bengaluru,2025-02-24,Karnataka
578,Naidu Ltd,Fashion & Apparel,Micro,Bengaluru,2024-04-13,Karnataka
579,Pal PLC,Utilities/Bill Pay,Enterprise,Hyderabad,2025-01-26,Telangana
580,Brar-Krishna,Utilities/Bill Pay,Micro,Ahmedabad,2025-08-12,Gujarat
581,Maharaj and Sons,Grocery,SME,Mumbai,2025-06-11,Maharashtra
582,"Mitter, Walla and Chander",Travel & Transport,Micro,Chennai,2025-12-22,Tamil Nadu
583,"Ganguly, Dube and Garg",Fuel,SME,Chennai,2024-05-15,Tamil Nadu
584,"Nazareth, Barman and Balakrishnan",Grocery,SME,Lucknow,2025-03-21,Uttar Pradesh
585,Bath Ltd,Pharmacy,Micro,Bhopal,2024-09-16,Madhya Pradesh
586,"Lanka, Kade and Saha",Fuel,Micro,Chennai,2024-02-28,Tamil Nadu
587,"Balasubramanian, Tank and Mann",Grocery,Micro,Kolkata,2025-06-02,West Bengal
588,"Mittal, Subramanian and Konda",Entertainment,SME,Pune,2024-10-01,Maharashtra
589,"Ravi, Mishra and Setty",Travel & Transport,Micro,Hyderabad,2024-06-23,Telangana
590,Bhasin and Sons,Utilities/Bill Pay,Micro,Kolkata,2025-08-28,West Bengal
591,Sagar-Sule,Utilities/Bill Pay,Micro,Delhi,2024-04-24,Delhi
592,Jani-Oak,Pharmacy,SME,Lucknow,2024-03-19,Uttar Pradesh
593,"Dhawan, Munshi and Nagar",Fashion & Apparel,Micro,Kolkata,2024-08-17,West Bengal
594,"Pai, Rastogi and De",Utilities/Bill Pay,SME,Pune,2025-11-02,Maharashtra
595,Varma-Cherian,Fuel,Micro,Delhi,2024-07-23,Delhi
596,Khurana-Shukla,Entertainment,SME,Nagpur,2024-12-23,Maharashtra
597,Loke Group,Food & Dining,SME,Lucknow,2024-10-17,Uttar Pradesh
598,Dhaliwal Inc,Education,SME,Surat,2025-04-17,Gujarat
599,Mannan Group,Entertainment,Micro,Jaipur,2024-05-29,Rajasthan
600,"Sahota, Kothari and Dutta",Food & Dining,Micro,Kochi,2024-08-28,Kerala
601,Munshi-Gupta,Grocery,Micro,Jaipur,2024-08-18,Rajasthan
602,Tara PLC,Food & Dining,Micro,Lucknow,2024-02-07,Uttar Pradesh
603,Tara-Morar,Home Services,Micro,Ahmedabad,2024-05-28,Gujarat
604,Bajaj-Chana,Grocery,SME,Chandigarh,2024-04-13,Punjab
605,Tiwari-Shankar,Entertainment,Micro,Lucknow,2024-06-21,Uttar Pradesh
606,Kale PLC,Entertainment,Micro,Jaipur,2025-12-17,Rajasthan
607,Bava-Bedi,Pharmacy,SME,Hyderabad,2025-02-13,Telangana
608,Talwar-Singhal,Grocery,Micro,Delhi,2025-11-18,Delhi
609,Yadav-Anand,Fuel,Enterprise,Hyderabad,2025-06-07,Telangana
610,Sankar and Sons,Food & Dining,SME,Delhi,2025-11-12,Delhi
611,Pau-Rau,Electronics,SME,Bengaluru,2024-03-19,Karnataka
612,Bath-Rattan,Financial Services,SME,Kochi,2025-09-03,Kerala
613,Hayer LLC,Grocery,Micro,Lucknow,2024-07-07,Uttar Pradesh
614,"Mani, Borah and Raju",Travel & Transport,Micro,Chennai,2025-12-11,Tamil Nadu
615,"Seshadri, Mammen and Dani",Kirana/Local Store,SME,Delhi,2025-04-26,Delhi
616,Chatterjee Group,Electronics,Micro,Mumbai,2024-08-29,Maharashtra
617,Nori-Pau,Education,Micro,Coimbatore,2025-04-05,Tamil Nadu
618,Issac PLC,Utilities/Bill Pay,Micro,Pune,2025-12-21,Maharashtra
619,"Ratti, Tella and Baria",Food & Dining,Micro,Patna,2024-02-16,Bihar
620,Barad and Sons,Fashion & Apparel,Micro,Kolkata,2025-09-29,West Bengal
621,"Nath, Som and Venkataraman",Entertainment,Micro,Pune,2024-06-01,Maharashtra
622,Dixit-Varma,Pharmacy,Micro,Hyderabad,2024-01-30,Telangana
623,Narang PLC,Pharmacy,Enterprise,Delhi,2024-08-07,Delhi
624,Gaba-Ramaswamy,Food & Dining,SME,Chennai,2025-03-29,Tamil Nadu
625,"Mistry, Nayar and Tripathi",Travel & Transport,Micro,Delhi,2024-05-21,Delhi
626,"Walia, Suri and Mistry",Fashion & Apparel,Micro,Jaipur,2025-08-18,Rajasthan
627,Badal-Pillay,Fashion & Apparel,Enterprise,Ranchi,2025-01-28,Jharkhand
628,Choudhary-Saha,Pharmacy,Micro,Jaipur,2025-06-09,Rajasthan
629,"Morar, Bala and Som",Fashion & Apparel,SME,Delhi,2025-05-21,Delhi
630,Kari-Behl,Food & Dining,Enterprise,Nagpur,2025-03-06,Maharashtra
631,"Srinivasan, Garde and Viswanathan",Travel & Transport,SME,Pune,2024-10-31,Maharashtra
632,"Rai, Divan and Kibe",Fashion & Apparel,Micro,Patna,2025-01-10,Bihar
633,Choudhary and Sons,Fuel,Micro,Hyderabad,2025-06-16,Telangana
634,Sastry LLC,Home Services,SME,Pune,2024-04-06,Maharashtra
635,Doshi-Sachar,Fuel,Micro,Delhi,2024-09-11,Delhi
636,"Jani, Roy and Thaker",Fashion & Apparel,Micro,Mumbai,2025-05-14,Maharashtra
637,"Sinha, Bhatia and Devi",Pharmacy,SME,Delhi,2024-03-28,Delhi
638,"Johal, Nair and Sridhar",Utilities/Bill Pay,Micro,Patna,2025-12-17,Bihar
639,"Puri, Murthy and Ghose",Pharmacy,Micro,Bengaluru,2024-03-05,Karnataka
640,Walia-Oommen,Utilities/Bill Pay,Micro,Surat,2025-07-12,Gujarat
641,"Pandya, Lalla and Sule",Pharmacy,SME,Hyderabad,2025-11-12,Telangana
642,Koshy LLC,Pharmacy,Micro,Bengaluru,2025-08-10,Karnataka
643,"Misra, Kar and Mishra",Fashion & Apparel,Micro,Kolkata,2025-08-20,West Bengal
644,Johal-Suresh,Kirana/Local Store,SME,Guwahati,2025-01-23,Assam
645,Srinivasan-Palla,Education,Enterprise,Kolkata,2025-11-24,West Bengal
646,"Mahal, Mani and Dara",Utilities/Bill Pay,Micro,Patna,2025-01-28,Bihar
647,"Raghavan, Rana and Pai",Food & Dining,Micro,Pune,2025-07-16,Maharashtra
648,Mannan Inc,Home Services,Micro,Pune,2025-04-05,Maharashtra
649,Brar-Pal,Grocery,Micro,Lucknow,2024-10-25,Uttar Pradesh
650,Kunda-Srinivas,Food & Dining,SME,Hyderabad,2024-08-28,Telangana
651,Jaggi PLC,Kirana/Local Store,SME,Nagpur,2024-12-24,Maharashtra
652,Magar-Devan,Fashion & Apparel,Micro,Kochi,2025-08-15,Kerala
653,Khatri and Sons,Financial Services,SME,Chennai,2024-05-01,Tamil Nadu
654,Wali and Sons,Electronics,Enterprise,Pune,2025-06-07,Maharashtra
655,"Kaul, Ben and Chaudhry",Pharmacy,Micro,Mumbai,2024-03-25,Maharashtra
656,Narayanan-Sodhi,Grocery,Micro,Bengaluru,2025-01-10,Karnataka
657,Devan Inc,Grocery,Micro,Delhi,2025-07-22,Delhi
658,"Dugar, Ray and Soni",Food & Dining,SME,Coimbatore,2024-10-07,Tamil Nadu
659,Iyengar-Mani,Fuel,Micro,Bengaluru,2025-03-04,Karnataka
660,Mangal-Bhargava,Kirana/Local Store,Micro,Bengaluru,2024-07-02,Karnataka
661,Kata PLC,Education,Enterprise,Ranchi,2024-07-07,Jharkhand
662,"Barad, Gill and Sahni",Food & Dining,SME,Jaipur,2024-07-07,Rajasthan
663,Bansal Group,Electronics,Micro,Mumbai,2025-10-27,Maharashtra
664,Grewal-Mann,Travel & Transport,Micro,Chennai,2025-06-17,Tamil Nadu
665,Andra LLC,Fashion & Apparel,SME,Bhopal,2024-06-16,Madhya Pradesh
666,"Chhabra, Nayak and Mane",Food & Dining,SME,Bengaluru,2024-03-13,Karnataka
667,Viswanathan-Tak,Electronics,Enterprise,Surat,2024-09-03,Gujarat
668,Thaman Group,Kirana/Local Store,SME,Bengaluru,2025-05-28,Karnataka
669,Hans-Chowdhury,Utilities/Bill Pay,SME,Surat,2024-09-27,Gujarat
670,Gaba-Shanker,Pharmacy,Micro,Bhopal,2024-03-14,Madhya Pradesh
671,"Kurian, Grewal and Atwal",Pharmacy,Micro,Mumbai,2024-01-26,Maharashtra
672,"Nazareth, Merchant and Hans",Utilities/Bill Pay,Micro,Mumbai,2024-09-05,Maharashtra
673,Ravi Group,Pharmacy,SME,Indore,2025-05-04,Madhya Pradesh
674,"Narang, Chadha and Rattan",Entertainment,Micro,Kolkata,2025-05-08,West Bengal
675,"Chandran, Goyal and Dey",Food & Dining,SME,Patna,2024-03-13,Bihar
676,Naik-Kothari,Fashion & Apparel,Micro,Patna,2025-04-05,Bihar
677,Lal Group,Grocery,Micro,Coimbatore,2024-09-29,Tamil Nadu
678,Sekhon LLC,Fuel,Micro,Pune,2024-04-08,Maharashtra
679,Mittal-Apte,Food & Dining,SME,Nagpur,2024-11-01,Maharashtra
680,Parsa-Keer,Electronics,Micro,Pune,2025-03-27,Maharashtra
681,Dani Group,Fashion & Apparel,Micro,Bengaluru,2024-05-11,Karnataka
682,Dutta-Ravi,Travel & Transport,Micro,Surat,2025-08-15,Gujarat
683,"Thakkar, Mukhopadhyay and Dalal",Food & Dining,Micro,Kochi,2024-12-05,Kerala
684,"Merchant, Pillai and Kant",Home Services,SME,Indore,2025-11-05,Madhya Pradesh
685,Deol Group,Fuel,Micro,Chandigarh,2024-11-11,Punjab
686,Sha Ltd,Fuel,SME,Jaipur,2025-05-17,Rajasthan
687,"Prakash, Sagar and Sinha",Fashion & Apparel,Micro,Kochi,2025-01-28,Kerala
688,"Kamdar, Kota and Bumb",Grocery,Micro,Hyderabad,2025-12-01,Telangana
689,"Sekhon, Wable and Pathak",Food & Dining,Micro,Mumbai,2025-11-24,Maharashtra
690,Choudhury Inc,Food & Dining,Micro,Ranchi,2025-04-02,Jharkhand
691,"Tiwari, Jain and Yadav",Grocery,Micro,Coimbatore,2024-11-27,Tamil Nadu
692,Gala LLC,Pharmacy,Micro,Pune,2024-04-18,Maharashtra
693,"Sathe, Dada and Jha",Grocery,SME,Lucknow,2024-05-10,Uttar Pradesh
694,"Suresh, Chand and Uppal",Fashion & Apparel,SME,Jaipur,2025-08-26,Rajasthan
695,Bhakta-Setty,Education,Micro,Bengaluru,2025-12-25,Karnataka
696,Varghese Group,Grocery,Micro,Mumbai,2025-10-07,Maharashtra
697,Bhardwaj-Shere,Financial Services,Micro,Delhi,2025-11-06,Delhi
698,"Morar, Bains and Randhawa",Utilities/Bill Pay,SME,Surat,2025-03-03,Gujarat
699,Aggarwal-Kamdar,Pharmacy,SME,Bengaluru,2024-01-28,Karnataka
700,"Bora, Bath and Sampath",Pharmacy,SME,Bengaluru,2025-01-13,Karnataka
701,Bhatt-Bhasin,Utilities/Bill Pay,Micro,Kolkata,2025-06-01,West Bengal
702,Sodhi Inc,Fashion & Apparel,Micro,Bengaluru,2025-05-02,Karnataka
703,Rege-Gole,Food & Dining,SME,Kolkata,2025-01-10,West Bengal
704,Salvi LLC,Kirana/Local Store,Micro,Coimbatore,2025-06-30,Tamil Nadu
705,Sen-Purohit,Food & Dining,Micro,Bengaluru,2025-07-01,Karnataka
706,Buch-Zacharia,Utilities/Bill Pay,Enterprise,Delhi,2024-05-06,Delhi
707,Pall Inc,Grocery,SME,Delhi,2024-10-26,Delhi
708,Yogi Group,Grocery,SME,Pune,2025-10-29,Maharashtra
709,"Datta, Kapoor and Aggarwal",Grocery,Micro,Delhi,2025-06-23,Delhi
710,Misra Group,Utilities/Bill Pay,Micro,Surat,2025-02-16,Gujarat
711,"Samra, Wali and Raghavan",Grocery,SME,Bengaluru,2024-03-22,Karnataka
712,Kota Group,Fashion & Apparel,Micro,Pune,2024-04-21,Maharashtra
713,Dubey-Majumdar,Fuel,Enterprise,Bengaluru,2024-07-18,Karnataka
714,Chowdhury Inc,Food & Dining,Micro,Hyderabad,2024-11-11,Telangana
715,"Saini, Babu and Khosla",Grocery,Micro,Indore,2025-04-25,Madhya Pradesh
716,Bhavsar Inc,Electronics,Micro,Pune,2025-11-26,Maharashtra
717,"Bandi, Sekhon and Bava",Travel & Transport,Micro,Hyderabad,2024-08-15,Telangana
718,Basu Group,Electronics,SME,Kochi,2025-06-28,Kerala
719,Kaur-Zacharia,Grocery,Micro,Jaipur,2025-12-24,Rajasthan
720,Bhalla and Sons,Education,Micro,Bengaluru,2024-01-16,Karnataka
721,"Mann, Kaur and Nagar",Utilities/Bill Pay,Micro,Chennai,2025-06-07,Tamil Nadu
722,"Nagi, Khalsa and Mittal",Grocery,Micro,Indore,2024-09-22,Madhya Pradesh
723,Verma and Sons,Entertainment,Micro,Delhi,2024-01-30,Delhi
724,Mital-Maharaj,Financial Services,SME,Nagpur,2024-11-11,Maharashtra
725,Gill Ltd,Fuel,Micro,Chennai,2024-07-15,Tamil Nadu
726,"Sane, Tandon and Batta",Kirana/Local Store,Micro,Hyderabad,2024-01-12,Telangana
727,Raj-Vohra,Fashion & Apparel,Micro,Hyderabad,2025-07-02,Telangana
728,Saha-Rege,Home Services,Micro,Indore,2025-02-12,Madhya Pradesh
729,Mital Group,Food & Dining,Micro,Delhi,2025-12-08,Delhi
730,Yogi Group,Pharmacy,Micro,Mumbai,2025-10-29,Maharashtra
731,Kar LLC,Utilities/Bill Pay,Micro,Kolkata,2025-03-27,West Bengal
732,"Dhawan, Sheth and Bhardwaj",Grocery,Enterprise,Delhi,2025-11-22,Delhi
733,"Sachar, Saha and Wagle",Fashion & Apparel,Micro,Chennai,2025-01-08,Tamil Nadu
734,Rama and Sons,Fashion & Apparel,SME,Bengaluru,2024-09-04,Karnataka
735,Jani-Narayanan,Grocery,Micro,Ahmedabad,2024-02-15,Gujarat
736,"Brar, Sengupta and Prabhakar",Education,Micro,Ranchi,2024-11-28,Jharkhand
737,Wason Ltd,Pharmacy,SME,Hyderabad,2025-06-28,Telangana
738,Behl LLC,Grocery,SME,Ahmedabad,2025-06-28,Gujarat
739,Baral-Bora,Grocery,Micro,Delhi,2024-05-07,Delhi
740,Kalla Group,Grocery,Micro,Surat,2024-01-10,Gujarat
741,Natarajan LLC,Grocery,Enterprise,Bhopal,2025-06-23,Madhya Pradesh
742,Kakar and Sons,Food & Dining,SME,Chennai,2024-03-23,Tamil Nadu
743,"Dalal, Srinivas and Kibe",Food & Dining,Micro,Bhopal,2024-07-26,Madhya Pradesh
744,"Jayaraman, Ranganathan and Khatri",Food & Dining,SME,Hyderabad,2025-05-29,Telangana
745,"Nagy, Mandal and Rai",Fashion & Apparel,SME,Nagpur,2024-04-30,Maharashtra
746,Walla-Parmer,Fashion & Apparel,SME,Patna,2024-11-17,Bihar
747,Lal-Parsa,Home Services,Micro,Kolkata,2025-03-14,West Bengal
748,"Tank, Shukla and Chaudhari",Grocery,SME,Ahmedabad,2024-04-07,Gujarat
749,"Singh, Nagarajan and Jani",Travel & Transport,SME,Guwahati,2025-03-01,Assam
750,Munshi-Sachdev,Pharmacy,SME,Guwahati,2024-10-10,Assam
751,Kant Ltd,Pharmacy,Micro,Lucknow,2024-03-20,Uttar Pradesh
752,Babu LLC,Home Services,Micro,Pune,2025-08-03,Maharashtra
753,"Sahni, Merchant and Dua",Kirana/Local Store,Micro,Delhi,2024-02-12,Delhi
754,Narayan and Sons,Education,SME,Coimbatore,2024-12-12,Tamil Nadu
755,Korpal-Tata,Pharmacy,Micro,Surat,2025-04-02,Gujarat
756,"Nazareth, Kurian and Suresh",Food & Dining,SME,Mumbai,2024-01-29,Maharashtra
757,"Swaminathan, Sharma and Ganguly",Education,Micro,Hyderabad,2025-01-04,Telangana
758,"Pandey, Gara and Dey",Food & Dining,Micro,Hyderabad,2025-07-09,Telangana
759,"Suresh, Gour and Bhargava",Utilities/Bill Pay,SME,Hyderabad,2024-07-08,Telangana
760,"Bandi, Borde and Bava",Financial Services,Enterprise,Kolkata,2024-05-26,West Bengal
761,Sachar and Sons,Grocery,Enterprise,Chennai,2024-06-04,Tamil Nadu
762,"Kashyap, Bir and Dora",Grocery,SME,Bengaluru,2025-05-24,Karnataka
763,Kamdar PLC,Food & Dining,Micro,Chennai,2025-03-20,Tamil Nadu
764,Prakash-Bhasin,Kirana/Local Store,Micro,Chandigarh,2024-03-19,Punjab
765,"Subramanian, Sura and Babu",Pharmacy,SME,Jaipur,2025-11-29,Rajasthan
766,Wali PLC,Fuel,Micro,Indore,2025-06-08,Madhya Pradesh
767,Arora-Badal,Entertainment,Micro,Mumbai,2025-08-25,Maharashtra
768,"Maharaj, Wason and Mangat",Home Services,Micro,Bhopal,2024-09-16,Madhya Pradesh
769,Thakkar Ltd,Fashion & Apparel,SME,Bhopal,2025-02-12,Madhya Pradesh
770,"Sani, Gola and Chhabra",Utilities/Bill Pay,Micro,Jaipur,2024-04-29,Rajasthan
771,Viswanathan and Sons,Grocery,Micro,Lucknow,2025-03-03,Uttar Pradesh
772,Handa PLC,Food & Dining,SME,Surat,2025-05-11,Gujarat
773,"Krishnan, Pandya and Loke",Grocery,SME,Hyderabad,2024-04-09,Telangana
774,Brar-Prakash,Entertainment,SME,Mumbai,2025-07-27,Maharashtra
775,Sharaf-Kohli,Grocery,Micro,Jaipur,2024-04-08,Rajasthan
776,"Kara, Mital and Buch",Home Services,SME,Mumbai,2024-04-01,Maharashtra
777,"Balay, Chander and Ravi",Fashion & Apparel,Micro,Ahmedabad,2024-01-08,Gujarat
778,Purohit-Soni,Utilities/Bill Pay,Enterprise,Bhopal,2025-11-15,Madhya Pradesh
779,Andra Ltd,Food & Dining,SME,Bhopal,2024-05-03,Madhya Pradesh
780,Butala Group,Financial Services,SME,Kolkata,2025-05-21,West Bengal
781,Narula-Chandran,Utilities/Bill Pay,SME,Kochi,2024-11-29,Kerala
782,"Basak, Karpe and Kakar",Grocery,Micro,Kochi,2024-08-26,Kerala
783,"Soman, Madan and Batra",Grocery,SME,Bengaluru,2025-09-19,Karnataka
784,Mand PLC,Pharmacy,Micro,Surat,2024-06-22,Gujarat
785,"Bali, Gola and Murty",Fuel,Micro,Hyderabad,2024-04-01,Telangana
786,Johal PLC,Grocery,Enterprise,Nagpur,2024-05-16,Maharashtra
787,Rao Inc,Fuel,Micro,Delhi,2025-04-27,Delhi
788,Gaba-Khosla,Electronics,Micro,Chandigarh,2024-04-26,Punjab
789,"Ramachandran, Zachariah and Narula",Pharmacy,Micro,Delhi,2025-01-18,Delhi
790,Dey-Brar,Utilities/Bill Pay,SME,Kochi,2025-06-28,Kerala
791,"Pal, Bera and Chaudhari",Fuel,SME,Hyderabad,2024-12-13,Telangana
792,Kata-Borra,Food & Dining,Enterprise,Delhi,2024-05-09,Delhi
793,Ranganathan-Narain,Food & Dining,Micro,Pune,2025-02-02,Maharashtra
794,Mahajan Group,Fashion & Apparel,Micro,Hyderabad,2024-01-04,Telangana
795,Kari-Parekh,Travel & Transport,Micro,Delhi,2025-10-15,Delhi
796,"Prashad, Sankaran and Grewal",Grocery,SME,Ahmedabad,2024-06-14,Gujarat
797,"Rai, Chada and Merchant",Fuel,SME,Ranchi,2024-07-27,Jharkhand
798,Borah Inc,Electronics,Micro,Mumbai,2025-03-16,Maharashtra
799,Dube-Rai,Food & Dining,SME,Patna,2025-05-04,Bihar
800,"Dube, Ramachandran and Nadig",Education,Micro,Bengaluru,2025-05-21,Karnataka
801,Chhabra-Chand,Food & Dining,Micro,Ahmedabad,2025-06-07,Gujarat
802,Morar Group,Fashion & Apparel,Micro,Ahmedabad,2025-01-30,Gujarat
803,Madan-Chaudry,Electronics,Micro,Mumbai,2025-02-06,Maharashtra
804,Chahal and Sons,Utilities/Bill Pay,SME,Delhi,2025-02-04,Delhi
805,Sen-Vala,Financial Services,Micro,Mumbai,2024-02-18,Maharashtra
806,Chauhan-Bal,Grocery,Micro,Ahmedabad,2024-03-18,Gujarat
807,Pandya PLC,Food & Dining,SME,Kolkata,2025-08-15,West Bengal
808,Nair Group,Home Services,Micro,Pune,2025-08-17,Maharashtra
809,Manne Group,Travel & Transport,Micro,Jaipur,2025-06-26,Rajasthan
810,Chad-Kibe,Fashion & Apparel,SME,Jaipur,2024-12-15,Rajasthan
811,"Verma, Gara and Rai",Fuel,SME,Bengaluru,2024-10-23,Karnataka
812,Dewan LLC,Pharmacy,SME,Hyderabad,2025-01-19,Telangana
813,Loyal-Tailor,Grocery,SME,Bhopal,2025-02-28,Madhya Pradesh
814,Bhatnagar and Sons,Fashion & Apparel,Micro,Kolkata,2024-02-19,West Bengal
815,Majumdar-Sama,Utilities/Bill Pay,Micro,Bengaluru,2025-09-18,Karnataka
816,Sule-Bose,Utilities/Bill Pay,SME,Chennai,2024-12-16,Tamil Nadu
817,Krishnamurthy-Koshy,Pharmacy,Micro,Pune,2024-11-12,Maharashtra
818,"Tandon, Hayre and Shankar",Food & Dining,Micro,Chandigarh,2025-09-23,Punjab
819,Deshmukh LLC,Food & Dining,SME,Kolkata,2025-06-13,West Bengal
820,Randhawa LLC,Grocery,SME,Nagpur,2025-06-08,Maharashtra
821,"Rai, Narayan and Sarraf",Grocery,SME,Delhi,2025-05-14,Delhi
822,Sani-Deshpande,Fuel,Enterprise,Patna,2024-07-24,Bihar
823,Nagi-Iyer,Utilities/Bill Pay,Micro,Delhi,2025-08-15,Delhi
824,Murthy-Goel,Food & Dining,Enterprise,Chennai,2024-05-23,Tamil Nadu
825,Nagar-Manne,Utilities/Bill Pay,SME,Indore,2025-07-30,Madhya Pradesh
826,"Swaminathan, Kibe and Nanda",Pharmacy,SME,Coimbatore,2025-12-09,Tamil Nadu
827,Mand-Ramaswamy,Utilities/Bill Pay,Enterprise,Mumbai,2025-09-13,Maharashtra
828,Comar-Iyengar,Utilities/Bill Pay,Micro,Chennai,2025-10-15,Tamil Nadu
829,"Gole, Bala and Shenoy",Education,SME,Bengaluru,2024-11-12,Karnataka
830,"Kadakia, Sarma and Manne",Home Services,SME,Surat,2024-07-13,Gujarat
831,"Biswas, Rege and Tata",Entertainment,Micro,Surat,2025-11-11,Gujarat
832,Mitter and Sons,Pharmacy,Enterprise,Guwahati,2025-10-08,Assam
833,Dube-Sampath,Utilities/Bill Pay,SME,Mumbai,2024-03-28,Maharashtra
834,Borah-Sen,Home Services,Enterprise,Jaipur,2025-12-29,Rajasthan
835,"Srinivas, Rattan and Warrior",Financial Services,SME,Mumbai,2024-08-15,Maharashtra
836,"Sahota, Bansal and Parsa",Fuel,Micro,Kochi,2025-09-28,Kerala
837,"Yadav, Chada and Chopra",Fashion & Apparel,SME,Hyderabad,2025-02-21,Telangana
838,Pant and Sons,Grocery,Micro,Bengaluru,2025-06-19,Karnataka
839,"Basu, Ratta and Narula",Food & Dining,Micro,Chandigarh,2025-09-19,Punjab
840,Cherian-Anne,Grocery,Micro,Mumbai,2024-06-02,Maharashtra
841,Kuruvilla and Sons,Grocery,SME,Ranchi,2024-11-07,Jharkhand
842,"Venkataraman, Kant and Sehgal",Food & Dining,SME,Ahmedabad,2024-07-08,Gujarat
843,Raman-Sheth,Food & Dining,Micro,Hyderabad,2024-05-02,Telangana
844,"Tella, Dora and Pai",Grocery,SME,Mumbai,2025-01-17,Maharashtra
845,Subramanian Inc,Grocery,Micro,Bengaluru,2025-01-24,Karnataka
846,Sagar-Chada,Fuel,SME,Bhopal,2025-01-29,Madhya Pradesh
847,Dhar LLC,Pharmacy,SME,Hyderabad,2024-06-04,Telangana
848,Oza-Shah,Pharmacy,SME,Delhi,2024-10-05,Delhi
849,Verma Group,Electronics,SME,Mumbai,2025-10-06,Maharashtra
850,Soni-Chatterjee,Food & Dining,Enterprise,Mumbai,2024-07-14,Maharashtra
851,Sethi-Nagar,Food & Dining,Enterprise,Kochi,2025-07-23,Kerala
852,Mital Inc,Grocery,Micro,Mumbai,2024-03-13,Maharashtra
853,"Contractor, Bajaj and Oza",Pharmacy,Micro,Kolkata,2025-10-19,West Bengal
854,"Chopra, Gala and Kohli",Grocery,Micro,Ahmedabad,2024-03-04,Gujarat
855,"Ghosh, Dutta and Narayanan",Electronics,SME,Delhi,2024-11-17,Delhi
856,"Sandhu, Shere and Kata",Pharmacy,SME,Chennai,2025-04-26,Tamil Nadu
857,Gour-Grewal,Fashion & Apparel,Micro,Chennai,2024-11-18,Tamil Nadu
858,"Sankaran, Randhawa and Balakrishnan",Grocery,SME,Bengaluru,2025-02-24,Karnataka
859,"Hora, Sengupta and Sanghvi",Grocery,Micro,Delhi,2025-05-02,Delhi
860,Agrawal-Kala,Education,Enterprise,Hyderabad,2025-11-29,Telangana
861,Mallick Ltd,Travel & Transport,Micro,Bengaluru,2024-04-13,Karnataka
862,Chaudry PLC,Entertainment,SME,Bengaluru,2024-08-30,Karnataka
863,Pau LLC,Food & Dining,SME,Kolkata,2024-11-16,West Bengal
864,Shankar Inc,Pharmacy,Micro,Delhi,2025-05-24,Delhi
865,Suri-Wable,Utilities/Bill Pay,Micro,Bengaluru,2025-01-07,Karnataka
866,"Munshi, Rama and Ramanathan",Fashion & Apparel,SME,Bengaluru,2024-01-03,Karnataka
867,"Comar, Pall and Pandey",Fashion & Apparel,Micro,Jaipur,2024-12-08,Rajasthan
868,Gera-Mishra,Fashion & Apparel,SME,Hyderabad,2025-08-09,Telangana
869,"Chad, Desai and Munshi",Food & Dining,SME,Delhi,2025-09-20,Delhi
870,Khare LLC,Food & Dining,Micro,Ahmedabad,2024-07-04,Gujarat
871,Goswami LLC,Grocery,SME,Bengaluru,2025-05-03,Karnataka
872,"Dhaliwal, Vaidya and Rama",Electronics,SME,Ahmedabad,2025-11-23,Gujarat
873,Devi-Rajagopal,Kirana/Local Store,Micro,Hyderabad,2024-04-08,Telangana
874,Grewal-Sur,Utilities/Bill Pay,SME,Hyderabad,2024-01-02,Telangana
875,"Yogi, Ghose and Ganesan",Travel & Transport,Micro,Delhi,2024-09-13,Delhi
876,Mani-Dey,Food & Dining,SME,Bengaluru,2024-01-30,Karnataka
877,Murty Group,Home Services,SME,Chennai,2024-09-22,Tamil Nadu
878,"Bera, Parmer and Andra",Utilities/Bill Pay,Micro,Bengaluru,2025-11-03,Karnataka
879,Deshpande-Hayer,Utilities/Bill Pay,Micro,Bhopal,2024-10-22,Madhya Pradesh
880,Tiwari-Talwar,Food & Dining,Micro,Mumbai,2025-11-22,Maharashtra
881,Swamy-Sagar,Food & Dining,Micro,Delhi,2025-01-25,Delhi
882,"Sawhney, Suresh and Ganesh",Grocery,SME,Bengaluru,2024-04-13,Karnataka
883,Balasubramanian and Sons,Kirana/Local Store,Micro,Patna,2024-12-26,Bihar
884,Bali-Maharaj,Utilities/Bill Pay,Micro,Jaipur,2024-01-18,Rajasthan
885,Yogi LLC,Entertainment,Micro,Indore,2024-10-08,Madhya Pradesh
886,Shankar PLC,Travel & Transport,SME,Pune,2025-11-30,Maharashtra
887,"Tandon, Vaidya and Chowdhury",Food & Dining,Micro,Kochi,2025-03-02,Kerala
888,"Comar, Loyal and Peri",Food & Dining,SME,Chandigarh,2025-01-16,Punjab
889,"Barman, Sastry and Kamdar",Grocery,SME,Delhi,2025-07-22,Delhi
890,Chaudry-Kota,Education,Micro,Hyderabad,2025-05-03,Telangana
891,Bali-Sengupta,Pharmacy,Micro,Pune,2024-07-18,Maharashtra
892,Pall-Chahal,Pharmacy,Micro,Chennai,2025-04-10,Tamil Nadu
893,Dalal-Khalsa,Grocery,Micro,Bengaluru,2025-01-04,Karnataka
894,Panchal Ltd,Grocery,SME,Indore,2024-04-02,Madhya Pradesh
895,"Sangha, Gandhi and Dewan",Travel & Transport,Micro,Kochi,2025-11-04,Kerala
896,Jhaveri Inc,Electronics,Micro,Mumbai,2024-09-23,Maharashtra
897,"Panchal, Walia and Mand",Pharmacy,Micro,Kolkata,2024-10-08,West Bengal
898,"Yohannan, Ganguly and Naik",Fashion & Apparel,SME,Kolkata,2024-04-22,West Bengal
899,"Master, Mann and Loke",Entertainment,Micro,Kochi,2025-02-21,Kerala
900,"Chandran, Deshmukh and Sabharwal",Pharmacy,Micro,Jaipur,2025-07-14,Rajasthan
901,Malhotra Ltd,Fuel,SME,Bengaluru,2025-12-28,Karnataka
902,Deo and Sons,Travel & Transport,SME,Chennai,2024-06-17,Tamil Nadu
903,Nagy and Sons,Travel & Transport,Micro,Jaipur,2024-08-06,Rajasthan
904,"Ramaswamy, Suri and Dhar",Grocery,Micro,Bengaluru,2025-06-29,Karnataka
905,"Luthra, Sachdeva and Prashad",Kirana/Local Store,SME,Mumbai,2024-11-22,Maharashtra
906,Borra-Chander,Food & Dining,SME,Jaipur,2025-04-27,Rajasthan
907,Varma-Mall,Travel & Transport,SME,Chennai,2024-05-18,Tamil Nadu
908,"Pillay, Sha and Sura",Electronics,SME,Indore,2024-06-16,Madhya Pradesh
909,Agate-Chander,Pharmacy,Enterprise,Mumbai,2025-02-25,Maharashtra
910,"Shanker, Parmar and Bhatnagar",Pharmacy,SME,Nagpur,2025-11-10,Maharashtra
911,"Rao, Kamdar and Sanghvi",Food & Dining,SME,Bengaluru,2024-08-27,Karnataka
912,Talwar LLC,Home Services,Micro,Kolkata,2024-06-29,West Bengal
913,Mander-Nazareth,Home Services,Micro,Hyderabad,2025-02-28,Telangana
914,"De, Sundaram and Oza",Kirana/Local Store,SME,Delhi,2025-01-29,Delhi
915,"Bava, Batra and Chaudhary",Electronics,SME,Kolkata,2025-08-31,West Bengal
916,"Sharaf, Babu and Dash",Kirana/Local Store,Enterprise,Kolkata,2024-08-07,West Bengal
917,Sastry Group,Electronics,Micro,Delhi,2025-06-16,Delhi
918,Sangha and Sons,Grocery,Micro,Delhi,2025-10-14,Delhi
919,"Deo, Mittal and Dutt",Travel & Transport,SME,Chennai,2025-09-03,Tamil Nadu
920,Chander-Patel,Travel & Transport,Enterprise,Delhi,2024-03-18,Delhi
921,Butala-Prabhu,Electronics,Micro,Mumbai,2025-10-01,Maharashtra
922,"Gandhi, Ben and Randhawa",Utilities/Bill Pay,Micro,Chennai,2024-05-15,Tamil Nadu
923,"Mody, Kaur and Sanghvi",Fuel,Micro,Delhi,2024-11-11,Delhi
924,"Chand, Chandran and Agarwal",Fuel,Micro,Pune,2025-10-20,Maharashtra
925,Sood Inc,Food & Dining,Micro,Mumbai,2025-01-11,Maharashtra
926,Kara PLC,Education,SME,Kolkata,2025-09-11,West Bengal
927,"Saxena, Andra and Anand",Fashion & Apparel,Micro,Patna,2025-05-15,Bihar
928,"Oza, Dara and Sami",Utilities/Bill Pay,Micro,Mumbai,2025-07-01,Maharashtra
929,"Deo, Sridhar and Bobal",Food & Dining,Micro,Nagpur,2025-08-09,Maharashtra
930,Rajagopal Inc,Electronics,Enterprise,Surat,2025-12-20,Gujarat
931,"Chaudry, Chauhan and Munshi",Kirana/Local Store,Micro,Patna,2025-01-04,Bihar
932,Mistry-Devan,Food & Dining,SME,Patna,2024-03-20,Bihar
933,Deol-Dhar,Utilities/Bill Pay,Enterprise,Bengaluru,2024-05-17,Karnataka
934,Wali PLC,Utilities/Bill Pay,Micro,Mumbai,2024-04-13,Maharashtra
935,Gala Group,Education,Micro,Indore,2024-04-28,Madhya Pradesh
936,Kala-Doshi,Financial Services,Micro,Mumbai,2024-02-07,Maharashtra
937,Savant-Kalla,Fashion & Apparel,SME,Lucknow,2024-05-18,Uttar Pradesh
938,Chaudhry and Sons,Pharmacy,SME,Pune,2024-12-02,Maharashtra
939,Rajagopalan LLC,Food & Dining,Enterprise,Ahmedabad,2025-05-22,Gujarat
940,Murty-Dey,Education,Micro,Delhi,2025-04-15,Delhi
941,Malhotra Ltd,Fuel,SME,Guwahati,2025-03-26,Assam
942,Kothari PLC,Travel & Transport,Micro,Kochi,2025-01-29,Kerala
943,"Mane, Bala and Mitra",Utilities/Bill Pay,Micro,Bengaluru,2024-05-12,Karnataka
944,Vasa PLC,Kirana/Local Store,Micro,Ahmedabad,2024-01-09,Gujarat
945,"Gulati, Ramanathan and Merchant",Fashion & Apparel,Enterprise,Delhi,2025-01-23,Delhi
946,"Bhagat, Khatri and Talwar",Fuel,SME,Mumbai,2025-09-24,Maharashtra
947,Chowdhury-Khosla,Food & Dining,Micro,Nagpur,2024-07-13,Maharashtra
948,Bobal-Wable,Entertainment,SME,Mumbai,2025-02-01,Maharashtra
949,Patel LLC,Grocery,Micro,Bengaluru,2024-08-27,Karnataka
950,Ram PLC,Education,SME,Bhopal,2024-04-10,Madhya Pradesh
951,Pau-Gera,Food & Dining,SME,Mumbai,2024-08-21,Maharashtra
952,Bora-Badal,Grocery,Micro,Patna,2024-06-07,Bihar
953,"Bir, Atwal and Lala",Education,Micro,Chandigarh,2024-03-29,Punjab
954,Baral Inc,Home Services,SME,Surat,2024-11-23,Gujarat
955,Toor-Mangat,Entertainment,Micro,Bengaluru,2024-03-12,Karnataka
956,"Thaker, Sagar and Sampath",Education,Micro,Lucknow,2024-12-21,Uttar Pradesh
957,"Ratti, Butala and Yadav",Travel & Transport,SME,Mumbai,2025-03-07,Maharashtra
958,"Dua, Mall and Chacko",Fashion & Apparel,Micro,Delhi,2025-04-27,Delhi
959,Brar-Vaidya,Kirana/Local Store,SME,Kochi,2025-07-08,Kerala
960,Dugal PLC,Education,Micro,Ranchi,2024-10-28,Jharkhand
961,Raman-Bhatti,Food & Dining,Micro,Mumbai,2024-09-27,Maharashtra
962,Sarkar-Khare,Grocery,Micro,Delhi,2025-09-22,Delhi
963,Konda Inc,Utilities/Bill Pay,SME,Hyderabad,2025-05-21,Telangana
964,D’Alia-Setty,Travel & Transport,Micro,Delhi,2025-06-24,Delhi
965,"Bhakta, More and Gill",Pharmacy,SME,Hyderabad,2025-10-24,Telangana
966,Arora Ltd,Food & Dining,Micro,Bengaluru,2025-05-02,Karnataka
967,Apte and Sons,Food & Dining,Micro,Chandigarh,2024-08-20,Punjab
968,Palan-Virk,Kirana/Local Store,Micro,Nagpur,2025-10-08,Maharashtra
969,"Lad, Ganesan and Prabhu",Grocery,Micro,Pune,2024-05-09,Maharashtra
970,Luthra Ltd,Grocery,Enterprise,Bengaluru,2025-10-21,Karnataka
971,Balan LLC,Electronics,Micro,Ahmedabad,2025-10-20,Gujarat
972,Magar-Viswanathan,Food & Dining,Micro,Mumbai,2025-07-24,Maharashtra
973,Lall Ltd,Financial Services,SME,Ahmedabad,2024-12-15,Gujarat
974,"Bose, Taneja and Shah",Entertainment,Micro,Bengaluru,2024-06-30,Karnataka
975,"Parsa, Bhakta and Tata",Fuel,Enterprise,Kolkata,2025-08-14,West Bengal
976,"Ganesan, Pillai and Dugar",Grocery,Micro,Hyderabad,2024-05-29,Telangana
977,Chauhan-D’Alia,Utilities/Bill Pay,Micro,Pune,2025-09-14,Maharashtra
978,Upadhyay Inc,Travel & Transport,SME,Bengaluru,2024-04-20,Karnataka
979,Arora and Sons,Utilities/Bill Pay,Micro,Nagpur,2024-08-08,Maharashtra
980,Sodhi LLC,Pharmacy,Micro,Ahmedabad,2024-06-28,Gujarat
981,Doctor-Gola,Grocery,SME,Delhi,2025-05-21,Delhi
982,Saini and Sons,Pharmacy,SME,Delhi,2025-12-06,Delhi
983,Kothari-Saha,Pharmacy,SME,Delhi,2024-05-14,Delhi
984,"Nagarajan, Madan and Brahmbhatt",Electronics,Micro,Bengaluru,2025-05-04,Karnataka
985,"Pradhan, Dar and Thakkar",Electronics,SME,Pune,2024-04-22,Maharashtra
986,"Ben, Gola and Kapoor",Grocery,SME,Kochi,2024-08-11,Kerala
987,"Batra, Rattan and Biswas",Utilities/Bill Pay,Enterprise,Chandigarh,2024-01-23,Punjab
988,Mandal-Mukhopadhyay,Pharmacy,Micro,Bengaluru,2025-02-16,Karnataka
989,Chadha-Shan,Grocery,Enterprise,Kolkata,2025-04-04,West Bengal
990,Pillay and Sons,Entertainment,SME,Delhi,2024-11-23,Delhi
991,Modi-Kibe,Grocery,Micro,Delhi,2025-12-28,Delhi
992,Pillay-Tak,Grocery,SME,Delhi,2025-02-17,Delhi
993,Korpal and Sons,Fashion & Apparel,Micro,Jaipur,2025-03-03,Rajasthan
994,Rout Inc,Home Services,Micro,Kolkata,2024-10-31,West Bengal
995,Pal Ltd,Grocery,SME,Chandigarh,2024-08-03,Punjab
996,"Andra, Nayak and Agarwal",Electronics,Micro,Kolkata,2025-05-03,West Bengal
997,"Puri, Mohanty and Chawla",Entertainment,Micro,Bengaluru,2024-09-12,Karnataka
998,Wagle and Sons,Food & Dining,Micro,Delhi,2025-10-04,Delhi
999,Swamy-Bhasin,Food & Dining,Micro,Lucknow,2024-05-25,Uttar Pradesh
1000,Mammen Inc,Fuel,Enterprise,Bengaluru,2025-10-12,Karnataka
1001,Kata PLC,Electronics,SME,Mumbai,2024-11-13,Maharashtra
1002,Pradhan-Shanker,Fuel,SME,Delhi,2025-09-11,Delhi
1003,"Chad, Chandran and Tiwari",Fashion & Apparel,Micro,Mumbai,2025-01-16,Maharashtra
1004,Ramesh Inc,Electronics,SME,Bengaluru,2024-08-09,Karnataka
1005,"Bhatia, Saran and De",Financial Services,Micro,Pune,2025-03-15,Maharashtra
1006,Manne LLC,Financial Services,SME,Ahmedabad,2025-12-27,Gujarat
1007,Ramaswamy-Narain,Food & Dining,SME,Mumbai,2025-09-08,Maharashtra
1008,Sethi-Magar,Education,Micro,Chennai,2025-07-22,Tamil Nadu
1009,Borde and Sons,Grocery,SME,Bengaluru,2025-01-11,Karnataka
1010,Chopra and Sons,Travel & Transport,Micro,Kochi,2025-08-20,Kerala
1011,Gala Group,Fashion & Apparel,SME,Ahmedabad,2025-12-07,Gujarat
1012,Murthy-Ray,Travel & Transport,Micro,Kolkata,2025-01-10,West Bengal
1013,Wason LLC,Fuel,Micro,Hyderabad,2024-09-17,Telangana
1014,Seth LLC,Travel & Transport,SME,Pune,2025-03-11,Maharashtra
1015,Lanka-Dar,Fuel,Micro,Mumbai,2024-03-25,Maharashtra
1016,Dugar Ltd,Kirana/Local Store,Micro,Jaipur,2025-09-01,Rajasthan
1017,Baria-Kale,Fashion & Apparel,Micro,Coimbatore,2025-10-19,Tamil Nadu
1018,Divan-Chand,Pharmacy,Micro,Guwahati,2024-04-16,Assam
1019,"Kothari, Parekh and Randhawa",Education,SME,Hyderabad,2025-11-07,Telangana
1020,"Bawa, Mistry and Lad",Travel & Transport,Micro,Lucknow,2024-11-21,Uttar Pradesh
1021,Balasubramanian Group,Travel & Transport,SME,Pune,2024-04-06,Maharashtra
1022,Krish-Chandra,Kirana/Local Store,Micro,Pune,2025-05-11,Maharashtra
1023,Chaudry-Dey,Home Services,Micro,Bengaluru,2025-10-14,Karnataka
1024,Arora Inc,Fuel,Micro,Lucknow,2024-10-14,Uttar Pradesh
1025,De and Sons,Entertainment,Micro,Lucknow,2025-10-28,Uttar Pradesh
1026,Pradhan-Chad,Financial Services,SME,Ahmedabad,2025-09-20,Gujarat
1027,"Lad, Borde and Bains",Grocery,Micro,Ahmedabad,2025-03-04,Gujarat
1028,Hora Ltd,Electronics,Enterprise,Delhi,2025-05-01,Delhi
1029,Dave-Chanda,Utilities/Bill Pay,SME,Kolkata,2025-12-18,West Bengal
1030,Das-Basak,Grocery,Enterprise,Guwahati,2025-08-28,Assam
1031,Bedi-Ganguly,Utilities/Bill Pay,SME,Chandigarh,2024-06-01,Punjab
1032,"Sant, Rana and Taneja",Electronics,Micro,Hyderabad,2025-08-22,Telangana
1033,Raja Ltd,Grocery,Micro,Delhi,2025-05-13,Delhi
1034,Gera-Pandya,Grocery,Micro,Mumbai,2025-03-07,Maharashtra
1035,Grover LLC,Electronics,Micro,Bengaluru,2025-08-11,Karnataka
1036,Sehgal-Dixit,Grocery,Micro,Chennai,2025-07-26,Tamil Nadu
1037,Korpal Ltd,Utilities/Bill Pay,SME,Delhi,2024-09-10,Delhi
1038,Tara-Sabharwal,Utilities/Bill Pay,Enterprise,Hyderabad,2025-09-28,Telangana
1039,"Srinivas, Bhat and Chahal",Grocery,Micro,Ahmedabad,2025-07-06,Gujarat
1040,Rajagopal-Devan,Grocery,Micro,Pune,2025-12-25,Maharashtra
1041,Iyengar-Vora,Grocery,SME,Bengaluru,2024-03-14,Karnataka
1042,Bahl Group,Utilities/Bill Pay,SME,Bengaluru,2025-07-08,Karnataka
1043,"Parmer, Srinivasan and Sundaram",Home Services,Micro,Kolkata,2025-01-23,West Bengal
1044,Thakkar-Nagy,Fashion & Apparel,Micro,Ahmedabad,2025-02-27,Gujarat
1045,Madan-Gole,Home Services,Micro,Surat,2024-01-18,Gujarat
1046,Nagar PLC,Food & Dining,Micro,Patna,2025-05-17,Bihar
1047,Balan LLC,Food & Dining,SME,Jaipur,2025-09-02,Rajasthan
1048,Sodhi PLC,Utilities/Bill Pay,SME,Chennai,2025-02-20,Tamil Nadu
1049,Kaul-Dutta,Food & Dining,Micro,Delhi,2024-11-22,Delhi
1050,Kota Ltd,Financial Services,Micro,Coimbatore,2024-06-09,Tamil Nadu
1051,Lata PLC,Kirana/Local Store,Micro,Chennai,2024-09-21,Tamil Nadu
1052,"Bhalla, Kanda and Rama",Fashion & Apparel,Micro,Delhi,2024-03-11,Delhi
1053,Ghose-Goda,Utilities/Bill Pay,Micro,Jaipur,2025-01-09,Rajasthan
1054,Nadkarni Ltd,Grocery,Micro,Delhi,2025-12-26,Delhi
1055,"Parmer, Bala and Pandey",Food & Dining,Enterprise,Hyderabad,2024-01-24,Telangana
1056,"Dhar, Guha and Tailor",Food & Dining,Micro,Guwahati,2025-12-08,Assam
1057,"More, Gill and Swaminathan",Utilities/Bill Pay,Micro,Bengaluru,2024-08-14,Karnataka
1058,Chana Inc,Utilities/Bill Pay,SME,Indore,2024-08-10,Madhya Pradesh
1059,Kanda Inc,Home Services,Enterprise,Mumbai,2024-10-22,Maharashtra
1060,"Sridhar, Acharya and Narula",Utilities/Bill Pay,Micro,Bhopal,2025-05-15,Madhya Pradesh
1061,"Jaggi, De and Oak",Education,Micro,Hyderabad,2025-08-29,Telangana
1062,"Goel, Naik and Bhargava",Travel & Transport,SME,Pune,2024-11-16,Maharashtra
1063,Divan PLC,Travel & Transport,Enterprise,Patna,2024-12-21,Bihar
1064,"Dhar, Choudhry and Vora",Fashion & Apparel,Micro,Ahmedabad,2024-03-28,Gujarat
1065,Bora-Prakash,Grocery,Micro,Chennai,2024-08-03,Tamil Nadu
1066,"Randhawa, Chaudhuri and Nayar",Grocery,Micro,Ahmedabad,2025-09-29,Gujarat
1067,Naidu-Deshpande,Utilities/Bill Pay,Micro,Kochi,2025-09-17,Kerala
1068,Sarkar Ltd,Kirana/Local Store,Micro,Kochi,2024-09-07,Kerala
1069,Nadig-Ghosh,Grocery,Enterprise,Bengaluru,2025-04-07,Karnataka
1070,"Parikh, Kapoor and Gill",Electronics,Micro,Kochi,2025-07-21,Kerala
1071,Mohanty-Menon,Utilities/Bill Pay,Micro,Mumbai,2024-12-27,Maharashtra
1072,Goel Ltd,Fuel,Micro,Pune,2025-12-01,Maharashtra
1073,Raman PLC,Kirana/Local Store,Micro,Surat,2024-11-06,Gujarat
1074,Gopal PLC,Fuel,Micro,Kochi,2025-06-19,Kerala
1075,Kant-Chawla,Grocery,Enterprise,Indore,2024-06-24,Madhya Pradesh
1076,Dhaliwal-Narula,Food & Dining,Micro,Delhi,2024-07-18,Delhi
1077,"Brahmbhatt, Khanna and Palan",Travel & Transport,Micro,Kolkata,2025-11-03,West Bengal
1078,Ganesh-Chakrabarti,Fashion & Apparel,Enterprise,Chennai,2024-06-23,Tamil Nadu
1079,"Nayak, Sekhon and Apte",Pharmacy,Micro,Nagpur,2025-08-26,Maharashtra
1080,Kadakia-Krish,Food & Dining,Micro,Bengaluru,2025-06-08,Karnataka
1081,"Bir, Palla and Kunda",Food & Dining,Micro,Chandigarh,2025-06-28,Punjab
1082,Agarwal Inc,Kirana/Local Store,Micro,Lucknow,2024-09-12,Uttar Pradesh
1083,Sarma-Saini,Food & Dining,Micro,Delhi,2024-04-25,Delhi
1084,Sachdev Group,Utilities/Bill Pay,SME,Chennai,2025-08-11,Tamil Nadu
1085,Panchal-Prashad,Utilities/Bill Pay,Enterprise,Kolkata,2025-07-23,West Bengal
1086,Srinivas PLC,Food & Dining,Enterprise,Hyderabad,2025-11-10,Telangana
1087,"Kar, Gaba and Seth",Home Services,Micro,Pune,2024-12-24,Maharashtra
1088,Bandi LLC,Grocery,Micro,Mumbai,2025-06-15,Maharashtra
1089,Nagar LLC,Food & Dining,Micro,Jaipur,2024-04-01,Rajasthan
1090,Borah LLC,Grocery,Micro,Lucknow,2025-09-13,Uttar Pradesh
1091,Prashad and Sons,Pharmacy,Micro,Ranchi,2024-06-04,Jharkhand
1092,"Borde, Chander and Nigam",Grocery,Micro,Delhi,2025-12-22,Delhi
1093,"Subramanian, Balasubramanian and Sankar",Food & Dining,SME,Mumbai,2024-05-13,Maharashtra
1094,"Gala, Saraf and Dugar",Kirana/Local Store,SME,Pune,2025-09-21,Maharashtra
1095,Chaudhuri LLC,Grocery,Micro,Mumbai,2025-12-02,Maharashtra
1096,Gupta Group,Electronics,Enterprise,Hyderabad,2025-03-09,Telangana
1097,"Zachariah, Lanka and Manda",Food & Dining,Micro,Hyderabad,2025-01-23,Telangana
1098,Khanna-Char,Grocery,SME,Kolkata,2024-04-15,West Bengal
1099,Ramaswamy PLC,Grocery,SME,Chennai,2025-03-11,Tamil Nadu
1100,"Swaminathan, Dube and Bhagat",Financial Services,SME,Kochi,2024-08-27,Kerala
1101,Aggarwal-Sane,Food & Dining,SME,Jaipur,2025-03-15,Rajasthan
1102,Menon Ltd,Fuel,Micro,Chandigarh,2024-08-07,Punjab
1103,"Srinivasan, Iyengar and Chatterjee",Utilities/Bill Pay,Micro,Pune,2025-10-13,Maharashtra
1104,Jhaveri and Sons,Grocery,SME,Surat,2024-08-13,Gujarat
1105,"Manne, Bumb and Solanki",Food & Dining,Micro,Chennai,2025-04-15,Tamil Nadu
1106,Morar Group,Fuel,Micro,Hyderabad,2025-06-11,Telangana
1107,Suresh-Lanka,Utilities/Bill Pay,Micro,Pune,2025-05-22,Maharashtra
1108,Ram and Sons,Food & Dining,Enterprise,Jaipur,2024-05-23,Rajasthan
1109,Raj-Pingle,Entertainment,Micro,Bengaluru,2025-09-07,Karnataka
1110,Sehgal Inc,Food & Dining,SME,Kolkata,2025-12-22,West Bengal
1111,Sarraf-Shroff,Utilities/Bill Pay,Micro,Nagpur,2025-01-22,Maharashtra
1112,Kara-Luthra,Financial Services,Micro,Mumbai,2025-05-25,Maharashtra
1113,"Bhatia, Dora and Chatterjee",Fashion & Apparel,Micro,Ahmedabad,2025-05-12,Gujarat
1114,Padmanabhan PLC,Food & Dining,SME,Kolkata,2024-05-04,West Bengal
1115,Karan-Bhat,Education,Micro,Coimbatore,2025-04-08,Tamil Nadu
1116,Virk-Sahota,Food & Dining,Enterprise,Indore,2024-11-13,Madhya Pradesh
1117,"Soman, Keer and Soni",Food & Dining,SME,Nagpur,2025-12-01,Maharashtra
1118,Brar-Rana,Entertainment,Micro,Patna,2024-08-04,Bihar
1119,"Banerjee, Thakkar and Varughese",Fashion & Apparel,SME,Delhi,2025-05-07,Delhi
1120,"Din, Dara and Sen",Travel & Transport,Enterprise,Bengaluru,2024-03-28,Karnataka
1121,Ganesh and Sons,Fashion & Apparel,SME,Nagpur,2024-03-25,Maharashtra
1122,Date Inc,Pharmacy,SME,Hyderabad,2024-12-11,Telangana
1123,Brar-Saran,Utilities/Bill Pay,Micro,Lucknow,2025-09-24,Uttar Pradesh
1124,Divan PLC,Utilities/Bill Pay,SME,Chennai,2024-12-26,Tamil Nadu
1125,Nagarajan-Bhavsar,Utilities/Bill Pay,Micro,Bengaluru,2024-06-19,Karnataka
1126,Rama PLC,Pharmacy,Micro,Bengaluru,2025-07-26,Karnataka
1127,Nanda-Majumdar,Fashion & Apparel,SME,Bengaluru,2025-04-09,Karnataka
1128,"Shanker, Arora and Virk",Grocery,Enterprise,Mumbai,2024-07-03,Maharashtra
1129,Chowdhury-Sachdeva,Grocery,SME,Jaipur,2025-11-10,Rajasthan
1130,Divan PLC,Food & Dining,SME,Ahmedabad,2025-05-02,Gujarat
1131,"Chaudhry, Cherian and Chaudhuri",Travel & Transport,SME,Hyderabad,2025-06-01,Telangana
1132,Wason-Padmanabhan,Fashion & Apparel,Micro,Bengaluru,2025-03-12,Karnataka
1133,Lalla-Rajagopal,Food & Dining,Micro,Hyderabad,2024-06-18,Telangana
1134,"Sunder, Solanki and Barad",Fashion & Apparel,Enterprise,Kochi,2024-11-23,Kerala
1135,Majumdar Group,Travel & Transport,Micro,Mumbai,2025-07-08,Maharashtra
1136,Ratti Inc,Pharmacy,Micro,Ahmedabad,2025-11-24,Gujarat
1137,Narula-Khanna,Grocery,Micro,Mumbai,2025-01-11,Maharashtra
1138,Soman LLC,Utilities/Bill Pay,SME,Chandigarh,2025-11-17,Punjab
1139,Bahri-Nazareth,Kirana/Local Store,Micro,Bengaluru,2024-05-12,Karnataka
1140,Mukhopadhyay-Mand,Financial Services,SME,Chandigarh,2025-03-03,Punjab
1141,Chaudhari-Kari,Grocery,Micro,Mumbai,2024-12-20,Maharashtra
1142,Mital Ltd,Fashion & Apparel,SME,Kochi,2024-03-07,Kerala
1143,Nagi-Luthra,Pharmacy,Micro,Mumbai,2025-01-27,Maharashtra
1144,"Saha, Chakraborty and Guha",Grocery,SME,Pune,2025-11-04,Maharashtra
1145,Kakar-Ray,Food & Dining,Micro,Chennai,2025-12-03,Tamil Nadu
1146,"Sundaram, Varty and Prakash",Utilities/Bill Pay,Enterprise,Guwahati,2024-10-14,Assam
1147,Varma and Sons,Pharmacy,SME,Surat,2024-11-14,Gujarat
1148,Mukhopadhyay Ltd,Pharmacy,Micro,Surat,2025-09-02,Gujarat
1149,"Raval, Deshmukh and Viswanathan",Utilities/Bill Pay,Micro,Bengaluru,2024-12-28,Karnataka
1150,"Balakrishnan, Ghose and Hans",Home Services,Enterprise,Ahmedabad,2025-06-07,Gujarat
1151,Bhardwaj and Sons,Food & Dining,Micro,Hyderabad,2025-02-07,Telangana
1152,Shan Inc,Education,SME,Jaipur,2024-03-21,Rajasthan
1153,Issac-Mahal,Fuel,SME,Chennai,2025-01-27,Tamil Nadu
1154,Shetty-Tiwari,Travel & Transport,Micro,Coimbatore,2025-08-22,Tamil Nadu
1155,Dasgupta-Balasubramanian,Electronics,SME,Delhi,2024-08-26,Delhi
1156,Pradhan Group,Financial Services,SME,Delhi,2024-08-22,Delhi
1157,"Sehgal, Goel and Som",Utilities/Bill Pay,Micro,Bengaluru,2024-08-12,Karnataka
1158,"Palla, Padmanabhan and Gade",Travel & Transport,SME,Delhi,2025-09-19,Delhi
1159,Chana-Mane,Travel & Transport,Micro,Hyderabad,2025-12-26,Telangana
1160,Raju Inc,Grocery,Micro,Nagpur,2025-07-13,Maharashtra
1161,Kala and Sons,Grocery,Micro,Bengaluru,2025-07-18,Karnataka
1162,"Kar, Jhaveri and Luthra",Grocery,Micro,Mumbai,2025-01-04,Maharashtra
1163,"Rout, Varghese and Bahri",Pharmacy,Micro,Pune,2025-04-25,Maharashtra
1164,"Andra, Som and Deo",Food & Dining,SME,Mumbai,2024-02-04,Maharashtra
1165,"Ghose, Anand and Kapur",Fashion & Apparel,SME,Delhi,2024-11-02,Delhi
1166,Mody-Maharaj,Electronics,SME,Mumbai,2025-10-29,Maharashtra
1167,Puri-Palla,Pharmacy,Micro,Ahmedabad,2024-04-24,Gujarat
1168,Krishnan-Kamdar,Education,SME,Indore,2025-10-29,Madhya Pradesh
1169,Mittal-Verma,Travel & Transport,SME,Delhi,2025-09-01,Delhi
1170,"Ranganathan, Chaudry and Amble",Fashion & Apparel,SME,Pune,2025-12-14,Maharashtra
1171,"Prasad, Mandal and Misra",Entertainment,SME,Bengaluru,2024-03-08,Karnataka
1172,"Chokshi, Subramaniam and Bhatt",Financial Services,SME,Delhi,2025-11-03,Delhi
1173,Malhotra-Nair,Fashion & Apparel,SME,Mumbai,2025-04-05,Maharashtra
1174,Lal-Misra,Utilities/Bill Pay,SME,Jaipur,2024-12-12,Rajasthan
1175,Doctor PLC,Utilities/Bill Pay,Micro,Bengaluru,2025-08-05,Karnataka
1176,Bhandari PLC,Grocery,Micro,Bengaluru,2025-09-13,Karnataka
1177,Nagarajan-Dey,Education,SME,Kochi,2024-05-16,Kerala
1178,"Bal, Tank and Merchant",Utilities/Bill Pay,SME,Hyderabad,2025-02-23,Telangana
1179,Sahota-Ravel,Financial Services,SME,Pune,2024-06-01,Maharashtra
1180,Banik-Gupta,Grocery,SME,Surat,2025-06-17,Gujarat
1181,Kapadia-Warrior,Fashion & Apparel,SME,Indore,2025-02-06,Madhya Pradesh
1182,"Soni, Parmer and Tripathi",Travel & Transport,Micro,Ahmedabad,2024-03-15,Gujarat
1183,Garde-Golla,Grocery,SME,Mumbai,2025-11-08,Maharashtra
1184,Chatterjee-Sinha,Grocery,SME,Delhi,2025-05-30,Delhi
1185,Kuruvilla Ltd,Grocery,SME,Kolkata,2024-10-28,West Bengal
1186,"Goswami, Nayak and Chakraborty",Pharmacy,SME,Bengaluru,2024-04-12,Karnataka
1187,Pant and Sons,Food & Dining,SME,Lucknow,2024-09-05,Uttar Pradesh
1188,"Mohanty, Salvi and Narula",Travel & Transport,Micro,Kolkata,2024-07-07,West Bengal
1189,Lad-Menon,Utilities/Bill Pay,Micro,Hyderabad,2025-05-07,Telangana
1190,Dalal-Singhal,Food & Dining,Micro,Patna,2024-07-23,Bihar
1191,Bobal Group,Pharmacy,SME,Chennai,2025-01-05,Tamil Nadu
1192,Tella Inc,Utilities/Bill Pay,SME,Ahmedabad,2024-07-08,Gujarat
1193,"Raj, Wagle and Misra",Fashion & Apparel,Micro,Delhi,2024-02-05,Delhi
1194,Bhagat-Dora,Utilities/Bill Pay,Enterprise,Bengaluru,2024-03-09,Karnataka
1195,Iyer LLC,Entertainment,SME,Pune,2024-08-11,Maharashtra
1196,Shankar-Dhar,Grocery,Micro,Bengaluru,2024-12-02,Karnataka
1197,Gole-Buch,Grocery,Micro,Patna,2024-09-17,Bihar
1198,Natarajan-Goel,Grocery,SME,Delhi,2025-07-23,Delhi
1199,Bhardwaj-Agrawal,Fashion & Apparel,Micro,Kochi,2025-05-25,Kerala
1200,Mahal-Kadakia,Entertainment,Micro,Delhi,2025-06-27,Delhi
1201,Dutt Group,Travel & Transport,SME,Bengaluru,2024-07-18,Karnataka
1202,Dayal PLC,Electronics,Enterprise,Lucknow,2024-06-20,Uttar Pradesh
1203,Sanghvi-Raval,Food & Dining,Micro,Bengaluru,2024-12-19,Karnataka
1204,Sood-Rajagopal,Travel & Transport,Micro,Pune,2024-09-28,Maharashtra
1205,Barad PLC,Pharmacy,Micro,Bengaluru,2024-06-27,Karnataka
1206,Prakash Inc,Grocery,SME,Bhopal,2025-03-31,Madhya Pradesh
1207,Wali-Halder,Financial Services,SME,Mumbai,2025-10-29,Maharashtra
1208,Agrawal Ltd,Grocery,SME,Mumbai,2025-03-07,Maharashtra
1209,"Kothari, Kara and Padmanabhan",Food & Dining,SME,Ahmedabad,2025-01-03,Gujarat
1210,Dayal-Chauhan,Food & Dining,Enterprise,Kolkata,2024-02-25,West Bengal
1211,Thakur-Mohan,Fashion & Apparel,Micro,Pune,2025-12-30,Maharashtra
1212,Bhattacharyya Inc,Education,Micro,Hyderabad,2024-04-17,Telangana
1213,Mannan-Shah,Grocery,SME,Patna,2024-08-02,Bihar
1214,"Venkatesh, Viswanathan and Nazareth",Food & Dining,Micro,Chennai,2025-02-13,Tamil Nadu
1215,Desai-Oommen,Fuel,Micro,Jaipur,2025-10-16,Rajasthan
1216,Parmer-Guha,Utilities/Bill Pay,Micro,Indore,2024-01-25,Madhya Pradesh
1217,Raval Inc,Home Services,Enterprise,Jaipur,2025-09-05,Rajasthan
1218,Kapur Ltd,Travel & Transport,SME,Lucknow,2025-11-16,Uttar Pradesh
1219,Kakar Ltd,Fuel,Micro,Mumbai,2024-09-16,Maharashtra
1220,Thaman and Sons,Electronics,Micro,Delhi,2024-06-13,Delhi
1221,Peri Ltd,Travel & Transport,Micro,Mumbai,2025-12-04,Maharashtra
1222,"Barad, Prashad and Kumer",Food & Dining,Micro,Hyderabad,2024-10-06,Telangana
1223,"Bava, Bava and Chokshi",Pharmacy,Micro,Delhi,2024-02-27,Delhi
1224,"Bahri, Bava and D’Alia",Food & Dining,SME,Kolkata,2025-07-07,West Bengal
1225,Sawhney-Rai,Electronics,Micro,Bengaluru,2024-05-30,Karnataka
1226,Krishnan Group,Utilities/Bill Pay,Micro,Mumbai,2024-09-30,Maharashtra
1227,"Dua, Jha and Andra",Financial Services,SME,Chandigarh,2025-02-22,Punjab
1228,Salvi-Chaudhuri,Travel & Transport,Enterprise,Delhi,2024-08-21,Delhi
1229,"Venkatesh, Madan and Devan",Utilities/Bill Pay,Enterprise,Bhopal,2024-07-28,Madhya Pradesh
1230,Cheema-Vaidya,Travel & Transport,SME,Hyderabad,2024-01-11,Telangana
1231,"Dalal, Mandal and Comar",Travel & Transport,Micro,Mumbai,2024-07-06,Maharashtra
1232,Tank and Sons,Food & Dining,Micro,Delhi,2024-01-24,Delhi
1233,"Iyengar, Lall and Virk",Utilities/Bill Pay,SME,Hyderabad,2024-10-28,Telangana
1234,Parmar Ltd,Kirana/Local Store,Micro,Ahmedabad,2024-05-04,Gujarat
1235,Merchant-Dyal,Fashion & Apparel,Enterprise,Bengaluru,2024-11-22,Karnataka
1236,Taneja and Sons,Pharmacy,SME,Surat,2024-01-20,Gujarat
1237,"Srivastava, Narayanan and Keer",Fuel,SME,Delhi,2024-04-07,Delhi
1238,Arya Ltd,Grocery,SME,Ranchi,2025-11-13,Jharkhand
1239,Choudhry PLC,Grocery,Micro,Lucknow,2024-10-25,Uttar Pradesh
1240,"Tak, Dixit and Chana",Education,Micro,Ahmedabad,2025-10-07,Gujarat
1241,"Borde, Chaudhuri and Kunda",Pharmacy,Micro,Delhi,2024-06-11,Delhi
1242,"Kashyap, Shan and Minhas",Food & Dining,Micro,Pune,2025-11-28,Maharashtra
1243,Shetty-Bedi,Entertainment,Micro,Chennai,2024-12-14,Tamil Nadu
1244,Ghosh Inc,Fuel,SME,Surat,2025-11-06,Gujarat
1245,Parsa-Munshi,Food & Dining,SME,Lucknow,2024-06-02,Uttar Pradesh
1246,D’Alia-Chandran,Pharmacy,Micro,Nagpur,2025-10-15,Maharashtra
1247,Andra and Sons,Kirana/Local Store,Micro,Surat,2024-12-24,Gujarat
1248,"Garde, Narasimhan and Parmar",Fuel,Micro,Chennai,2025-03-26,Tamil Nadu
1249,Loyal-Chander,Grocery,Enterprise,Delhi,2024-09-12,Delhi
1250,Oommen-Goswami,Entertainment,Micro,Pune,2025-06-11,Maharashtra
1251,Rattan Group,Pharmacy,Micro,Patna,2024-02-08,Bihar
1252,Magar-Rajan,Fashion & Apparel,SME,Bhopal,2024-09-01,Madhya Pradesh
1253,"Sridhar, Sama and Ganesan",Fashion & Apparel,SME,Bengaluru,2024-12-09,Karnataka
1254,Deo Ltd,Home Services,SME,Mumbai,2024-02-10,Maharashtra
1255,"Bhargava, Dutta and Chawla",Fashion & Apparel,SME,Chandigarh,2024-11-08,Punjab
1256,Subramanian-Sarma,Grocery,Micro,Mumbai,2024-09-19,Maharashtra
1257,Raghavan LLC,Fashion & Apparel,Micro,Pune,2025-04-15,Maharashtra
1258,"Balakrishnan, De and Subramanian",Utilities/Bill Pay,SME,Chennai,2025-06-01,Tamil Nadu
1259,Chowdhury-Sabharwal,Grocery,Enterprise,Hyderabad,2025-11-21,Telangana
1260,Batra-Bhatnagar,Utilities/Bill Pay,SME,Delhi,2025-02-27,Delhi
1261,Murthy-Arora,Grocery,Micro,Jaipur,2024-01-23,Rajasthan
1262,"Vohra, Kapur and Nigam",Electronics,Micro,Pune,2025-02-12,Maharashtra
1263,"Virk, Chandran and Sant",Food & Dining,Micro,Ranchi,2024-07-05,Jharkhand
1264,"Kothari, Subramaniam and Pal",Fuel,SME,Pune,2025-08-24,Maharashtra
1265,"Rajan, Dixit and Bhagat",Food & Dining,Micro,Chandigarh,2024-07-09,Punjab
1266,Dugar PLC,Entertainment,SME,Delhi,2024-07-18,Delhi
1267,Tandon-Gandhi,Kirana/Local Store,SME,Pune,2025-12-07,Maharashtra
1268,Swamy LLC,Food & Dining,Enterprise,Mumbai,2024-05-05,Maharashtra
1269,Narayanan LLC,Travel & Transport,Micro,Nagpur,2025-09-12,Maharashtra
1270,Tripathi and Sons,Entertainment,Micro,Bengaluru,2025-05-26,Karnataka
1271,"Radhakrishnan, Rau and Keer",Electronics,Micro,Mumbai,2024-04-18,Maharashtra
1272,Sharaf Group,Fashion & Apparel,SME,Chandigarh,2024-11-17,Punjab
1273,"Sem, Chakrabarti and Tara",Grocery,Enterprise,Indore,2024-08-01,Madhya Pradesh
1274,Mutti-Dani,Entertainment,SME,Lucknow,2025-11-08,Uttar Pradesh
1275,Badami-Chauhan,Food & Dining,SME,Delhi,2024-08-25,Delhi
1276,Sachar-Banik,Food & Dining,SME,Pune,2024-11-15,Maharashtra
1277,"Acharya, Chand and Modi",Grocery,Micro,Patna,2024-07-13,Bihar
1278,"Jhaveri, Shan and Om",Food & Dining,Micro,Lucknow,2024-08-18,Uttar Pradesh
1279,Bhagat-Kapoor,Pharmacy,Micro,Mumbai,2024-12-16,Maharashtra
1280,Narula-Solanki,Home Services,Micro,Jaipur,2025-07-22,Rajasthan
1281,"Patla, Sethi and Comar",Education,Micro,Indore,2024-05-20,Madhya Pradesh
1282,Kapadia Inc,Financial Services,SME,Mumbai,2024-07-17,Maharashtra
1283,Pant-Manne,Utilities/Bill Pay,Micro,Lucknow,2024-09-08,Uttar Pradesh
1284,"Vig, Prakash and Cherian",Food & Dining,Enterprise,Nagpur,2025-05-08,Maharashtra
1285,Gala Group,Food & Dining,SME,Pune,2024-05-11,Maharashtra
1286,Rout Inc,Fuel,Micro,Surat,2025-01-24,Gujarat
1287,Hayre-Guha,Electronics,Micro,Bengaluru,2025-05-27,Karnataka
1288,Ramaswamy and Sons,Electronics,Micro,Ahmedabad,2025-06-19,Gujarat
1289,Halder-Nigam,Entertainment,Micro,Lucknow,2024-01-06,Uttar Pradesh
1290,Sachdeva Inc,Entertainment,Micro,Ahmedabad,2025-10-10,Gujarat
1291,"Dasgupta, Seshadri and Shankar",Pharmacy,SME,Delhi,2025-01-21,Delhi
1292,"Thaman, Desai and Tara",Pharmacy,Micro,Lucknow,2024-07-10,Uttar Pradesh
1293,Wali Ltd,Pharmacy,Enterprise,Lucknow,2025-02-27,Uttar Pradesh
1294,Sant PLC,Pharmacy,SME,Patna,2025-06-26,Bihar
1295,Trivedi-Goel,Utilities/Bill Pay,Micro,Chandigarh,2024-08-24,Punjab
1296,"Ghose, Dave and Chawla",Fuel,Micro,Mumbai,2025-08-03,Maharashtra
1297,Nagy-Thaman,Home Services,SME,Kolkata,2024-09-09,West Bengal
1298,Sahota-Kothari,Food & Dining,Micro,Hyderabad,2025-07-20,Telangana
1299,Rao-Oza,Grocery,SME,Pune,2024-11-12,Maharashtra
1300,Sethi-Deol,Food & Dining,Micro,Pune,2024-11-10,Maharashtra
1301,Sachar PLC,Fashion & Apparel,Micro,Hyderabad,2024-06-04,Telangana
1302,"Vala, Mistry and Murthy",Travel & Transport,Enterprise,Lucknow,2024-05-18,Uttar Pradesh
1303,"Kalla, Iyer and Kadakia",Kirana/Local Store,Micro,Patna,2024-06-27,Bihar
1304,"Mannan, Pai and Deo",Utilities/Bill Pay,Micro,Jaipur,2025-10-21,Rajasthan
1305,"Gokhale, Thakur and Naidu",Fuel,Micro,Mumbai,2024-04-22,Maharashtra
1306,"D’Alia, Pandey and Srinivasan",Financial Services,Micro,Mumbai,2025-03-13,Maharashtra
1307,"Sahni, Walla and Mangal",Grocery,SME,Pune,2024-10-02,Maharashtra
1308,Arya-Virk,Fashion & Apparel,Micro,Mumbai,2024-05-03,Maharashtra
1309,Bakshi Group,Electronics,Micro,Indore,2025-03-03,Madhya Pradesh
1310,Bera Ltd,Grocery,Micro,Bengaluru,2025-05-13,Karnataka
1311,Iyengar LLC,Home Services,Enterprise,Chennai,2024-05-29,Tamil Nadu
1312,Mangat Ltd,Fuel,Micro,Ranchi,2025-02-21,Jharkhand
1313,Dhingra-Bhatia,Fashion & Apparel,Micro,Bengaluru,2024-10-20,Karnataka
1314,"Merchant, Jani and Bali",Kirana/Local Store,Micro,Lucknow,2025-07-13,Uttar Pradesh
1315,Sethi-Chaudry,Travel & Transport,Micro,Nagpur,2025-12-23,Maharashtra
1316,"Kapur, Ramachandran and Khanna",Entertainment,Micro,Hyderabad,2025-09-11,Telangana
1317,"Mani, Batta and Raj",Travel & Transport,Micro,Bengaluru,2024-08-30,Karnataka
1318,Saha-Munshi,Travel & Transport,SME,Lucknow,2025-01-13,Uttar Pradesh
1319,"Bhagat, Arya and Krishnamurthy",Education,Micro,Mumbai,2025-02-10,Maharashtra
1320,Savant and Sons,Electronics,Micro,Mumbai,2024-04-02,Maharashtra
1321,"Pillai, Hegde and Hari",Grocery,Micro,Kolkata,2024-07-28,West Bengal
1322,Sen-Goel,Fashion & Apparel,SME,Mumbai,2025-05-24,Maharashtra
1323,"Borde, Grover and Ghose",Fuel,SME,Hyderabad,2024-05-09,Telangana
1324,"Varkey, Dar and Purohit",Travel & Transport,SME,Coimbatore,2024-10-05,Tamil Nadu
1325,Sangha LLC,Utilities/Bill Pay,SME,Mumbai,2024-01-11,Maharashtra
1326,"Lalla, De and Dyal",Home Services,SME,Kolkata,2024-09-20,West Bengal
1327,"Kumer, Ahluwalia and Narayanan",Financial Services,Micro,Mumbai,2024-04-11,Maharashtra
1328,Dubey-Baral,Fashion & Apparel,SME,Delhi,2024-02-29,Delhi
1329,Naidu PLC,Grocery,SME,Kolkata,2025-11-26,West Bengal
1330,Mitra Group,Home Services,Micro,Chennai,2025-08-15,Tamil Nadu
1331,"Parmar, Bora and Nadkarni",Electronics,Micro,Kolkata,2024-06-21,West Bengal
1332,"Kannan, Gour and Verma",Travel & Transport,Micro,Bengaluru,2024-04-07,Karnataka
1333,Tiwari and Sons,Education,Enterprise,Hyderabad,2025-05-09,Telangana
1334,Yadav-Raval,Travel & Transport,Micro,Kochi,2025-04-02,Kerala
1335,Palla and Sons,Food & Dining,SME,Bengaluru,2024-02-20,Karnataka
1336,Narula LLC,Travel & Transport,SME,Ahmedabad,2024-03-27,Gujarat
1337,Memon-Kamdar,Fuel,SME,Bengaluru,2025-11-16,Karnataka
1338,"Wali, Soman and Andra",Education,Micro,Bhopal,2024-03-10,Madhya Pradesh
1339,Pal Group,Electronics,Micro,Surat,2025-05-27,Gujarat
1340,Kohli Inc,Kirana/Local Store,Enterprise,Kochi,2024-02-02,Kerala
1341,"Nagi, Raj and Comar",Financial Services,SME,Delhi,2024-09-30,Delhi
1342,Kunda-Zachariah,Grocery,Micro,Chennai,2025-04-25,Tamil Nadu
1343,"Mandal, Bakshi and Varughese",Food & Dining,Micro,Delhi,2024-12-11,Delhi
1344,Varkey-Trivedi,Fashion & Apparel,Micro,Pune,2025-12-07,Maharashtra
1345,Sur-Bassi,Food & Dining,Micro,Jaipur,2024-03-10,Rajasthan
1346,Hans-Nagi,Fuel,SME,Delhi,2024-10-29,Delhi
1347,"Butala, Char and Ganesh",Food & Dining,Micro,Chennai,2025-03-23,Tamil Nadu
1348,"Walla, Amble and Bhatti",Utilities/Bill Pay,Micro,Guwahati,2025-08-19,Assam
1349,Kala Ltd,Utilities/Bill Pay,Micro,Delhi,2024-11-27,Delhi
1350,Chawla-Jha,Education,Micro,Bengaluru,2025-07-27,Karnataka
1351,"Saran, Bora and Dube",Pharmacy,Micro,Bengaluru,2025-09-18,Karnataka
1352,Sharaf Ltd,Fuel,Micro,Bhopal,2024-10-17,Madhya Pradesh
1353,Barad-Chahal,Home Services,Micro,Nagpur,2024-05-23,Maharashtra
1354,Bhagat and Sons,Pharmacy,Micro,Bhopal,2024-08-28,Madhya Pradesh
1355,Bobal-Kari,Grocery,Micro,Kolkata,2025-07-14,West Bengal
1356,Reddy-Rama,Home Services,Micro,Mumbai,2025-07-30,Maharashtra
1357,Ravel-Sant,Financial Services,SME,Hyderabad,2024-11-27,Telangana
1358,Badal-Ramachandran,Home Services,Micro,Delhi,2025-12-23,Delhi
1359,"Dani, Warrior and Ahuja",Utilities/Bill Pay,Micro,Pune,2024-12-08,Maharashtra
1360,"Bhatnagar, Bath and Bora",Grocery,Micro,Hyderabad,2025-06-24,Telangana
1361,Thakkar-Cherian,Electronics,Micro,Indore,2024-12-26,Madhya Pradesh
1362,Mitra-Chadha,Travel & Transport,Micro,Jaipur,2025-10-21,Rajasthan
1363,Sarma-Raj,Financial Services,Enterprise,Surat,2025-12-12,Gujarat
1364,Balasubramanian-Som,Grocery,Micro,Guwahati,2025-01-05,Assam
1365,Walla and Sons,Electronics,Micro,Kolkata,2024-01-18,West Bengal
1366,Raman PLC,Grocery,Micro,Surat,2025-06-26,Gujarat
1367,Dhawan-Misra,Kirana/Local Store,Enterprise,Mumbai,2025-05-30,Maharashtra
1368,"Prakash, Apte and Dhaliwal",Fashion & Apparel,Micro,Mumbai,2025-12-20,Maharashtra
1369,Barman Inc,Food & Dining,Micro,Delhi,2024-09-12,Delhi
1370,"Ramesh, Yogi and Chada",Entertainment,SME,Jaipur,2025-02-07,Rajasthan
1371,Kade-Padmanabhan,Home Services,Micro,Hyderabad,2024-09-06,Telangana
1372,Sachar Ltd,Kirana/Local Store,SME,Nagpur,2024-07-28,Maharashtra
1373,"Dhar, Dyal and Gour",Electronics,Micro,Mumbai,2025-02-19,Maharashtra
1374,Krishnan and Sons,Food & Dining,Micro,Pune,2025-06-14,Maharashtra
1375,Golla Ltd,Food & Dining,Micro,Bengaluru,2025-10-12,Karnataka
1376,"Bhagat, Shenoy and Bora",Financial Services,SME,Hyderabad,2025-02-12,Telangana
1377,Bhavsar-Krishna,Food & Dining,SME,Lucknow,2025-01-21,Uttar Pradesh
1378,Hora Ltd,Pharmacy,Enterprise,Chennai,2024-04-24,Tamil Nadu
1379,"Sur, Narayanan and Parikh",Utilities/Bill Pay,SME,Delhi,2024-12-07,Delhi
1380,Keer Inc,Grocery,SME,Mumbai,2025-10-27,Maharashtra
1381,Boase-Hari,Grocery,Micro,Hyderabad,2024-04-20,Telangana
1382,Sunder-Seshadri,Kirana/Local Store,Micro,Hyderabad,2024-11-30,Telangana
1383,Mohan-Dua,Grocery,Enterprise,Coimbatore,2024-02-06,Tamil Nadu
1384,"Patla, Mutti and Sangha",Travel & Transport,SME,Hyderabad,2024-02-21,Telangana
1385,Agrawal LLC,Kirana/Local Store,Micro,Bengaluru,2025-06-21,Karnataka
1386,Kant Ltd,Home Services,Micro,Mumbai,2025-01-30,Maharashtra
1387,"Sarin, Malhotra and Parsa",Utilities/Bill Pay,Enterprise,Chennai,2025-06-21,Tamil Nadu
1388,Narula Group,Utilities/Bill Pay,SME,Bengaluru,2024-11-19,Karnataka
1389,Sehgal-Parmer,Fuel,SME,Jaipur,2025-03-20,Rajasthan
1390,Sur-Chopra,Fuel,SME,Delhi,2025-08-09,Delhi
1391,Bumb LLC,Food & Dining,SME,Bhopal,2024-07-05,Madhya Pradesh
1392,Yohannan and Sons,Grocery,Micro,Ahmedabad,2024-12-08,Gujarat
1393,Bose-Borra,Grocery,SME,Bengaluru,2024-01-27,Karnataka
1394,Tripathi Ltd,Food & Dining,Micro,Lucknow,2024-02-10,Uttar Pradesh
1395,Ravel PLC,Fuel,Micro,Indore,2025-01-11,Madhya Pradesh
1396,Bansal PLC,Grocery,SME,Bhopal,2025-01-01,Madhya Pradesh
1397,Zacharia-Sodhi,Travel & Transport,SME,Ranchi,2025-03-24,Jharkhand
1398,"Dixit, Pau and Ramanathan",Grocery,Enterprise,Lucknow,2024-05-08,Uttar Pradesh
1399,Mannan and Sons,Food & Dining,Enterprise,Hyderabad,2024-11-06,Telangana
1400,Thaker-Uppal,Electronics,SME,Mumbai,2024-11-07,Maharashtra
1401,Ranganathan LLC,Food & Dining,Micro,Jaipur,2024-04-18,Rajasthan
1402,"Anne, Khare and Gandhi",Kirana/Local Store,Enterprise,Lucknow,2025-08-16,Uttar Pradesh
1403,"Dey, Sehgal and Dutta",Grocery,SME,Chennai,2024-11-24,Tamil Nadu
1404,Dhingra Ltd,Fashion & Apparel,Micro,Bengaluru,2024-04-28,Karnataka
1405,"Sule, Parmer and Baria",Electronics,Micro,Surat,2025-01-18,Gujarat
1406,Sura and Sons,Kirana/Local Store,SME,Bengaluru,2024-04-25,Karnataka
1407,Lalla LLC,Entertainment,Micro,Mumbai,2025-05-18,Maharashtra
1408,Basak Ltd,Utilities/Bill Pay,Micro,Bengaluru,2025-04-10,Karnataka
1409,Vasa LLC,Food & Dining,Enterprise,Lucknow,2025-02-21,Uttar Pradesh
1410,Singh-Sha,Pharmacy,Micro,Hyderabad,2024-11-18,Telangana
1411,Baral Ltd,Grocery,Micro,Delhi,2025-10-13,Delhi
1412,Chauhan-Verma,Food & Dining,Micro,Chennai,2024-01-04,Tamil Nadu
1413,"Mahal, Lall and Ghosh",Food & Dining,Micro,Indore,2024-03-10,Madhya Pradesh
1414,Radhakrishnan-Pau,Pharmacy,SME,Pune,2024-11-16,Maharashtra
1415,"Brahmbhatt, Varughese and Krishnamurthy",Travel & Transport,Micro,Kolkata,2025-04-17,West Bengal
1416,Kapoor-Varty,Travel & Transport,Micro,Pune,2025-11-21,Maharashtra
1417,Pandit-Pai,Utilities/Bill Pay,Micro,Kolkata,2024-08-19,West Bengal
1418,Subramaniam-Ahuja,Food & Dining,Micro,Jaipur,2024-12-13,Rajasthan
1419,"Dewan, Sarraf and Gandhi",Education,Micro,Kochi,2024-06-19,Kerala
1420,Bose PLC,Food & Dining,Enterprise,Hyderabad,2024-03-22,Telangana
1421,"Mand, Kakar and Doctor",Education,Micro,Chandigarh,2024-03-03,Punjab
1422,Dugar LLC,Electronics,SME,Bengaluru,2025-05-21,Karnataka
1423,"Dani, Karpe and Sachdeva",Grocery,Enterprise,Chandigarh,2024-06-23,Punjab
1424,Comar-Subramaniam,Food & Dining,Micro,Delhi,2024-12-07,Delhi
1425,"Srinivas, Srinivas and Kade",Grocery,Micro,Delhi,2025-07-11,Delhi
1426,"Edwin, Roy and Bains",Food & Dining,Micro,Kolkata,2025-07-15,West Bengal
1427,Bassi and Sons,Food & Dining,Micro,Patna,2025-10-13,Bihar
1428,"Dyal, Desai and Vala",Grocery,SME,Nagpur,2024-05-23,Maharashtra
1429,Din Inc,Electronics,Micro,Indore,2025-06-01,Madhya Pradesh
1430,Kuruvilla and Sons,Grocery,SME,Delhi,2025-11-30,Delhi
1431,"Ravi, Bahl and Mander",Education,SME,Chandigarh,2025-06-11,Punjab
1432,Kalita Group,Pharmacy,Micro,Nagpur,2024-01-02,Maharashtra
1433,"Sinha, Subramaniam and Garde",Grocery,Micro,Mumbai,2024-08-20,Maharashtra
1434,Roy PLC,Grocery,Micro,Delhi,2025-10-04,Delhi
1435,Gopal PLC,Travel & Transport,SME,Delhi,2024-09-01,Delhi
1436,"Vaidya, Lalla and Ganesh",Grocery,Micro,Patna,2024-02-15,Bihar
1437,"Oommen, Setty and Biswas",Fashion & Apparel,Micro,Kolkata,2025-07-06,West Bengal
1438,Radhakrishnan Group,Kirana/Local Store,Micro,Mumbai,2024-08-12,Maharashtra
1439,Chopra Inc,Fuel,Micro,Bengaluru,2024-06-09,Karnataka
1440,Virk PLC,Food & Dining,SME,Hyderabad,2024-09-12,Telangana
1441,"Saini, Doctor and Char",Fuel,SME,Bengaluru,2024-06-15,Karnataka
1442,Soni PLC,Kirana/Local Store,Micro,Kochi,2025-09-18,Kerala
1443,"Barad, Wali and Thakur",Grocery,Micro,Pune,2025-10-21,Maharashtra
1444,Chander Group,Fashion & Apparel,Micro,Delhi,2025-05-02,Delhi
1445,"De, Zacharia and Agarwal",Pharmacy,Micro,Hyderabad,2025-04-24,Telangana
1446,"Sankar, Vig and Salvi",Fashion & Apparel,Micro,Bengaluru,2024-03-08,Karnataka
1447,Bassi-Wagle,Grocery,Micro,Jaipur,2025-06-20,Rajasthan
1448,Karnik-Subramaniam,Food & Dining,Micro,Bengaluru,2024-01-13,Karnataka
1449,Palla-Chaudhari,Travel & Transport,Micro,Mumbai,2024-09-01,Maharashtra
1450,Desai-Kumar,Grocery,SME,Chennai,2024-04-02,Tamil Nadu
1451,Kaul-Chacko,Electronics,Enterprise,Chennai,2025-01-24,Tamil Nadu
1452,Rege-Kurian,Home Services,Micro,Pune,2025-03-11,Maharashtra
1453,Ahluwalia Ltd,Education,Micro,Kolkata,2024-04-30,West Bengal
1454,"Amble, Virk and Dalal",Fuel,Micro,Chennai,2024-08-19,Tamil Nadu
1455,"Amble, Prashad and Jha",Grocery,SME,Lucknow,2024-06-25,Uttar Pradesh
1456,"Mutti, Rege and Pathak",Food & Dining,SME,Kolkata,2025-12-21,West Bengal
1457,Dubey Group,Pharmacy,SME,Delhi,2024-04-11,Delhi
1458,"Kulkarni, Lal and Wason",Food & Dining,Micro,Pune,2025-08-03,Maharashtra
1459,Pau-Majumdar,Pharmacy,Micro,Chennai,2024-07-12,Tamil Nadu
1460,"Ranganathan, Jani and Sachdev",Utilities/Bill Pay,Micro,Lucknow,2024-04-04,Uttar Pradesh
1461,"Subramanian, Gola and Prabhakar",Fashion & Apparel,SME,Bengaluru,2024-05-22,Karnataka
1462,"Sule, Kulkarni and Mohanty",Grocery,Micro,Mumbai,2024-01-15,Maharashtra
1463,"Padmanabhan, Rao and Devi",Home Services,Micro,Bengaluru,2024-06-08,Karnataka
1464,"Dani, Karpe and Sekhon",Home Services,SME,Indore,2024-09-29,Madhya Pradesh
1465,"Edwin, Chaudhry and Kala",Fuel,Micro,Bhopal,2025-03-20,Madhya Pradesh
1466,"Rattan, Nigam and Ben",Fashion & Apparel,SME,Mumbai,2025-05-23,Maharashtra
1467,Ramachandran Ltd,Fuel,Micro,Mumbai,2025-11-29,Maharashtra
1468,Chand and Sons,Pharmacy,Micro,Bengaluru,2024-11-26,Karnataka
1469,Saran-Chakrabarti,Electronics,Enterprise,Hyderabad,2024-02-02,Telangana
1470,Lall and Sons,Utilities/Bill Pay,Micro,Kolkata,2024-01-19,West Bengal
1471,Buch-Barad,Entertainment,SME,Coimbatore,2025-09-05,Tamil Nadu
1472,"Rajagopalan, Rattan and Verma",Education,SME,Patna,2024-06-02,Bihar
1473,Bhandari-Gill,Food & Dining,Micro,Nagpur,2024-04-14,Maharashtra
1474,"Talwar, Sarna and Anne",Fashion & Apparel,Micro,Mumbai,2024-07-25,Maharashtra
1475,Vasa LLC,Grocery,Micro,Ahmedabad,2024-11-07,Gujarat
1476,Bandi PLC,Electronics,Micro,Ahmedabad,2025-07-05,Gujarat
1477,"Varty, Kata and Gara",Fashion & Apparel,SME,Coimbatore,2024-12-26,Tamil Nadu
1478,"Banik, Parsa and Khare",Fuel,Micro,Nagpur,2024-04-23,Maharashtra
1479,"Acharya, Dugar and Chadha",Grocery,Micro,Guwahati,2024-05-22,Assam
1480,Ratta-Pandit,Food & Dining,Micro,Hyderabad,2024-08-10,Telangana
1481,"Rana, Ravi and Iyer",Travel & Transport,Micro,Chandigarh,2024-12-21,Punjab
1482,"Aurora, Biswas and Chana",Utilities/Bill Pay,SME,Mumbai,2025-02-04,Maharashtra
1483,"Mane, Pall and Palan",Electronics,Enterprise,Kolkata,2025-09-30,West Bengal
1484,Kara-Hayer,Utilities/Bill Pay,Enterprise,Hyderabad,2025-02-27,Telangana
1485,Raval-Agrawal,Grocery,SME,Jaipur,2025-09-24,Rajasthan
1486,Gill-Ray,Grocery,Micro,Chandigarh,2024-03-16,Punjab
1487,"Chhabra, Bora and Thakur",Kirana/Local Store,Micro,Delhi,2024-08-14,Delhi
1488,Oak-Dada,Grocery,Micro,Ahmedabad,2024-01-27,Gujarat
1489,"Kurian, Yogi and Krishna",Travel & Transport,SME,Nagpur,2024-10-14,Maharashtra
1490,"Savant, Purohit and Sule",Grocery,Micro,Bengaluru,2025-06-07,Karnataka
1491,Nori Group,Food & Dining,SME,Chennai,2025-11-14,Tamil Nadu
1492,"Sharma, Bala and Subramaniam",Food & Dining,Enterprise,Hyderabad,2024-10-14,Telangana
1493,Kuruvilla Inc,Electronics,Micro,Bengaluru,2024-10-20,Karnataka
1494,Kannan-Karpe,Entertainment,SME,Kolkata,2024-01-03,West Bengal
1495,Sachar-Pandit,Pharmacy,Micro,Guwahati,2024-09-10,Assam
1496,"Wason, Andra and Lall",Utilities/Bill Pay,Micro,Delhi,2025-09-23,Delhi
1497,Mani Inc,Food & Dining,SME,Mumbai,2025-07-12,Maharashtra
1498,Oommen-Borra,Fashion & Apparel,SME,Pune,2024-01-19,Maharashtra
1499,"Gokhale, Soni and Murthy",Kirana/Local Store,SME,Surat,2024-10-23,Gujarat
1500,Kamdar-Luthra,Food & Dining,SME,Kochi,2024-09-17,Kerala
1501,Gupta Group,Grocery,Micro,Ranchi,2025-10-16,Jharkhand
1502,"Iyengar, Keer and Khurana",Electronics,Micro,Nagpur,2025-11-08,Maharashtra
1503,Jhaveri-Karnik,Grocery,Micro,Mumbai,2025-02-05,Maharashtra
1504,Krish PLC,Fashion & Apparel,SME,Delhi,2024-09-05,Delhi
1505,Dugal-Chhabra,Grocery,Micro,Indore,2025-11-07,Madhya Pradesh
1506,Brar Ltd,Grocery,Micro,Mumbai,2025-04-14,Maharashtra
1507,"Tailor, Ahuja and Basak",Grocery,Micro,Kolkata,2025-03-28,West Bengal
1508,Prabhu-Murty,Food & Dining,Micro,Chennai,2025-12-26,Tamil Nadu
1509,Maharaj-Swaminathan,Electronics,Micro,Bengaluru,2024-11-15,Karnataka
1510,Vaidya LLC,Grocery,Micro,Pune,2024-03-20,Maharashtra
1511,Kapadia-Dave,Education,Micro,Bhopal,2025-08-30,Madhya Pradesh
1512,Vora Group,Electronics,Micro,Hyderabad,2024-10-14,Telangana
1513,Zachariah-Bali,Food & Dining,SME,Bengaluru,2024-06-06,Karnataka
1514,"Palan, Ramesh and Ghosh",Grocery,Micro,Delhi,2024-09-27,Delhi
1515,Dara-Vasa,Fashion & Apparel,SME,Bengaluru,2025-05-20,Karnataka
1516,Mutti-Anand,Grocery,SME,Delhi,2024-03-10,Delhi
1517,Kade Group,Pharmacy,Micro,Mumbai,2024-08-11,Maharashtra
1518,"Chaudhuri, Nanda and Pathak",Education,SME,Jaipur,2024-09-04,Rajasthan
1519,"Lad, Grover and Lall",Grocery,Micro,Pune,2025-12-07,Maharashtra
1520,Luthra Group,Grocery,Micro,Kochi,2024-09-28,Kerala
1521,"Oza, Pau and Gour",Pharmacy,SME,Kolkata,2024-05-07,West Bengal
1522,Samra-Kade,Fashion & Apparel,Micro,Hyderabad,2025-12-04,Telangana
1523,Pradhan-Patla,Utilities/Bill Pay,Micro,Guwahati,2024-12-30,Assam
1524,Mammen-Seshadri,Grocery,Enterprise,Bhopal,2024-03-04,Madhya Pradesh
1525,Deep PLC,Pharmacy,SME,Bengaluru,2025-03-09,Karnataka
1526,"Karnik, Chaudhry and Madan",Grocery,SME,Bengaluru,2025-09-18,Karnataka
1527,Sankaran Group,Fashion & Apparel,Micro,Ranchi,2025-10-29,Jharkhand
1528,Dhingra Ltd,Electronics,SME,Mumbai,2024-11-05,Maharashtra
1529,Solanki Inc,Entertainment,Micro,Bhopal,2025-07-25,Madhya Pradesh
1530,Sama Group,Financial Services,Micro,Delhi,2024-01-05,Delhi
1531,Varughese PLC,Fuel,Micro,Kochi,2025-07-14,Kerala
1532,"Mutti, Sur and Mital",Home Services,Micro,Ahmedabad,2024-09-10,Gujarat
1533,Batta-Rao,Education,SME,Bengaluru,2025-05-06,Karnataka
1534,Gade Inc,Food & Dining,SME,Mumbai,2024-05-08,Maharashtra
1535,Kumar Group,Fuel,Micro,Bengaluru,2025-03-04,Karnataka
1536,"Char, Sengupta and Natt",Home Services,Micro,Delhi,2024-09-23,Delhi
1537,Patel-Parsa,Kirana/Local Store,Micro,Mumbai,2024-03-25,Maharashtra
1538,"Kurian, Padmanabhan and Bahri",Utilities/Bill Pay,Micro,Lucknow,2025-07-21,Uttar Pradesh
1539,Dara-Panchal,Grocery,SME,Bhopal,2025-08-24,Madhya Pradesh
1540,"Issac, Yohannan and Ghosh",Fashion & Apparel,Micro,Mumbai,2025-10-10,Maharashtra
1541,Pant-Nair,Financial Services,Micro,Mumbai,2024-08-13,Maharashtra
1542,"Uppal, Sura and Sekhon",Pharmacy,SME,Delhi,2024-04-18,Delhi
1543,Raj PLC,Electronics,SME,Kolkata,2024-07-28,West Bengal
1544,Sheth-Dhillon,Grocery,Micro,Bengaluru,2025-09-01,Karnataka
1545,Nazareth Group,Electronics,Micro,Chennai,2025-08-15,Tamil Nadu
1546,"Ravel, Bora and Buch",Pharmacy,Micro,Ranchi,2025-04-23,Jharkhand
1547,Oza and Sons,Utilities/Bill Pay,Micro,Bengaluru,2024-08-21,Karnataka
1548,Nadig-Manne,Fashion & Apparel,Micro,Delhi,2024-01-06,Delhi
1549,"Loke, Rana and Madan",Grocery,Micro,Mumbai,2024-06-27,Maharashtra
1550,Patil-Verma,Fuel,SME,Hyderabad,2024-12-05,Telangana
1551,Sachdev-Ganesh,Financial Services,Micro,Chennai,2025-05-15,Tamil Nadu
1552,Bajaj and Sons,Fashion & Apparel,Micro,Delhi,2025-08-03,Delhi
1553,"Keer, Krishnamurthy and Buch",Utilities/Bill Pay,Micro,Pune,2024-07-27,Maharashtra
1554,Ganesan Group,Food & Dining,SME,Indore,2025-04-14,Madhya Pradesh
1555,Chandran Inc,Food & Dining,Micro,Hyderabad,2025-10-25,Telangana
1556,Bhagat-Bal,Home Services,Micro,Kolkata,2024-03-01,West Bengal
1557,Viswanathan-Chacko,Kirana/Local Store,SME,Kolkata,2024-10-17,West Bengal
1558,Lala PLC,Entertainment,Micro,Hyderabad,2025-05-25,Telangana
1559,Chad Ltd,Utilities/Bill Pay,SME,Bengaluru,2024-12-20,Karnataka
1560,More-Karnik,Utilities/Bill Pay,SME,Jaipur,2024-06-19,Rajasthan
1561,Mander Group,Fashion & Apparel,Micro,Bengaluru,2024-03-24,Karnataka
1562,"Date, Deep and Vyas",Fuel,Micro,Patna,2025-10-18,Bihar
1563,Balakrishnan Inc,Pharmacy,Micro,Ahmedabad,2024-03-12,Gujarat
1564,"Parikh, Nanda and Soni",Electronics,SME,Mumbai,2025-08-26,Maharashtra
1565,Zachariah-Magar,Grocery,Micro,Mumbai,2024-08-12,Maharashtra
1566,"Saxena, Deshmukh and Zacharia",Food & Dining,Micro,Bengaluru,2024-06-06,Karnataka
1567,Shan Ltd,Kirana/Local Store,Micro,Hyderabad,2025-08-04,Telangana
1568,"Saran, Viswanathan and Walla",Home Services,Micro,Delhi,2025-11-28,Delhi
1569,Palan-Subramaniam,Education,Micro,Chandigarh,2024-01-30,Punjab
1570,"Karan, Chakraborty and Sathe",Utilities/Bill Pay,Micro,Mumbai,2025-07-02,Maharashtra
1571,Pau-Sachar,Electronics,SME,Kolkata,2025-10-06,West Bengal
1572,Dugal-Mitter,Pharmacy,Micro,Lucknow,2025-03-30,Uttar Pradesh
1573,Acharya PLC,Electronics,Micro,Hyderabad,2024-03-15,Telangana
1574,Padmanabhan LLC,Grocery,SME,Jaipur,2025-08-19,Rajasthan
1575,Warrior-Anand,Travel & Transport,SME,Bhopal,2025-10-18,Madhya Pradesh
1576,"Swamy, Sood and Mistry",Pharmacy,Micro,Delhi,2024-02-02,Delhi
1577,Sani LLC,Entertainment,SME,Bengaluru,2024-07-30,Karnataka
1578,"Kashyap, Amble and Prakash",Food & Dining,SME,Hyderabad,2024-02-26,Telangana
1579,Sabharwal PLC,Utilities/Bill Pay,SME,Kolkata,2025-08-27,West Bengal
1580,Rana-Krish,Entertainment,Micro,Kolkata,2025-06-09,West Bengal
1581,Ramakrishnan Group,Grocery,Micro,Mumbai,2024-05-17,Maharashtra
1582,Lall Inc,Utilities/Bill Pay,Micro,Patna,2024-03-29,Bihar
1583,Khatri-Varughese,Fuel,Enterprise,Mumbai,2025-06-25,Maharashtra
1584,"Magar, Mane and Wali",Grocery,Micro,Lucknow,2025-05-15,Uttar Pradesh
1585,Sachar-Guha,Entertainment,SME,Delhi,2024-03-18,Delhi
1586,Gopal and Sons,Entertainment,SME,Bengaluru,2024-12-17,Karnataka
1587,Choudhry-Shah,Grocery,Enterprise,Ranchi,2024-09-10,Jharkhand
1588,"Sethi, Magar and Swamy",Electronics,Micro,Pune,2024-04-29,Maharashtra
1589,Nagi Inc,Travel & Transport,Micro,Ahmedabad,2024-09-25,Gujarat
1590,Bawa PLC,Fuel,SME,Jaipur,2024-01-08,Rajasthan
1591,Grewal Inc,Pharmacy,Enterprise,Mumbai,2025-03-07,Maharashtra
1592,Luthra-Dass,Grocery,Micro,Guwahati,2024-08-08,Assam
1593,"Sarma, Anand and Kaul",Home Services,Micro,Mumbai,2024-01-03,Maharashtra
1594,Dora Inc,Electronics,SME,Surat,2024-02-27,Gujarat
1595,Kalla-Oommen,Travel & Transport,SME,Jaipur,2025-06-07,Rajasthan
1596,Muni-Tara,Fuel,Micro,Bengaluru,2024-11-16,Karnataka
1597,Sheth-Balay,Grocery,SME,Ranchi,2025-01-20,Jharkhand
1598,Buch-Dhingra,Financial Services,Micro,Delhi,2025-02-07,Delhi
1599,Lata Group,Kirana/Local Store,SME,Jaipur,2025-03-28,Rajasthan
1600,Singhal and Sons,Grocery,Enterprise,Mumbai,2025-10-23,Maharashtra
1601,Krishna Group,Food & Dining,Micro,Hyderabad,2024-02-15,Telangana
1602,Dara Ltd,Utilities/Bill Pay,Micro,Bhopal,2025-12-13,Madhya Pradesh
1603,Rajan Group,Fashion & Apparel,SME,Patna,2025-02-15,Bihar
1604,Bandi and Sons,Pharmacy,SME,Kochi,2024-04-18,Kerala
1605,Chandra-Verma,Fuel,Enterprise,Bengaluru,2025-08-19,Karnataka
1606,"Joshi, Solanki and Ramachandran",Electronics,Enterprise,Mumbai,2024-01-18,Maharashtra
1607,"Muni, Naidu and Dutt",Grocery,SME,Mumbai,2025-10-16,Maharashtra
1608,"Basak, Verma and Das",Pharmacy,Enterprise,Bengaluru,2024-04-03,Karnataka
1609,Srivastava-Misra,Utilities/Bill Pay,Micro,Bengaluru,2024-12-08,Karnataka
1610,Patel Inc,Grocery,SME,Bengaluru,2025-12-06,Karnataka
1611,"Kamdar, Chowdhury and Keer",Food & Dining,Micro,Mumbai,2025-11-20,Maharashtra
1612,"Saraf, Nair and Aurora",Utilities/Bill Pay,Micro,Chennai,2024-07-01,Tamil Nadu
1613,Majumdar PLC,Food & Dining,Micro,Mumbai,2025-07-02,Maharashtra
1614,Randhawa and Sons,Entertainment,SME,Hyderabad,2024-10-11,Telangana
1615,Basak PLC,Electronics,SME,Mumbai,2024-11-21,Maharashtra
1616,"Soman, Dubey and Prabhu",Food & Dining,SME,Mumbai,2024-05-30,Maharashtra
1617,Kothari and Sons,Food & Dining,SME,Chandigarh,2025-05-27,Punjab
1618,Chand-Nigam,Electronics,Micro,Lucknow,2025-01-22,Uttar Pradesh
1619,"Bhasin, Bhasin and Parekh",Utilities/Bill Pay,Micro,Kolkata,2024-04-21,West Bengal
1620,"Dube, Yadav and Chhabra",Pharmacy,SME,Chennai,2024-07-22,Tamil Nadu
1621,Sura and Sons,Fuel,Micro,Ranchi,2024-03-24,Jharkhand
1622,Palan-Sarna,Utilities/Bill Pay,Micro,Chandigarh,2025-08-23,Punjab
1623,"Hans, Bail and Purohit",Pharmacy,Micro,Pune,2025-04-26,Maharashtra
1624,Desai-Krishna,Travel & Transport,Micro,Delhi,2024-12-16,Delhi
1625,Sundaram Ltd,Grocery,SME,Lucknow,2024-06-13,Uttar Pradesh
1626,Menon-Suri,Electronics,SME,Patna,2024-12-02,Bihar
1627,Grover PLC,Entertainment,SME,Delhi,2024-01-21,Delhi
1628,Naik-Sidhu,Travel & Transport,Micro,Mumbai,2024-04-09,Maharashtra
1629,Dyal-Biswas,Home Services,SME,Mumbai,2024-09-17,Maharashtra
1630,"Dubey, Sengupta and Merchant",Food & Dining,Micro,Ahmedabad,2025-07-14,Gujarat
1631,Peri-Setty,Fashion & Apparel,Micro,Chennai,2025-10-12,Tamil Nadu
1632,Toor Group,Electronics,SME,Coimbatore,2025-10-15,Tamil Nadu
1633,"Goyal, Bahl and Patla",Grocery,SME,Chandigarh,2025-12-17,Punjab
1634,"Khare, Nagi and Bhatnagar",Food & Dining,SME,Hyderabad,2024-04-08,Telangana
1635,"Yohannan, Ram and Gupta",Fuel,Micro,Mumbai,2024-06-04,Maharashtra
1636,"Tank, Dube and Mandal",Entertainment,Micro,Bengaluru,2025-08-08,Karnataka
1637,Rout-Nagy,Grocery,Micro,Surat,2025-10-11,Gujarat
1638,Char PLC,Food & Dining,Micro,Bengaluru,2024-05-07,Karnataka
1639,"Bhavsar, Bassi and Dayal",Fuel,Micro,Mumbai,2025-11-23,Maharashtra
1640,Balay and Sons,Grocery,SME,Delhi,2025-01-19,Delhi
1641,Sunder and Sons,Utilities/Bill Pay,Micro,Lucknow,2024-11-03,Uttar Pradesh
1642,Balay PLC,Education,SME,Jaipur,2025-04-05,Rajasthan
1643,"Rama, Suri and Vora",Travel & Transport,Micro,Pune,2024-11-28,Maharashtra
1644,"Kunda, Bawa and Peri",Utilities/Bill Pay,SME,Pune,2025-03-29,Maharashtra
1645,Bobal Inc,Food & Dining,Micro,Bengaluru,2025-01-05,Karnataka
1646,Swamy Inc,Electronics,Micro,Hyderabad,2024-04-22,Telangana
1647,Bhat-Patel,Utilities/Bill Pay,Enterprise,Hyderabad,2025-04-18,Telangana
1648,"Sagar, Pillay and Bhardwaj",Electronics,Micro,Delhi,2025-03-30,Delhi
1649,"Lata, Wadhwa and Baria",Grocery,SME,Hyderabad,2024-11-17,Telangana
1650,"Bobal, Modi and Brahmbhatt",Food & Dining,Enterprise,Bengaluru,2025-06-13,Karnataka
1651,Venkataraman Inc,Fuel,Micro,Jaipur,2024-04-14,Rajasthan
1652,Kashyap PLC,Pharmacy,SME,Bengaluru,2025-08-12,Karnataka
1653,Gupta-Hans,Utilities/Bill Pay,Micro,Chennai,2025-11-18,Tamil Nadu
1654,"Kothari, Gola and Sagar",Financial Services,Micro,Bhopal,2025-05-09,Madhya Pradesh
1655,"Cherian, Parmar and Shanker",Fashion & Apparel,Micro,Mumbai,2024-06-16,Maharashtra
1656,"Sane, Chawla and Ganesan",Food & Dining,Micro,Bengaluru,2024-04-03,Karnataka
1657,Ratti PLC,Education,SME,Lucknow,2025-09-17,Uttar Pradesh
1658,Dugar-Walla,Home Services,SME,Ahmedabad,2024-05-10,Gujarat
1659,"Savant, Pandey and Murty",Education,Micro,Mumbai,2024-04-20,Maharashtra
1660,"Nair, Prabhu and Sachar",Travel & Transport,Micro,Hyderabad,2024-05-02,Telangana
1661,"Sani, Naik and Khosla",Home Services,Micro,Pune,2024-04-13,Maharashtra
1662,"Kala, Prashad and Kumar",Food & Dining,Enterprise,Hyderabad,2025-12-20,Telangana
1663,Sethi-Sem,Grocery,SME,Ahmedabad,2025-11-08,Gujarat
1664,Acharya-Banerjee,Travel & Transport,Micro,Hyderabad,2024-10-02,Telangana
1665,Babu-Vasa,Education,Micro,Mumbai,2025-10-13,Maharashtra
1666,Mittal Inc,Kirana/Local Store,Micro,Mumbai,2025-07-15,Maharashtra
1667,Kapadia-Kala,Fashion & Apparel,Micro,Lucknow,2025-07-19,Uttar Pradesh
1668,Bains-Majumdar,Utilities/Bill Pay,Micro,Mumbai,2025-02-12,Maharashtra
1669,"Vaidya, Dubey and Chandra",Fuel,SME,Indore,2025-08-27,Madhya Pradesh
1670,Sharma LLC,Food & Dining,SME,Bengaluru,2024-08-15,Karnataka
1671,Devi LLC,Grocery,Micro,Patna,2024-08-12,Bihar
1672,Krish-Kaul,Electronics,Enterprise,Hyderabad,2024-01-06,Telangana
1673,Mital-Chanda,Pharmacy,Micro,Chennai,2025-05-11,Tamil Nadu
1674,"Ratta, Kalla and Brahmbhatt",Fashion & Apparel,Micro,Delhi,2025-10-24,Delhi
1675,"Nair, Subramanian and Ghose",Food & Dining,Micro,Ahmedabad,2025-06-21,Gujarat
1676,Chandran-Mital,Pharmacy,Micro,Bhopal,2025-07-28,Madhya Pradesh
1677,Raj Inc,Food & Dining,SME,Bengaluru,2024-05-17,Karnataka
1678,Natt LLC,Utilities/Bill Pay,Micro,Chandigarh,2025-11-11,Punjab
1679,Saha-Dara,Utilities/Bill Pay,SME,Mumbai,2024-03-12,Maharashtra
1680,Apte Ltd,Grocery,Enterprise,Delhi,2024-12-03,Delhi
1681,"Raja, Bhagat and Mody",Education,Micro,Hyderabad,2024-07-20,Telangana
1682,"Barman, Nagar and Zacharia",Pharmacy,Micro,Bengaluru,2025-03-24,Karnataka
1683,"Doctor, Narain and Thakkar",Pharmacy,Micro,Surat,2025-04-04,Gujarat
1684,"Kant, Dua and Bedi",Kirana/Local Store,Micro,Delhi,2025-07-23,Delhi
1685,"Ramaswamy, Sehgal and Thaman",Grocery,SME,Kolkata,2025-10-01,West Bengal
1686,Kapadia Group,Food & Dining,Micro,Bengaluru,2025-08-05,Karnataka
1687,Ramesh-Divan,Food & Dining,Micro,Chennai,2024-06-18,Tamil Nadu
1688,Nayar Inc,Education,Micro,Hyderabad,2025-01-15,Telangana
1689,Bawa-Rastogi,Pharmacy,Micro,Chennai,2025-01-26,Tamil Nadu
1690,Chada-Rastogi,Utilities/Bill Pay,Micro,Delhi,2024-02-22,Delhi
1691,"Saraf, De and Deshmukh",Food & Dining,Micro,Ahmedabad,2025-03-26,Gujarat
1692,Hora-Sura,Education,Micro,Surat,2024-04-29,Gujarat
1693,Hayre-Viswanathan,Education,Micro,Bengaluru,2024-04-28,Karnataka
1694,Kibe Inc,Fashion & Apparel,SME,Surat,2025-10-29,Gujarat
1695,Sani-Naik,Home Services,Micro,Bengaluru,2024-07-25,Karnataka
1696,"Chakraborty, Chowdhury and Sachdev",Electronics,Micro,Surat,2024-02-27,Gujarat
1697,Pau-Pall,Electronics,Micro,Kolkata,2025-12-14,West Bengal
1698,Nagi LLC,Food & Dining,Micro,Chennai,2024-01-08,Tamil Nadu
1699,"Bajwa, Mody and Gara",Grocery,SME,Delhi,2025-10-02,Delhi
1700,Sathe-Dhingra,Fashion & Apparel,Micro,Bengaluru,2025-07-01,Karnataka
1701,Basu-Kaur,Electronics,Micro,Mumbai,2024-08-20,Maharashtra
1702,Prakash and Sons,Electronics,Micro,Kolkata,2024-01-02,West Bengal
1703,"Chada, Chowdhury and Bhagat",Travel & Transport,SME,Bengaluru,2025-06-13,Karnataka
1704,Divan LLC,Electronics,Micro,Delhi,2024-05-17,Delhi
1705,Oza Ltd,Education,Micro,Delhi,2025-12-12,Delhi
1706,Mody Group,Food & Dining,SME,Indore,2024-06-04,Madhya Pradesh
1707,Bajaj-Narula,Fuel,SME,Chandigarh,2024-02-27,Punjab
1708,Yogi and Sons,Fashion & Apparel,Micro,Kolkata,2025-05-25,West Bengal
1709,Virk LLC,Financial Services,Micro,Pune,2025-04-11,Maharashtra
1710,"Subramanian, Dhaliwal and Badami",Fashion & Apparel,Micro,Guwahati,2024-02-07,Assam
1711,Vyas-Bassi,Travel & Transport,SME,Hyderabad,2025-02-26,Telangana
1712,Garde-Bhasin,Fashion & Apparel,Micro,Coimbatore,2024-04-02,Tamil Nadu
1713,Iyer-Madan,Education,SME,Bhopal,2025-03-12,Madhya Pradesh
1714,Shroff Ltd,Travel & Transport,SME,Delhi,2024-05-15,Delhi
1715,Bhavsar Group,Fuel,Micro,Ahmedabad,2025-12-26,Gujarat
1716,"Madan, Parsa and Chokshi",Utilities/Bill Pay,SME,Coimbatore,2025-04-10,Tamil Nadu
1717,Master Ltd,Grocery,Micro,Bengaluru,2024-08-24,Karnataka
1718,Kashyap-Rai,Education,SME,Hyderabad,2024-06-12,Telangana
1719,"Chaudhary, Mutti and Sundaram",Pharmacy,SME,Hyderabad,2024-11-18,Telangana
1720,"Wali, Chakrabarti and Grewal",Pharmacy,Micro,Delhi,2025-09-12,Delhi
1721,Tella Group,Food & Dining,Micro,Indore,2024-06-24,Madhya Pradesh
1722,"Bains, Baral and Kota",Utilities/Bill Pay,Micro,Lucknow,2024-10-09,Uttar Pradesh
1723,"Mody, Nath and Suri",Education,SME,Hyderabad,2025-03-28,Telangana
1724,Dugar-Badami,Kirana/Local Store,Micro,Kolkata,2024-12-17,West Bengal
1725,Pandey-Pant,Utilities/Bill Pay,Enterprise,Bhopal,2024-08-24,Madhya Pradesh
1726,"Mittal, Keer and Thaker",Kirana/Local Store,Micro,Bengaluru,2024-10-01,Karnataka
1727,Bhatia-Kurian,Fashion & Apparel,Micro,Kolkata,2025-05-20,West Bengal
1728,Balan-Mammen,Grocery,Micro,Bhopal,2024-10-20,Madhya Pradesh
1729,Doshi LLC,Fuel,SME,Ranchi,2024-07-23,Jharkhand
1730,Devan-Chahal,Utilities/Bill Pay,SME,Nagpur,2024-11-27,Maharashtra
1731,"Raja, Verma and Karan",Grocery,SME,Chennai,2024-06-22,Tamil Nadu
1732,Khosla-Dua,Food & Dining,Micro,Mumbai,2024-07-24,Maharashtra
1733,Muni-Narayan,Food & Dining,Enterprise,Indore,2025-11-03,Madhya Pradesh
1734,Deep-Jhaveri,Fuel,Micro,Coimbatore,2024-12-29,Tamil Nadu
1735,"Devi, Jain and Devi",Education,Enterprise,Mumbai,2025-08-16,Maharashtra
1736,Viswanathan-Deshmukh,Home Services,SME,Pune,2024-10-12,Maharashtra
1737,Dhillon-Dugar,Electronics,Micro,Delhi,2025-11-10,Delhi
1738,Bir-Walia,Utilities/Bill Pay,Micro,Bhopal,2024-06-07,Madhya Pradesh
1739,"Dani, Gour and Nadkarni",Electronics,Micro,Delhi,2025-12-27,Delhi
1740,Balan LLC,Utilities/Bill Pay,Micro,Pune,2025-10-05,Maharashtra
1741,Sabharwal-Mitter,Fashion & Apparel,Micro,Kolkata,2024-12-18,West Bengal
1742,Mahal-Doshi,Kirana/Local Store,SME,Guwahati,2024-03-25,Assam
1743,Chhabra and Sons,Financial Services,Micro,Kochi,2024-03-28,Kerala
1744,Bal PLC,Utilities/Bill Pay,Micro,Pune,2024-02-16,Maharashtra
1745,"Loke, Kashyap and Kata",Grocery,Micro,Kolkata,2024-06-13,West Bengal
1746,Bal LLC,Food & Dining,Micro,Mumbai,2024-05-08,Maharashtra
1747,Sood and Sons,Travel & Transport,SME,Mumbai,2024-04-05,Maharashtra
1748,"Singh, Prakash and Gour",Grocery,SME,Mumbai,2024-12-19,Maharashtra
1749,Swamy-Som,Utilities/Bill Pay,Micro,Surat,2025-01-17,Gujarat
1750,Gade and Sons,Utilities/Bill Pay,Micro,Kochi,2024-08-01,Kerala
1751,Bali Group,Pharmacy,Enterprise,Ahmedabad,2025-04-29,Gujarat
1752,Madan Group,Fashion & Apparel,Enterprise,Hyderabad,2025-12-14,Telangana
1753,Jain and Sons,Grocery,Enterprise,Pune,2024-12-20,Maharashtra
1754,Goel Group,Grocery,Micro,Guwahati,2025-12-30,Assam
1755,"Suri, Nair and Shankar",Utilities/Bill Pay,Micro,Kolkata,2025-02-12,West Bengal
1756,Sane Group,Pharmacy,Micro,Jaipur,2025-04-30,Rajasthan
1757,Rai Ltd,Home Services,SME,Bengaluru,2024-08-28,Karnataka
1758,Ramesh-Yadav,Fuel,SME,Mumbai,2025-05-03,Maharashtra
1759,"Barad, Verma and Chopra",Financial Services,Micro,Kochi,2024-11-17,Kerala
1760,Shan-Basak,Food & Dining,SME,Pune,2025-09-19,Maharashtra
1761,Venkataraman PLC,Food & Dining,Enterprise,Mumbai,2024-08-18,Maharashtra
1762,Baral-Ram,Pharmacy,SME,Delhi,2024-03-14,Delhi
1763,"Bawa, Gupta and Manne",Grocery,Micro,Mumbai,2025-06-21,Maharashtra
1764,Rao-Modi,Kirana/Local Store,Micro,Mumbai,2025-12-16,Maharashtra
1765,Shenoy-Ganesan,Entertainment,Micro,Bengaluru,2025-01-31,Karnataka
1766,Menon-Bhagat,Pharmacy,SME,Ahmedabad,2025-04-30,Gujarat
1767,"Varughese, Dhar and Sheth",Electronics,SME,Mumbai,2024-01-17,Maharashtra
1768,"Seth, Chana and Tella",Utilities/Bill Pay,Micro,Pune,2025-04-04,Maharashtra
1769,Gole PLC,Food & Dining,Micro,Chennai,2025-10-29,Tamil Nadu
1770,"Deshmukh, Ramaswamy and Sachdev",Food & Dining,Micro,Nagpur,2025-07-11,Maharashtra
1771,Seshadri-Bakshi,Fashion & Apparel,SME,Delhi,2025-06-15,Delhi
1772,Setty PLC,Utilities/Bill Pay,Enterprise,Bengaluru,2024-04-16,Karnataka
1773,"Jaggi, Sha and Chana",Electronics,SME,Lucknow,2025-07-12,Uttar Pradesh
1774,Naik-Gade,Utilities/Bill Pay,Micro,Lucknow,2024-03-25,Uttar Pradesh
1775,"Dasgupta, Chand and Comar",Kirana/Local Store,SME,Pune,2024-12-07,Maharashtra
1776,"Sengupta, Patil and Chada",Utilities/Bill Pay,SME,Mumbai,2025-07-14,Maharashtra
1777,"Rajagopalan, Vaidya and Dutta",Food & Dining,Micro,Kolkata,2025-01-05,West Bengal
1778,Rai-Bassi,Fuel,Micro,Kochi,2024-04-05,Kerala
1779,Nayak PLC,Grocery,SME,Mumbai,2025-02-09,Maharashtra
1780,"Doctor, Gaba and Dhillon",Travel & Transport,Micro,Coimbatore,2025-06-09,Tamil Nadu
1781,Behl Group,Kirana/Local Store,SME,Hyderabad,2024-01-12,Telangana
1782,More-Sehgal,Utilities/Bill Pay,Micro,Chennai,2025-09-15,Tamil Nadu
1783,Golla-Dalal,Utilities/Bill Pay,Micro,Mumbai,2025-01-21,Maharashtra
1784,Jain Inc,Travel & Transport,Enterprise,Jaipur,2024-07-11,Rajasthan
1785,"Kulkarni, Arora and Shanker",Food & Dining,SME,Nagpur,2024-10-07,Maharashtra
1786,Tara-Ahluwalia,Food & Dining,Micro,Delhi,2025-03-11,Delhi
1787,"Tak, Khanna and Kalla",Kirana/Local Store,Enterprise,Delhi,2024-08-07,Delhi
1788,"Soni, Setty and Rout",Fashion & Apparel,Micro,Hyderabad,2024-12-13,Telangana
1789,Buch-Ahuja,Food & Dining,SME,Guwahati,2024-09-09,Assam
1790,Mall PLC,Food & Dining,Enterprise,Kochi,2025-07-24,Kerala
1791,"Johal, Bawa and Goyal",Travel & Transport,Micro,Delhi,2025-03-25,Delhi
1792,Bhakta Ltd,Travel & Transport,SME,Lucknow,2025-04-04,Uttar Pradesh
1793,Bansal-Dhillon,Grocery,SME,Mumbai,2025-04-01,Maharashtra
1794,Misra LLC,Electronics,Micro,Mumbai,2025-07-20,Maharashtra
1795,Bawa Inc,Kirana/Local Store,SME,Hyderabad,2025-09-23,Telangana
1796,Gokhale-Edwin,Fuel,Micro,Patna,2025-06-26,Bihar
1797,"Mane, Goel and Shah",Entertainment,Micro,Delhi,2025-08-15,Delhi
1798,"Parsa, Banik and Chander",Electronics,SME,Delhi,2025-04-08,Delhi
1799,Naidu-Pillay,Grocery,Micro,Indore,2024-09-28,Madhya Pradesh
1800,Bir-Sane,Grocery,Micro,Mumbai,2024-09-18,Maharashtra
1801,"Bhattacharyya, Master and Sinha",Fuel,SME,Bhopal,2025-08-13,Madhya Pradesh
1802,Dara Ltd,Travel & Transport,Micro,Jaipur,2025-02-05,Rajasthan
1803,Narayan-Vyas,Education,Enterprise,Kolkata,2025-05-07,West Bengal
1804,Vohra-Kadakia,Travel & Transport,SME,Chennai,2025-09-19,Tamil Nadu
1805,"Kadakia, Bhardwaj and Chopra",Kirana/Local Store,Enterprise,Hyderabad,2024-09-16,Telangana
1806,"Wadhwa, Chahal and Sule",Utilities/Bill Pay,Micro,Jaipur,2025-09-07,Rajasthan
1807,"Mani, Sane and Nadig",Fuel,Micro,Mumbai,2024-04-29,Maharashtra
1808,Vora-Pandya,Grocery,Micro,Bengaluru,2025-02-04,Karnataka
1809,Taneja PLC,Food & Dining,SME,Pune,2025-05-05,Maharashtra
1810,"Tank, Tailor and Gole",Grocery,Micro,Surat,2024-03-16,Gujarat
1811,"Kaul, Mannan and Hari",Food & Dining,Micro,Mumbai,2025-09-24,Maharashtra
1812,Dani Inc,Fashion & Apparel,Micro,Coimbatore,2024-02-20,Tamil Nadu
1813,Dalal-Johal,Utilities/Bill Pay,Micro,Ranchi,2025-05-16,Jharkhand
1814,"Sachdeva, Sachdev and Bath",Fuel,SME,Pune,2024-07-10,Maharashtra
1815,Palla-Kala,Grocery,Micro,Kolkata,2025-03-21,West Bengal
1816,Jaggi Ltd,Financial Services,Enterprise,Chennai,2025-12-13,Tamil Nadu
1817,Kumar-Bir,Financial Services,Micro,Pune,2024-11-17,Maharashtra
1818,Mital-Toor,Kirana/Local Store,Micro,Delhi,2024-01-12,Delhi
1819,"Naik, Ahuja and Comar",Home Services,SME,Delhi,2024-08-31,Delhi
1820,"Nath, Om and Randhawa",Kirana/Local Store,SME,Pune,2025-09-27,Maharashtra
1821,"Balakrishnan, Gill and Hari",Fashion & Apparel,SME,Chennai,2025-04-06,Tamil Nadu
1822,Nigam-Srinivas,Financial Services,Micro,Surat,2025-12-10,Gujarat
1823,Banik-Deshpande,Food & Dining,SME,Delhi,2025-03-09,Delhi
1824,Dugal-Sharma,Fashion & Apparel,SME,Kochi,2024-05-10,Kerala
1825,"Nayak, Shere and Sachdev",Grocery,SME,Delhi,2025-08-21,Delhi
1826,"Bhalla, Verma and Mistry",Fuel,Micro,Mumbai,2024-09-07,Maharashtra
1827,"Mutti, Wason and Bahl",Home Services,Micro,Bengaluru,2024-03-28,Karnataka
1828,Narula LLC,Fuel,SME,Chandigarh,2025-11-11,Punjab
1829,Dixit LLC,Fashion & Apparel,Micro,Pune,2024-03-09,Maharashtra
1830,Nori Group,Kirana/Local Store,Micro,Hyderabad,2024-04-13,Telangana
1831,"Warrior, Gandhi and Ramachandran",Food & Dining,SME,Mumbai,2025-08-06,Maharashtra
1832,Dada LLC,Kirana/Local Store,SME,Mumbai,2025-08-12,Maharashtra
1833,"Murty, Balay and Magar",Grocery,SME,Delhi,2025-11-30,Delhi
1834,Chadha-Taneja,Utilities/Bill Pay,Micro,Hyderabad,2025-04-06,Telangana
1835,Prabhu Group,Grocery,Micro,Nagpur,2025-11-20,Maharashtra
1836,Kalita-Vohra,Electronics,Micro,Pune,2025-09-21,Maharashtra
1837,Gill-Choudhury,Fashion & Apparel,SME,Mumbai,2024-01-19,Maharashtra
1838,Barad-Jaggi,Entertainment,Micro,Coimbatore,2024-09-18,Tamil Nadu
1839,Sawhney PLC,Pharmacy,Micro,Kolkata,2024-02-22,West Bengal
1840,Subramanian PLC,Entertainment,Micro,Surat,2024-03-22,Gujarat
1841,Gupta LLC,Food & Dining,SME,Bengaluru,2025-04-12,Karnataka
1842,Viswanathan-Mukherjee,Utilities/Bill Pay,Micro,Delhi,2025-03-22,Delhi
1843,Dhar-Chaudhari,Grocery,SME,Delhi,2025-05-01,Delhi
1844,"Deo, Jha and Bansal",Food & Dining,SME,Mumbai,2025-06-15,Maharashtra
1845,Ram-Vig,Food & Dining,SME,Patna,2024-01-11,Bihar
1846,Agrawal LLC,Fashion & Apparel,Micro,Bengaluru,2024-04-12,Karnataka
1847,Chahal LLC,Electronics,Micro,Delhi,2025-01-10,Delhi
1848,Batra-Chauhan,Pharmacy,SME,Patna,2024-06-22,Bihar
1849,"Muni, Bajaj and Muni",Food & Dining,Micro,Hyderabad,2024-06-24,Telangana
1850,"Kadakia, Nagi and Iyer",Pharmacy,Micro,Bengaluru,2024-11-19,Karnataka
1851,Mangat LLC,Entertainment,Micro,Ahmedabad,2024-05-24,Gujarat
1852,"Nagar, Sastry and Dalal",Fuel,SME,Bengaluru,2025-02-14,Karnataka
1853,Dixit-Dugar,Food & Dining,SME,Ahmedabad,2024-05-12,Gujarat
1854,Contractor-Aurora,Food & Dining,Enterprise,Lucknow,2024-10-15,Uttar Pradesh
1855,"Varkey, Chaudry and Jhaveri",Utilities/Bill Pay,SME,Surat,2025-06-24,Gujarat
1856,"Palla, Nagar and Madan",Grocery,SME,Mumbai,2025-03-08,Maharashtra
1857,Mander PLC,Entertainment,SME,Bengaluru,2024-02-28,Karnataka
1858,Garg Inc,Home Services,SME,Bhopal,2025-02-17,Madhya Pradesh
1859,Nigam-Zachariah,Grocery,Micro,Bhopal,2024-03-04,Madhya Pradesh
1860,Bedi-De,Utilities/Bill Pay,Micro,Guwahati,2024-02-24,Assam
1861,Sinha Ltd,Entertainment,SME,Bengaluru,2025-05-17,Karnataka
1862,Cherian Group,Food & Dining,SME,Patna,2024-08-10,Bihar
1863,Chadha Group,Fashion & Apparel,SME,Mumbai,2024-01-27,Maharashtra
1864,Gola-Sehgal,Grocery,SME,Lucknow,2024-10-10,Uttar Pradesh
1865,"Parekh, Muni and Natarajan",Kirana/Local Store,Micro,Pune,2024-10-14,Maharashtra
1866,Walla Inc,Utilities/Bill Pay,Micro,Chandigarh,2025-02-04,Punjab
1867,Deep-Chander,Electronics,Micro,Ahmedabad,2024-08-20,Gujarat
1868,"Sidhu, Chatterjee and Shah",Food & Dining,Micro,Patna,2025-09-01,Bihar
1869,Shroff-Singhal,Food & Dining,Micro,Guwahati,2024-02-09,Assam
1870,Kapur and Sons,Pharmacy,SME,Kochi,2025-07-31,Kerala
1871,"Kuruvilla, Patla and Ramanathan",Pharmacy,Micro,Hyderabad,2025-01-12,Telangana
1872,Narayanan LLC,Entertainment,Enterprise,Delhi,2025-08-10,Delhi
1873,Sura-Balan,Fashion & Apparel,Micro,Mumbai,2025-04-04,Maharashtra
1874,Soman Inc,Grocery,Micro,Lucknow,2025-03-03,Uttar Pradesh
1875,Srinivas-Shenoy,Pharmacy,Micro,Bengaluru,2024-06-07,Karnataka
1876,Mandal LLC,Fuel,SME,Bengaluru,2025-02-25,Karnataka
1877,"Datta, Trivedi and Chauhan",Grocery,Micro,Hyderabad,2025-08-08,Telangana
1878,Chhabra-Nanda,Electronics,SME,Jaipur,2025-08-18,Rajasthan
1879,"Bobal, Mittal and Walia",Pharmacy,Micro,Surat,2024-05-28,Gujarat
1880,Rattan-Sachdev,Utilities/Bill Pay,Micro,Hyderabad,2024-05-24,Telangana
1881,Kohli PLC,Entertainment,Micro,Delhi,2024-01-05,Delhi
1882,Subramaniam Group,Food & Dining,Micro,Mumbai,2024-04-20,Maharashtra
1883,Oak and Sons,Grocery,SME,Chennai,2024-11-01,Tamil Nadu
1884,"Sankar, Saran and Oommen",Financial Services,SME,Surat,2024-03-09,Gujarat
1885,"Keer, Ghose and Brahmbhatt",Food & Dining,Micro,Mumbai,2025-02-02,Maharashtra
1886,"Sur, Contractor and Sheth",Fashion & Apparel,Micro,Kolkata,2025-12-03,West Bengal
1887,Chatterjee-Saxena,Electronics,Micro,Ahmedabad,2024-04-23,Gujarat
1888,Morar Group,Utilities/Bill Pay,Micro,Patna,2025-09-24,Bihar
1889,Chopra Ltd,Utilities/Bill Pay,Micro,Delhi,2024-04-24,Delhi
1890,"Raghavan, Narang and Talwar",Electronics,SME,Delhi,2025-04-18,Delhi
1891,"Bhat, Chana and Kalla",Entertainment,Enterprise,Mumbai,2025-11-02,Maharashtra
1892,Acharya and Sons,Utilities/Bill Pay,SME,Indore,2024-05-03,Madhya Pradesh
1893,"Dixit, Sethi and Wali",Utilities/Bill Pay,Enterprise,Bengaluru,2025-01-13,Karnataka
1894,Ramakrishnan-Sekhon,Pharmacy,Micro,Bengaluru,2024-01-06,Karnataka
1895,Jha Ltd,Food & Dining,Micro,Guwahati,2024-05-22,Assam
1896,Mistry-Modi,Fuel,Micro,Ranchi,2025-04-11,Jharkhand
1897,Padmanabhan-Chakraborty,Fuel,SME,Hyderabad,2025-11-07,Telangana
1898,"Anand, Uppal and Raval",Utilities/Bill Pay,Micro,Hyderabad,2025-06-02,Telangana
1899,Menon Inc,Fashion & Apparel,Micro,Delhi,2024-03-30,Delhi
1900,Bera-Acharya,Fashion & Apparel,Micro,Chennai,2025-06-02,Tamil Nadu
1901,"Parmer, Choudhary and Manda",Grocery,SME,Hyderabad,2025-02-20,Telangana
1902,Keer Group,Grocery,SME,Mumbai,2025-02-09,Maharashtra
1903,"Ramesh, Nadkarni and Raja",Food & Dining,SME,Jaipur,2024-03-31,Rajasthan
1904,Raj-Saran,Kirana/Local Store,SME,Delhi,2024-01-25,Delhi
1905,"Kakar, Ghose and Soman",Fashion & Apparel,SME,Chennai,2024-09-14,Tamil Nadu
1906,Guha PLC,Pharmacy,Micro,Pune,2024-11-26,Maharashtra
1907,Parsa-Sahni,Food & Dining,SME,Hyderabad,2024-09-12,Telangana
1908,Mani Ltd,Grocery,Micro,Mumbai,2024-05-05,Maharashtra
1909,Desai Inc,Electronics,SME,Ranchi,2024-01-12,Jharkhand
1910,Babu and Sons,Grocery,Enterprise,Jaipur,2024-08-24,Rajasthan
1911,"Sur, Sarkar and Deshpande",Kirana/Local Store,SME,Mumbai,2025-09-24,Maharashtra
1912,Devan Ltd,Travel & Transport,SME,Kochi,2025-11-05,Kerala
1913,Shah-Sandal,Travel & Transport,Enterprise,Mumbai,2025-05-20,Maharashtra
1914,"Gole, Sha and Upadhyay",Pharmacy,Micro,Bengaluru,2024-10-05,Karnataka
1915,Sengupta-Rajagopalan,Fuel,Enterprise,Coimbatore,2025-03-20,Tamil Nadu
1916,Kara-Grewal,Electronics,Enterprise,Ahmedabad,2025-10-29,Gujarat
1917,Amble-Tara,Grocery,SME,Mumbai,2024-05-14,Maharashtra
1918,"Khalsa, Thaker and Luthra",Pharmacy,Micro,Pune,2024-07-23,Maharashtra
1919,Peri-Bandi,Education,Micro,Jaipur,2024-06-15,Rajasthan
1920,Subramanian Ltd,Fashion & Apparel,Micro,Ahmedabad,2024-07-12,Gujarat
1921,Chowdhury-Subramaniam,Travel & Transport,SME,Pune,2025-01-07,Maharashtra
1922,"Buch, Dhar and Vyas",Food & Dining,Micro,Chennai,2025-08-01,Tamil Nadu
1923,Shroff-Varughese,Travel & Transport,SME,Hyderabad,2024-03-03,Telangana
1924,Virk PLC,Fashion & Apparel,SME,Bengaluru,2024-08-02,Karnataka
1925,Korpal Group,Electronics,SME,Delhi,2025-08-16,Delhi
1926,"Brahmbhatt, Zacharia and Muni",Food & Dining,Micro,Bengaluru,2024-06-29,Karnataka
1927,"Bera, Oza and Warrior",Entertainment,Micro,Jaipur,2024-10-20,Rajasthan
1928,Singh Group,Fashion & Apparel,SME,Chandigarh,2025-05-03,Punjab
1929,"Singh, Narula and Sama",Utilities/Bill Pay,SME,Chennai,2025-08-14,Tamil Nadu
1930,Menon-Mann,Grocery,SME,Mumbai,2024-06-04,Maharashtra
1931,Banik Ltd,Kirana/Local Store,Micro,Kolkata,2025-08-26,West Bengal
1932,"Modi, Lad and Bhat",Grocery,Micro,Guwahati,2025-08-29,Assam
1933,"Solanki, Gara and Behl",Utilities/Bill Pay,Micro,Kochi,2024-04-27,Kerala
1934,"Manne, Bala and Mangat",Food & Dining,SME,Patna,2025-05-22,Bihar
1935,Butala-Date,Fuel,Micro,Bhopal,2024-12-29,Madhya Pradesh
1936,"Bose, Mall and Krishnan",Food & Dining,SME,Bengaluru,2024-08-28,Karnataka
1937,Mand LLC,Pharmacy,Enterprise,Ranchi,2025-03-09,Jharkhand
1938,Atwal-Choudhury,Pharmacy,Enterprise,Ahmedabad,2024-12-08,Gujarat
1939,"Ghosh, Dora and Sekhon",Electronics,Micro,Ahmedabad,2025-06-07,Gujarat
1940,Gill-Lal,Grocery,Micro,Pune,2025-04-13,Maharashtra
1941,"Keer, Sundaram and Golla",Grocery,SME,Hyderabad,2025-10-17,Telangana
1942,"Bali, Oza and Chad",Pharmacy,SME,Delhi,2025-05-31,Delhi
1943,Dube Group,Fashion & Apparel,SME,Kolkata,2025-06-08,West Bengal
1944,Rajagopal-Khanna,Utilities/Bill Pay,Micro,Mumbai,2024-04-01,Maharashtra
1945,"Sarraf, Ganesh and Kade",Food & Dining,SME,Indore,2025-06-24,Madhya Pradesh
1946,"Pai, Bhagat and Lalla",Food & Dining,Micro,Kolkata,2024-06-16,West Bengal
1947,Ben and Sons,Utilities/Bill Pay,Micro,Mumbai,2025-10-12,Maharashtra
1948,Rastogi-Soni,Electronics,Micro,Kolkata,2025-12-17,West Bengal
1949,Soni-Walia,Fashion & Apparel,Micro,Bhopal,2024-06-16,Madhya Pradesh
1950,Raghavan Ltd,Fashion & Apparel,SME,Mumbai,2024-06-17,Maharashtra
1951,"Ramakrishnan, Som and Lala",Utilities/Bill Pay,SME,Nagpur,2024-05-19,Maharashtra
1952,Wali Group,Home Services,Micro,Ahmedabad,2024-04-30,Gujarat
1953,Mani Group,Grocery,Micro,Ahmedabad,2024-07-22,Gujarat
1954,Mutti-Wagle,Grocery,SME,Pune,2024-10-11,Maharashtra
1955,"Barman, Chatterjee and Wali",Fashion & Apparel,Micro,Lucknow,2025-06-30,Uttar Pradesh
1956,"Pandya, Sankaran and Mahajan",Utilities/Bill Pay,Micro,Delhi,2025-07-03,Delhi
1957,Madan-Loke,Travel & Transport,Micro,Bhopal,2024-11-16,Madhya Pradesh
1958,Kumer Ltd,Fashion & Apparel,Micro,Surat,2024-03-15,Gujarat
1959,"Raman, Shenoy and Khurana",Utilities/Bill Pay,SME,Delhi,2025-12-02,Delhi
1960,"Hayer, Venkatesh and Nazareth",Financial Services,SME,Patna,2024-09-07,Bihar
1961,"Gole, Munshi and Anne",Electronics,Micro,Surat,2024-04-29,Gujarat
1962,"Anand, Bir and Arora",Kirana/Local Store,SME,Mumbai,2024-02-19,Maharashtra
1963,Chaudhari-Vohra,Grocery,Micro,Delhi,2025-05-30,Delhi
1964,Sehgal LLC,Utilities/Bill Pay,SME,Pune,2024-05-13,Maharashtra
1965,Mander LLC,Food & Dining,Micro,Bengaluru,2025-10-12,Karnataka
1966,Bandi Inc,Fashion & Apparel,Micro,Mumbai,2025-12-06,Maharashtra
1967,"Chanda, Bhandari and Kalla",Grocery,Enterprise,Chandigarh,2024-02-09,Punjab
1968,"Dara, Dar and Chadha",Kirana/Local Store,Micro,Chennai,2025-01-14,Tamil Nadu
1969,"De, Prashad and Goyal",Electronics,Micro,Ahmedabad,2025-06-28,Gujarat
1970,Gour LLC,Grocery,Enterprise,Kolkata,2025-11-28,West Bengal
1971,Sibal-Borra,Food & Dining,SME,Mumbai,2024-03-13,Maharashtra
1972,"Setty, Malhotra and Sane",Food & Dining,SME,Ahmedabad,2025-09-02,Gujarat
1973,"Naik, Kurian and Edwin",Grocery,SME,Delhi,2024-10-11,Delhi
1974,Malhotra Inc,Fuel,SME,Hyderabad,2025-12-20,Telangana
1975,Rama-Natarajan,Grocery,SME,Surat,2025-09-20,Gujarat
1976,Kuruvilla LLC,Electronics,SME,Bhopal,2024-07-27,Madhya Pradesh
1977,Sastry Inc,Utilities/Bill Pay,Micro,Bhopal,2025-05-04,Madhya Pradesh
1978,Iyer-Ramaswamy,Grocery,Micro,Bengaluru,2025-01-16,Karnataka
1979,Swamy Inc,Travel & Transport,Micro,Hyderabad,2025-12-01,Telangana
1980,Zachariah Group,Food & Dining,SME,Jaipur,2025-01-13,Rajasthan
1981,Cherian Group,Entertainment,SME,Lucknow,2025-04-03,Uttar Pradesh
1982,"Lad, Chauhan and Banerjee",Grocery,Micro,Indore,2025-01-15,Madhya Pradesh
1983,Bobal PLC,Entertainment,Micro,Bhopal,2025-08-22,Madhya Pradesh
1984,"Krishna, Sehgal and Bahl",Grocery,SME,Bengaluru,2024-01-29,Karnataka
1985,Dixit-Acharya,Financial Services,Micro,Chandigarh,2025-11-20,Punjab
1986,Ramakrishnan LLC,Food & Dining,Micro,Mumbai,2025-03-20,Maharashtra
1987,Narayan Group,Education,Micro,Pune,2024-08-14,Maharashtra
1988,"Aggarwal, Varma and Swaminathan",Food & Dining,Micro,Delhi,2025-05-29,Delhi
1989,Sarin-Raval,Home Services,SME,Hyderabad,2024-12-15,Telangana
1990,"Boase, Zachariah and Kara",Fashion & Apparel,Micro,Lucknow,2025-10-13,Uttar Pradesh
1991,Rajagopalan Ltd,Food & Dining,SME,Delhi,2024-06-23,Delhi
1992,Dara-Wason,Grocery,SME,Kochi,2025-08-04,Kerala
1993,Nath-Mitter,Utilities/Bill Pay,Micro,Delhi,2024-06-19,Delhi
1994,Bhakta-Chana,Utilities/Bill Pay,Enterprise,Jaipur,2024-09-27,Rajasthan
1995,Warrior-Oak,Utilities/Bill Pay,Micro,Kolkata,2024-07-19,West Bengal
1996,Sharaf LLC,Kirana/Local Store,Micro,Mumbai,2024-07-19,Maharashtra
1997,"Jain, Goda and Baral",Grocery,Micro,Pune,2024-01-18,Maharashtra
1998,Halder-Mistry,Utilities/Bill Pay,SME,Guwahati,2025-02-27,Assam
1999,"Ramakrishnan, Chhabra and Parmer",Grocery,Micro,Delhi,2024-05-19,Delhi
2000,Chad-Sarma,Education,SME,Hyderabad,2025-11-16,Telangana
2001,"Gupta, Dey and Banik",Food & Dining,SME,Lucknow,2025-08-21,Uttar Pradesh
2002,Bakshi Ltd,Education,Micro,Chennai,2024-03-01,Tamil Nadu
2003,"Khare, Suresh and Ramachandran",Food & Dining,Micro,Mumbai,2024-03-17,Maharashtra
2004,Zachariah Ltd,Travel & Transport,SME,Hyderabad,2024-09-28,Telangana
2005,Tata-Walla,Fuel,Micro,Chennai,2025-05-26,Tamil Nadu
2006,Babu-Bansal,Food & Dining,SME,Mumbai,2025-03-14,Maharashtra
2007,Bhalla-Nazareth,Travel & Transport,Micro,Hyderabad,2024-05-09,Telangana
2008,"Basak, Ravi and Dani",Home Services,Enterprise,Kolkata,2024-04-03,West Bengal
2009,Virk Group,Grocery,Micro,Mumbai,2025-12-12,Maharashtra
2010,"Yadav, Dixit and Kaul",Grocery,SME,Mumbai,2025-06-20,Maharashtra
2011,Bansal Ltd,Electronics,Enterprise,Kolkata,2025-06-16,West Bengal
2012,Suresh Ltd,Grocery,Enterprise,Delhi,2025-07-03,Delhi
2013,Sinha PLC,Grocery,Micro,Bengaluru,2025-08-29,Karnataka
2014,Kibe Ltd,Fashion & Apparel,Micro,Bengaluru,2025-02-19,Karnataka
2015,"De, Atwal and Gera",Fashion & Apparel,Micro,Chandigarh,2024-03-12,Punjab
2016,"Bedi, Mohanty and Chatterjee",Entertainment,Micro,Bengaluru,2024-04-01,Karnataka
2017,Garde-Bhatt,Grocery,Enterprise,Chennai,2024-07-19,Tamil Nadu
2018,Comar Group,Pharmacy,Micro,Bengaluru,2025-09-03,Karnataka
2019,"Kannan, Bhatnagar and Jain",Grocery,Micro,Chennai,2024-03-13,Tamil Nadu
2020,Nazareth-Ratti,Food & Dining,Micro,Coimbatore,2024-02-18,Tamil Nadu
2021,Dara-Devan,Travel & Transport,SME,Mumbai,2025-11-27,Maharashtra
2022,Kala-Bath,Fuel,Micro,Jaipur,2025-12-23,Rajasthan
2023,"Ghose, Nayak and Bhatnagar",Utilities/Bill Pay,Micro,Hyderabad,2025-09-07,Telangana
2024,Mahal and Sons,Home Services,Micro,Pune,2025-01-24,Maharashtra
2025,Ganguly-Pingle,Utilities/Bill Pay,Micro,Ahmedabad,2025-03-31,Gujarat
2026,"Gala, Sarna and Kohli",Electronics,Micro,Chennai,2025-01-02,Tamil Nadu
2027,"Baria, Deol and Chaudhry",Financial Services,SME,Chandigarh,2025-02-27,Punjab
2028,"Puri, Dugar and Babu",Electronics,SME,Patna,2024-09-06,Bihar
2029,Buch-Ahuja,Food & Dining,SME,Mumbai,2025-06-12,Maharashtra
2030,Gola Inc,Grocery,SME,Delhi,2025-02-03,Delhi
2031,"Mander, Saha and Soni",Fashion & Apparel,SME,Mumbai,2024-06-06,Maharashtra
2032,"Date, Jhaveri and Dhar",Food & Dining,Enterprise,Mumbai,2025-10-02,Maharashtra
2033,"Madan, Virk and Seshadri",Grocery,Micro,Mumbai,2024-06-24,Maharashtra
2034,Khare-Ghosh,Electronics,SME,Kolkata,2024-10-12,West Bengal
2035,"Barad, Gole and Tata",Grocery,SME,Pune,2024-04-16,Maharashtra
2036,"Chakrabarti, Mitra and Pall",Pharmacy,Micro,Lucknow,2024-09-28,Uttar Pradesh
2037,Agrawal-Keer,Financial Services,Micro,Pune,2025-05-01,Maharashtra
2038,Dalal PLC,Food & Dining,Micro,Jaipur,2025-10-11,Rajasthan
2039,Pathak PLC,Kirana/Local Store,Micro,Lucknow,2024-01-04,Uttar Pradesh
2040,"Kanda, Shetty and Joshi",Utilities/Bill Pay,SME,Mumbai,2024-07-20,Maharashtra
2041,Bera-Hari,Grocery,SME,Guwahati,2024-03-13,Assam
2042,Dixit Ltd,Utilities/Bill Pay,SME,Ahmedabad,2024-09-23,Gujarat
2043,Tank-Goda,Travel & Transport,SME,Patna,2024-06-09,Bihar
2044,Bassi Inc,Utilities/Bill Pay,SME,Kolkata,2024-02-18,West Bengal
2045,"Patla, Mane and Kadakia",Food & Dining,SME,Patna,2025-02-01,Bihar
2046,Krishnamurthy-Natt,Food & Dining,Micro,Mumbai,2024-05-29,Maharashtra
2047,"Setty, Bassi and Chawla",Food & Dining,Micro,Ahmedabad,2024-12-09,Gujarat
2048,"Ben, Yogi and Goda",Entertainment,SME,Hyderabad,2024-05-27,Telangana
2049,Balakrishnan Group,Grocery,SME,Hyderabad,2025-06-19,Telangana
2050,"D’Alia, Bobal and Keer",Pharmacy,SME,Ahmedabad,2025-08-21,Gujarat
2051,"Saxena, Nanda and Saini",Pharmacy,SME,Kochi,2025-06-29,Kerala
2052,Nanda and Sons,Electronics,Micro,Coimbatore,2025-12-13,Tamil Nadu
2053,Nanda and Sons,Pharmacy,SME,Chandigarh,2025-07-21,Punjab
2054,Khalsa Ltd,Food & Dining,SME,Bengaluru,2024-03-10,Karnataka
2055,Iyengar-Prashad,Electronics,Micro,Pune,2024-07-07,Maharashtra
2056,Borah Group,Food & Dining,Enterprise,Delhi,2024-08-11,Delhi
2057,"Sundaram, Bhagat and Sarin",Grocery,Micro,Bengaluru,2025-04-30,Karnataka
2058,Kalita PLC,Fuel,Micro,Ahmedabad,2024-04-13,Gujarat
2059,Gokhale-Ram,Fashion & Apparel,Micro,Kolkata,2024-04-02,West Bengal
2060,Deshpande-Shankar,Fashion & Apparel,SME,Patna,2025-06-11,Bihar
2061,"Hari, Parmer and Madan",Grocery,Micro,Pune,2024-08-27,Maharashtra
2062,Nayak and Sons,Education,Micro,Mumbai,2024-11-23,Maharashtra
2063,Bhasin LLC,Grocery,Micro,Ahmedabad,2025-02-16,Gujarat
2064,Choudhry Group,Food & Dining,Micro,Delhi,2024-10-07,Delhi
2065,Sahota-Garg,Pharmacy,Micro,Chennai,2025-01-14,Tamil Nadu
2066,Kannan-Merchant,Fashion & Apparel,Enterprise,Kochi,2025-08-10,Kerala
2067,"Dugar, Garde and Karpe",Electronics,Enterprise,Chennai,2024-07-28,Tamil Nadu
2068,Sabharwal PLC,Travel & Transport,SME,Mumbai,2025-04-07,Maharashtra
2069,Kalita-Solanki,Electronics,Micro,Kolkata,2024-11-21,West Bengal
2070,Mallick-Atwal,Pharmacy,SME,Mumbai,2024-12-28,Maharashtra
2071,"Sangha, Koshy and Kota",Travel & Transport,Enterprise,Bengaluru,2025-03-02,Karnataka
2072,Saraf-Kapadia,Education,SME,Mumbai,2024-03-31,Maharashtra
2073,"Dixit, Ahluwalia and Sahni",Travel & Transport,SME,Chennai,2024-09-28,Tamil Nadu
2074,Baria Group,Grocery,Enterprise,Ranchi,2024-09-27,Jharkhand
2075,"Thaman, Bandi and Sandal",Food & Dining,Micro,Bengaluru,2024-10-30,Karnataka
2076,"Ramesh, Srinivas and Chaudhari",Fashion & Apparel,SME,Chennai,2024-01-26,Tamil Nadu
2077,Tandon-Khosla,Home Services,SME,Pune,2024-07-22,Maharashtra
2078,Arora Ltd,Utilities/Bill Pay,SME,Surat,2024-07-13,Gujarat
2079,"Ray, Kamdar and Deo",Food & Dining,Micro,Bengaluru,2025-11-14,Karnataka
2080,Merchant-Khare,Kirana/Local Store,Micro,Ahmedabad,2025-10-30,Gujarat
2081,"Chana, Babu and Srinivasan",Education,SME,Ahmedabad,2024-08-13,Gujarat
2082,"Mody, Edwin and Sharaf",Fuel,Micro,Bengaluru,2024-08-07,Karnataka
2083,"Bajwa, Sha and Sheth",Food & Dining,SME,Bengaluru,2024-05-28,Karnataka
2084,Ravi and Sons,Travel & Transport,SME,Kochi,2025-03-27,Kerala
2085,Shetty-Agarwal,Financial Services,Micro,Chennai,2024-05-01,Tamil Nadu
2086,"Bobal, Rajan and Natarajan",Home Services,Micro,Kochi,2025-07-20,Kerala
2087,"Bali, Minhas and Sandhu",Travel & Transport,SME,Jaipur,2025-10-21,Rajasthan
2088,Johal-Buch,Electronics,Micro,Mumbai,2024-09-04,Maharashtra
2089,"Nayak, Bhakta and Varma",Kirana/Local Store,SME,Mumbai,2024-12-19,Maharashtra
2090,"Patla, Behl and Choudhry",Entertainment,Enterprise,Bengaluru,2024-04-16,Karnataka
2091,Pau-Shroff,Food & Dining,SME,Ahmedabad,2024-04-02,Gujarat
2092,"Baria, Pau and Peri",Education,SME,Delhi,2024-05-28,Delhi
2093,Bhavsar PLC,Travel & Transport,Micro,Mumbai,2025-09-12,Maharashtra
2094,"Jayaraman, Devi and Natt",Travel & Transport,Micro,Delhi,2025-02-04,Delhi
2095,Zacharia Inc,Pharmacy,SME,Patna,2024-09-02,Bihar
2096,"Sridhar, Kadakia and Kar",Home Services,Micro,Delhi,2024-02-13,Delhi
2097,Pandit-Loke,Fashion & Apparel,Micro,Hyderabad,2024-05-06,Telangana
2098,"Sampath, Malhotra and Bhagat",Entertainment,Micro,Chennai,2024-03-27,Tamil Nadu
2099,Pradhan LLC,Financial Services,Micro,Bengaluru,2024-01-20,Karnataka
2100,Sunder-Thaker,Pharmacy,Micro,Pune,2025-12-03,Maharashtra
2101,"Das, Singhal and Wali",Food & Dining,Micro,Chandigarh,2025-08-17,Punjab
2102,"Walia, Master and Seth",Education,Micro,Ahmedabad,2025-02-14,Gujarat
2103,"Pillai, Bhatti and Guha",Financial Services,Micro,Coimbatore,2025-11-02,Tamil Nadu
2104,Chahal-Buch,Fuel,SME,Hyderabad,2024-06-24,Telangana
2105,Gola-Mani,Kirana/Local Store,Micro,Pune,2025-07-10,Maharashtra
2106,Chopra and Sons,Utilities/Bill Pay,Micro,Jaipur,2024-07-16,Rajasthan
2107,Choudhury-Divan,Utilities/Bill Pay,Micro,Kolkata,2024-10-04,West Bengal
2108,Dora-Jayaraman,Kirana/Local Store,Enterprise,Surat,2025-12-28,Gujarat
2109,"Bajaj, Memon and Saha",Home Services,SME,Indore,2024-02-26,Madhya Pradesh
2110,"Deo, Som and Palan",Fashion & Apparel,Micro,Hyderabad,2025-01-19,Telangana
2111,Sawhney-Bail,Grocery,Micro,Mumbai,2024-07-20,Maharashtra
2112,Gulati-Bhatnagar,Grocery,SME,Kolkata,2024-03-27,West Bengal
2113,Kata PLC,Food & Dining,Enterprise,Bengaluru,2024-04-23,Karnataka
2114,"Nayak, Sabharwal and Oza",Grocery,SME,Delhi,2024-05-31,Delhi
2115,"Narain, Sunder and Wagle",Fuel,SME,Mumbai,2025-09-24,Maharashtra
2116,"Saxena, Shankar and Modi",Grocery,Enterprise,Pune,2025-07-10,Maharashtra
2117,"Deo, Mohan and Garg",Entertainment,Micro,Mumbai,2025-10-25,Maharashtra
2118,Karan-Sule,Grocery,Micro,Delhi,2025-05-05,Delhi
2119,Mani-Batta,Utilities/Bill Pay,Micro,Pune,2024-06-25,Maharashtra
2120,Pandit LLC,Utilities/Bill Pay,Micro,Surat,2024-12-08,Gujarat
2121,Ganesan-Dyal,Food & Dining,Micro,Hyderabad,2025-09-18,Telangana
2122,"Wason, Mangal and Gopal",Fuel,Micro,Bengaluru,2024-08-16,Karnataka
2123,Dube and Sons,Electronics,Micro,Delhi,2024-07-02,Delhi
2124,Dada Inc,Fashion & Apparel,SME,Lucknow,2025-06-12,Uttar Pradesh
2125,Date-Sastry,Food & Dining,Micro,Mumbai,2024-10-21,Maharashtra
2126,Pingle-Gour,Utilities/Bill Pay,SME,Ahmedabad,2024-06-21,Gujarat
2127,Banerjee Ltd,Travel & Transport,SME,Delhi,2025-12-26,Delhi
2128,Padmanabhan-Divan,Electronics,Micro,Hyderabad,2024-09-27,Telangana
2129,Sen-Zacharia,Grocery,Micro,Delhi,2024-11-01,Delhi
2130,Walla LLC,Kirana/Local Store,SME,Mumbai,2025-10-16,Maharashtra
2131,Bakshi Group,Grocery,SME,Bengaluru,2025-10-06,Karnataka
2132,Dhillon-Shanker,Grocery,SME,Hyderabad,2024-07-29,Telangana
2133,Dugal-Agrawal,Food & Dining,Micro,Hyderabad,2025-07-07,Telangana
2134,"Tripathi, Narula and Merchant",Home Services,Enterprise,Hyderabad,2024-12-30,Telangana
2135,Mann-Din,Utilities/Bill Pay,Micro,Bengaluru,2025-08-14,Karnataka
2136,"Sathe, Nigam and Chowdhury",Pharmacy,SME,Mumbai,2024-05-01,Maharashtra
2137,"Srinivas, Baria and Dewan",Food & Dining,Enterprise,Ranchi,2024-06-29,Jharkhand
2138,"Dada, Morar and Bakshi",Fashion & Apparel,SME,Surat,2024-01-09,Gujarat
2139,Kannan-Sehgal,Pharmacy,Micro,Chandigarh,2024-12-05,Punjab
2140,Chanda-Narain,Home Services,Enterprise,Chennai,2024-10-31,Tamil Nadu
2141,Hayer PLC,Utilities/Bill Pay,SME,Bhopal,2025-02-08,Madhya Pradesh
2142,"Kapadia, Mall and Hayre",Utilities/Bill Pay,Micro,Chandigarh,2024-04-23,Punjab
2143,Chacko PLC,Grocery,Micro,Hyderabad,2025-03-09,Telangana
2144,Chahal-Vala,Entertainment,SME,Indore,2025-07-25,Madhya Pradesh
2145,Hayer-Swaminathan,Kirana/Local Store,Micro,Lucknow,2025-08-27,Uttar Pradesh
2146,Vaidya-Bhalla,Grocery,Micro,Bengaluru,2024-03-23,Karnataka
2147,"Patel, Rao and Divan",Education,Micro,Chennai,2025-07-12,Tamil Nadu
2148,"Sane, Pingle and Raju",Food & Dining,Micro,Pune,2025-10-18,Maharashtra
2149,Arora-Mane,Home Services,Micro,Delhi,2024-06-25,Delhi
2150,Panchal-Morar,Electronics,SME,Chennai,2025-05-13,Tamil Nadu
2151,Chahal-Kale,Education,Micro,Ranchi,2025-11-16,Jharkhand
2152,"Sawhney, Sagar and Savant",Pharmacy,Enterprise,Kochi,2024-02-12,Kerala
2153,Gade-Samra,Fuel,Micro,Delhi,2025-08-17,Delhi
2154,"Sachdeva, Dewan and Chadha",Financial Services,Micro,Chandigarh,2024-08-07,Punjab
2155,Johal LLC,Food & Dining,Enterprise,Mumbai,2025-11-12,Maharashtra
2156,Vohra-Nayak,Electronics,Micro,Mumbai,2024-06-09,Maharashtra
2157,Prashad Inc,Financial Services,Micro,Bengaluru,2024-11-06,Karnataka
2158,Rout Ltd,Travel & Transport,Micro,Delhi,2025-12-27,Delhi
2159,Sachdeva-Gill,Grocery,Micro,Ahmedabad,2025-03-16,Gujarat
2160,"Shere, Devan and Iyengar",Food & Dining,Micro,Pune,2024-10-02,Maharashtra
2161,Raj LLC,Pharmacy,Enterprise,Bhopal,2025-04-16,Madhya Pradesh
2162,"Swaminathan, Basak and Mittal",Food & Dining,SME,Hyderabad,2024-03-16,Telangana
2163,"Modi, Tak and Sheth",Food & Dining,Micro,Indore,2024-05-25,Madhya Pradesh
2164,Bala Inc,Food & Dining,SME,Delhi,2025-07-23,Delhi
2165,Lala LLC,Food & Dining,Micro,Hyderabad,2024-03-16,Telangana
2166,"Sodhi, Dash and Mani",Fuel,SME,Pune,2024-07-10,Maharashtra
2167,Gola-Swamy,Food & Dining,Micro,Bengaluru,2024-04-13,Karnataka
2168,"Konda, Balakrishnan and Dar",Education,SME,Surat,2024-06-12,Gujarat
2169,Tailor-Bhavsar,Kirana/Local Store,SME,Surat,2024-08-03,Gujarat
2170,"Pathak, Srivastava and Sarin",Utilities/Bill Pay,Micro,Kolkata,2024-03-24,West Bengal
2171,Soni-Dar,Financial Services,Micro,Chennai,2024-09-10,Tamil Nadu
2172,Vala-Badal,Fashion & Apparel,Micro,Chennai,2025-09-09,Tamil Nadu
2173,Gaba-Bhardwaj,Pharmacy,Micro,Kolkata,2025-05-19,West Bengal
2174,Nagarajan Group,Home Services,Micro,Bengaluru,2024-10-18,Karnataka
2175,"Deshmukh, Parikh and Gade",Pharmacy,Micro,Hyderabad,2024-11-05,Telangana
2176,Mahajan LLC,Kirana/Local Store,SME,Mumbai,2025-12-19,Maharashtra
2177,Parekh-Bava,Food & Dining,Micro,Surat,2024-12-07,Gujarat
2178,Manne-Wagle,Kirana/Local Store,SME,Patna,2024-08-17,Bihar
2179,"Bose, Varkey and Hari",Food & Dining,Micro,Bengaluru,2025-02-01,Karnataka
2180,"Goswami, Chandra and Ganesh",Home Services,SME,Kochi,2024-03-23,Kerala
2181,"Naidu, Mutti and Mitra",Fuel,SME,Ahmedabad,2024-11-04,Gujarat
2182,Patil-Char,Home Services,Micro,Bengaluru,2024-07-07,Karnataka
2183,"Pandey, Dhawan and Arya",Travel & Transport,Micro,Kochi,2025-06-21,Kerala
2184,Vasa LLC,Utilities/Bill Pay,Micro,Chennai,2024-04-21,Tamil Nadu
2185,Sundaram-Sabharwal,Food & Dining,Enterprise,Pune,2024-05-03,Maharashtra
2186,Gaba-Chaudry,Kirana/Local Store,Micro,Chennai,2024-08-26,Tamil Nadu
2187,Dubey PLC,Travel & Transport,Micro,Kochi,2025-01-25,Kerala
2188,Guha PLC,Education,Micro,Bengaluru,2025-07-15,Karnataka
2189,"Vora, Wali and Comar",Pharmacy,Micro,Kolkata,2025-06-28,West Bengal
2190,Sharma-Bose,Grocery,Enterprise,Chennai,2025-08-20,Tamil Nadu
2191,Deep Inc,Financial Services,Micro,Nagpur,2024-12-02,Maharashtra
2192,Pall-Muni,Fuel,Micro,Delhi,2025-05-12,Delhi
2193,"Patil, Dewan and Sathe",Financial Services,SME,Jaipur,2024-10-17,Rajasthan
2194,"Virk, Oommen and Gera",Utilities/Bill Pay,Micro,Ahmedabad,2025-07-29,Gujarat
2195,"Modi, Balakrishnan and Dani",Fashion & Apparel,Micro,Mumbai,2025-07-23,Maharashtra
2196,Dave Ltd,Education,SME,Ahmedabad,2024-11-22,Gujarat
2197,Karan LLC,Education,Micro,Lucknow,2024-04-11,Uttar Pradesh
2198,Kadakia and Sons,Entertainment,SME,Jaipur,2024-05-28,Rajasthan
2199,Sandal Ltd,Utilities/Bill Pay,Micro,Hyderabad,2025-03-11,Telangana
2200,Brahmbhatt Inc,Entertainment,Micro,Kolkata,2024-09-06,West Bengal
2201,Sankar-Basak,Fashion & Apparel,Enterprise,Mumbai,2024-02-11,Maharashtra
2202,Chokshi Inc,Grocery,SME,Bengaluru,2025-03-31,Karnataka
2203,"Varghese, Bhargava and Singh",Utilities/Bill Pay,Micro,Hyderabad,2025-08-03,Telangana
2204,Kulkarni Inc,Fuel,Micro,Hyderabad,2025-11-06,Telangana
2205,Mitra Ltd,Fuel,Enterprise,Bengaluru,2024-06-02,Karnataka
2206,Char Inc,Electronics,Micro,Nagpur,2024-05-24,Maharashtra
2207,"Jha, Iyengar and Goyal",Financial Services,Micro,Indore,2024-05-02,Madhya Pradesh
2208,"Panchal, Balakrishnan and Chana",Electronics,SME,Bhopal,2025-04-25,Madhya Pradesh
2209,Mall PLC,Entertainment,SME,Surat,2024-09-30,Gujarat
2210,Pandey-Dyal,Home Services,Micro,Pune,2025-11-19,Maharashtra
2211,"Khurana, Tiwari and Bir",Food & Dining,Micro,Pune,2025-06-15,Maharashtra
2212,Atwal PLC,Grocery,Micro,Chennai,2024-05-14,Tamil Nadu
2213,Handa LLC,Education,Micro,Kolkata,2024-04-12,West Bengal
2214,Yogi Inc,Fashion & Apparel,SME,Kolkata,2024-02-07,West Bengal
2215,"Chaudhary, Kala and Thaman",Grocery,Enterprise,Kolkata,2024-05-08,West Bengal
2216,"Soman, Peri and Goyal",Grocery,SME,Lucknow,2024-11-06,Uttar Pradesh
2217,Chhabra-Golla,Pharmacy,Micro,Kolkata,2024-01-02,West Bengal
2218,Raghavan-Samra,Fuel,SME,Patna,2024-02-27,Bihar
2219,Varkey and Sons,Grocery,SME,Bengaluru,2025-07-19,Karnataka
2220,Chowdhury-Murthy,Financial Services,SME,Chandigarh,2025-02-16,Punjab
2221,Shukla Inc,Travel & Transport,Micro,Chennai,2024-12-03,Tamil Nadu
2222,"Deshpande, Tandon and Patel",Fuel,Micro,Kochi,2025-03-13,Kerala
2223,"Mani, Baria and Butala",Education,Micro,Bengaluru,2025-11-20,Karnataka
2224,Tak-D’Alia,Home Services,Enterprise,Mumbai,2025-10-06,Maharashtra
2225,Mander-Shan,Kirana/Local Store,Micro,Hyderabad,2025-07-18,Telangana
2226,"Muni, Sawhney and Kara",Entertainment,SME,Coimbatore,2024-05-15,Tamil Nadu
2227,"Reddy, Mannan and Sangha",Food & Dining,SME,Pune,2025-05-15,Maharashtra
2228,Boase Group,Home Services,Micro,Surat,2025-08-19,Gujarat
2229,"Pillai, Gola and Arya",Utilities/Bill Pay,Micro,Ahmedabad,2025-09-11,Gujarat
2230,"Swamy, Cheema and Randhawa",Fashion & Apparel,Enterprise,Delhi,2024-07-10,Delhi
2231,Virk-Chada,Grocery,SME,Nagpur,2024-07-26,Maharashtra
2232,Dhar Group,Fuel,Enterprise,Pune,2025-07-21,Maharashtra
2233,Chaudry-Ganguly,Grocery,SME,Coimbatore,2025-07-22,Tamil Nadu
2234,Patla and Sons,Home Services,SME,Bengaluru,2024-08-30,Karnataka
2235,Iyer-Raval,Utilities/Bill Pay,SME,Mumbai,2024-12-13,Maharashtra
2236,Kaul Group,Fashion & Apparel,SME,Ahmedabad,2025-12-25,Gujarat
2237,"Tata, Mallick and Mahajan",Entertainment,Micro,Bhopal,2024-12-13,Madhya Pradesh
2238,"Ratta, Parekh and Soni",Utilities/Bill Pay,Micro,Bengaluru,2025-05-19,Karnataka
2239,"Ravel, Sundaram and Vaidya",Grocery,SME,Ahmedabad,2025-06-26,Gujarat
2240,Din-Sha,Food & Dining,Micro,Delhi,2025-12-16,Delhi
2241,Das LLC,Utilities/Bill Pay,SME,Kolkata,2025-08-17,West Bengal
2242,Tank-Kashyap,Entertainment,SME,Delhi,2025-08-23,Delhi
2243,"Desai, Balan and Chaudhary",Pharmacy,SME,Mumbai,2025-03-04,Maharashtra
2244,"Bera, Bir and Tara",Fuel,SME,Bengaluru,2025-05-21,Karnataka
2245,"Bala, Gola and Raja",Grocery,Micro,Chennai,2025-05-18,Tamil Nadu
2246,"Narain, Dua and Mitter",Kirana/Local Store,Micro,Bhopal,2025-09-14,Madhya Pradesh
2247,"Char, Bose and Venkatesh",Grocery,Micro,Hyderabad,2024-05-26,Telangana
2248,Shukla-Jaggi,Fashion & Apparel,SME,Bengaluru,2025-02-06,Karnataka
2249,Tank-Swaminathan,Grocery,Micro,Ahmedabad,2025-06-23,Gujarat
2250,"Lal, Oza and Zachariah",Food & Dining,Enterprise,Nagpur,2024-07-26,Maharashtra
2251,"Badami, Balay and Sani",Food & Dining,Enterprise,Guwahati,2024-02-23,Assam
2252,Rajagopal Group,Grocery,Micro,Bengaluru,2025-04-03,Karnataka
2253,Puri-Savant,Pharmacy,Micro,Ahmedabad,2024-09-25,Gujarat
2254,Banik-Bali,Electronics,Micro,Ranchi,2024-04-01,Jharkhand
2255,Mitter Ltd,Fashion & Apparel,Enterprise,Jaipur,2024-02-21,Rajasthan
2256,Swamy Group,Fashion & Apparel,Micro,Mumbai,2024-09-26,Maharashtra
2257,Muni Ltd,Education,Micro,Ahmedabad,2025-03-01,Gujarat
2258,Sura-Choudhary,Utilities/Bill Pay,Micro,Mumbai,2025-09-26,Maharashtra
2259,"Swaminathan, Zacharia and Singhal",Food & Dining,Micro,Indore,2025-11-11,Madhya Pradesh
2260,Dugar-Toor,Education,Enterprise,Kolkata,2025-03-07,West Bengal
2261,Raman LLC,Education,Micro,Patna,2024-02-19,Bihar
2262,Purohit-Pandit,Travel & Transport,SME,Lucknow,2025-08-31,Uttar Pradesh
2263,Nagi-Bhat,Grocery,Micro,Bengaluru,2024-07-25,Karnataka
2264,Bath and Sons,Grocery,SME,Bhopal,2025-10-27,Madhya Pradesh
2265,Palla-Bala,Electronics,SME,Kolkata,2024-01-29,West Bengal
2266,"Om, Rai and Chatterjee",Food & Dining,Micro,Ahmedabad,2024-03-14,Gujarat
2267,Pai-Parikh,Fuel,SME,Patna,2024-12-01,Bihar
2268,Panchal-Bhalla,Entertainment,SME,Pune,2024-10-22,Maharashtra
2269,"Konda, Kota and Keer",Grocery,Micro,Nagpur,2025-01-26,Maharashtra
2270,"Muni, Chad and Bhatti",Fashion & Apparel,SME,Pune,2024-08-25,Maharashtra
2271,Contractor-Nazareth,Electronics,Micro,Mumbai,2024-03-03,Maharashtra
2272,Bahri PLC,Fashion & Apparel,Micro,Ahmedabad,2025-05-13,Gujarat
2273,Barad-Sharma,Home Services,Micro,Delhi,2024-05-15,Delhi
2274,"Sami, Varma and Sama",Home Services,SME,Kolkata,2024-09-04,West Bengal
2275,Bahri-Singh,Education,SME,Bengaluru,2025-08-08,Karnataka
2276,"Bains, Nadig and Purohit",Grocery,Enterprise,Kolkata,2025-02-17,West Bengal
2277,"Ramakrishnan, Naidu and Chaudhari",Kirana/Local Store,Micro,Coimbatore,2024-06-07,Tamil Nadu
2278,Chaudhry-Jha,Travel & Transport,Enterprise,Coimbatore,2025-08-13,Tamil Nadu
2279,Taneja-Thakkar,Fuel,Micro,Bengaluru,2024-06-28,Karnataka
2280,"Nori, Ganesan and Mistry",Utilities/Bill Pay,Micro,Delhi,2025-02-15,Delhi
2281,Sarin-Jaggi,Kirana/Local Store,SME,Pune,2025-11-12,Maharashtra
2282,Borra-Wason,Grocery,SME,Bengaluru,2024-11-26,Karnataka
2283,Mani LLC,Home Services,SME,Jaipur,2024-01-10,Rajasthan
2284,Mishra PLC,Home Services,Micro,Bengaluru,2024-05-12,Karnataka
2285,Kara-Chanda,Pharmacy,Micro,Hyderabad,2025-11-05,Telangana
2286,"Chandran, Nayar and Mahajan",Fuel,Enterprise,Delhi,2025-05-18,Delhi
2287,Wali Group,Food & Dining,SME,Ahmedabad,2025-09-21,Gujarat
2288,Kadakia-Palan,Grocery,SME,Hyderabad,2024-07-17,Telangana
2289,Mittal PLC,Utilities/Bill Pay,Micro,Mumbai,2025-09-25,Maharashtra
2290,Sant-Zacharia,Entertainment,Micro,Ranchi,2025-03-29,Jharkhand
2291,Iyengar-Sachdeva,Utilities/Bill Pay,SME,Mumbai,2025-05-24,Maharashtra
2292,Krishnamurthy-Varma,Travel & Transport,Micro,Chennai,2024-12-30,Tamil Nadu
2293,Gole-Bahl,Grocery,Enterprise,Delhi,2024-10-09,Delhi
2294,"Varty, Grover and Tata",Financial Services,SME,Kolkata,2025-11-26,West Bengal
2295,Sibal LLC,Entertainment,SME,Lucknow,2024-01-19,Uttar Pradesh
2296,"Walia, Saraf and Bhasin",Electronics,Micro,Mumbai,2024-03-12,Maharashtra
2297,"Iyer, Patla and Shere",Electronics,SME,Kolkata,2025-07-01,West Bengal
2298,Khosla and Sons,Education,Micro,Chennai,2024-07-30,Tamil Nadu
2299,"Mital, Saran and Roy",Grocery,Micro,Pune,2024-06-22,Maharashtra
2300,Bhatt-Jani,Utilities/Bill Pay,Micro,Ahmedabad,2024-11-24,Gujarat
2301,Loke-Mangat,Home Services,Micro,Ranchi,2025-03-13,Jharkhand
2302,"Dyal, Kunda and Keer",Utilities/Bill Pay,Micro,Kochi,2025-01-20,Kerala
2303,Khare-Comar,Home Services,SME,Chennai,2024-09-10,Tamil Nadu
2304,Handa Inc,Utilities/Bill Pay,Micro,Kolkata,2024-05-13,West Bengal
2305,Mukherjee Group,Entertainment,SME,Ahmedabad,2025-03-20,Gujarat
2306,Sarin-Sami,Home Services,Micro,Coimbatore,2024-11-13,Tamil Nadu
2307,"Bansal, Jaggi and Dutta",Grocery,SME,Delhi,2024-04-16,Delhi
2308,Deshpande-Balakrishnan,Fashion & Apparel,Micro,Chandigarh,2025-11-04,Punjab
2309,Mall-Goda,Grocery,Micro,Pune,2025-03-22,Maharashtra
2310,"Basak, Sunder and Bahri",Food & Dining,SME,Chandigarh,2025-09-07,Punjab
2311,Chacko LLC,Home Services,Micro,Bengaluru,2024-11-13,Karnataka
2312,"Misra, Bhatt and Ray",Fuel,Micro,Surat,2024-05-30,Gujarat
2313,Chana-Ranganathan,Electronics,Micro,Bengaluru,2024-07-19,Karnataka
2314,"Dey, Keer and Choudhury",Electronics,Micro,Chennai,2024-07-20,Tamil Nadu
2315,"Tella, Dara and Vig",Pharmacy,SME,Delhi,2024-01-25,Delhi
2316,"Vohra, Krishnamurthy and Taneja",Education,Micro,Kolkata,2024-03-06,West Bengal
2317,Khanna PLC,Education,SME,Coimbatore,2024-11-08,Tamil Nadu
2318,Munshi LLC,Kirana/Local Store,Micro,Patna,2024-02-27,Bihar
2319,"Ramakrishnan, Keer and Sampath",Food & Dining,Micro,Indore,2025-01-10,Madhya Pradesh
2320,Dhawan Inc,Grocery,SME,Mumbai,2024-06-25,Maharashtra
2321,Kala LLC,Entertainment,Micro,Bengaluru,2025-10-04,Karnataka
2322,Rege-Kumar,Kirana/Local Store,SME,Nagpur,2024-05-12,Maharashtra
2323,"Bhalla, Swaminathan and Walla",Grocery,Micro,Jaipur,2024-09-04,Rajasthan
2324,Chowdhury-Nadig,Utilities/Bill Pay,SME,Ahmedabad,2025-06-29,Gujarat
2325,"Sampath, Soman and Koshy",Food & Dining,Micro,Nagpur,2024-07-09,Maharashtra
2326,Dhillon-Patil,Food & Dining,Micro,Hyderabad,2025-09-12,Telangana
2327,Pillai-Morar,Food & Dining,Micro,Bengaluru,2024-06-04,Karnataka
2328,Banerjee Ltd,Grocery,Micro,Pune,2025-06-17,Maharashtra
2329,"Bhagat, Khatri and Kulkarni",Travel & Transport,Micro,Pune,2024-11-26,Maharashtra
2330,"Rajagopalan, More and Patil",Kirana/Local Store,Enterprise,Delhi,2024-11-19,Delhi
2331,"Dara, Warrior and Khalsa",Grocery,Enterprise,Kochi,2024-11-23,Kerala
2332,Rama-Anand,Travel & Transport,Micro,Mumbai,2025-03-12,Maharashtra
2333,Kumer-Mitra,Pharmacy,Micro,Ahmedabad,2025-05-06,Gujarat
2334,Keer LLC,Utilities/Bill Pay,SME,Delhi,2025-12-11,Delhi
2335,Dyal Group,Utilities/Bill Pay,Micro,Mumbai,2024-02-06,Maharashtra
2336,"Nadig, Ray and Bandi",Fuel,Enterprise,Pune,2024-11-17,Maharashtra
2337,Buch-Swamy,Grocery,Micro,Chennai,2025-03-27,Tamil Nadu
2338,Sachar-Natarajan,Grocery,Micro,Surat,2024-06-26,Gujarat
2339,"Sami, Chaudhry and Dyal",Fuel,SME,Mumbai,2024-12-08,Maharashtra
2340,"Lal, Toor and Bhatti",Travel & Transport,Micro,Hyderabad,2024-01-20,Telangana
2341,Salvi-Narain,Food & Dining,Micro,Mumbai,2025-05-06,Maharashtra
2342,Bala-Ben,Utilities/Bill Pay,Micro,Ranchi,2024-09-23,Jharkhand
2343,"Gour, Sawhney and Deshpande",Entertainment,SME,Patna,2025-10-07,Bihar
2344,Rattan and Sons,Grocery,Micro,Guwahati,2024-02-23,Assam
2345,"Mody, Murthy and Butala",Fashion & Apparel,Micro,Pune,2025-04-05,Maharashtra
2346,Dugar and Sons,Fashion & Apparel,Micro,Bengaluru,2024-07-21,Karnataka
2347,"De, Roy and Nagarajan",Fuel,Micro,Mumbai,2024-10-02,Maharashtra
2348,Sridhar-Deol,Pharmacy,SME,Bhopal,2025-11-15,Madhya Pradesh
2349,Ghose-Narang,Grocery,Micro,Surat,2024-02-11,Gujarat
2350,Issac-Chad,Electronics,Micro,Bengaluru,2025-05-29,Karnataka
2351,Pillai-Gopal,Education,Micro,Coimbatore,2025-12-14,Tamil Nadu
2352,Purohit-Kapur,Fuel,Micro,Chennai,2024-10-05,Tamil Nadu
2353,Bajaj PLC,Food & Dining,Micro,Delhi,2025-01-12,Delhi
2354,"Karnik, Chakraborty and Shere",Food & Dining,Micro,Delhi,2024-05-17,Delhi
2355,Lala Ltd,Pharmacy,Micro,Delhi,2024-02-19,Delhi
2356,Bawa Group,Utilities/Bill Pay,Enterprise,Lucknow,2024-09-22,Uttar Pradesh
2357,"Sanghvi, Lad and Dixit",Food & Dining,SME,Pune,2025-08-10,Maharashtra
2358,Pillai and Sons,Grocery,SME,Mumbai,2025-12-19,Maharashtra
2359,"Dalal, Atwal and Vora",Financial Services,Enterprise,Hyderabad,2024-01-28,Telangana
2360,Setty-Talwar,Education,Micro,Bhopal,2025-12-10,Madhya Pradesh
2361,Kapur Ltd,Financial Services,SME,Delhi,2025-03-08,Delhi
2362,Halder LLC,Fashion & Apparel,Micro,Kolkata,2024-11-07,West Bengal
2363,Talwar-Raja,Food & Dining,Micro,Delhi,2024-06-20,Delhi
2364,Sankar and Sons,Fashion & Apparel,Enterprise,Bengaluru,2025-07-22,Karnataka
2365,"Kale, Mandal and Gulati",Fashion & Apparel,SME,Mumbai,2024-06-25,Maharashtra
2366,Gole-Rege,Pharmacy,Micro,Jaipur,2024-04-11,Rajasthan
2367,Balakrishnan LLC,Kirana/Local Store,Micro,Pune,2025-10-07,Maharashtra
2368,Keer-Seshadri,Food & Dining,Enterprise,Mumbai,2025-02-24,Maharashtra
2369,Pingle PLC,Travel & Transport,SME,Mumbai,2024-11-09,Maharashtra
2370,"Shanker, Chada and Anne",Fashion & Apparel,Micro,Bengaluru,2024-06-07,Karnataka
2371,Deol-Naik,Travel & Transport,Micro,Guwahati,2025-12-01,Assam
2372,"Rao, Kala and Rajagopal",Grocery,Micro,Surat,2024-01-30,Gujarat
2373,"Sampath, Kunda and Bora",Fashion & Apparel,SME,Hyderabad,2025-08-23,Telangana
2374,Bhargava Inc,Utilities/Bill Pay,SME,Delhi,2025-03-28,Delhi
2375,Keer-Sinha,Fashion & Apparel,SME,Surat,2024-01-14,Gujarat
2376,Bath-Ahluwalia,Home Services,Micro,Bengaluru,2024-10-30,Karnataka
2377,Thaman-Raj,Electronics,SME,Chennai,2024-11-01,Tamil Nadu
2378,Rana-Prabhakar,Electronics,Micro,Kolkata,2025-08-05,West Bengal
2379,Barman PLC,Grocery,Enterprise,Chennai,2025-12-02,Tamil Nadu
2380,Lad and Sons,Fashion & Apparel,Micro,Bengaluru,2024-10-29,Karnataka
2381,"Tailor, Nori and Sidhu",Fuel,SME,Chandigarh,2024-12-06,Punjab
2382,Chakraborty LLC,Utilities/Bill Pay,Micro,Bengaluru,2024-01-02,Karnataka
2383,"Wali, Sant and Dhar",Home Services,Micro,Jaipur,2025-03-25,Rajasthan
2384,Dada-Munshi,Entertainment,Micro,Hyderabad,2024-08-09,Telangana
2385,Datta Group,Kirana/Local Store,Micro,Kochi,2024-03-05,Kerala
2386,Patel-Sani,Utilities/Bill Pay,Micro,Bengaluru,2025-09-01,Karnataka
2387,Lall-Lalla,Electronics,SME,Hyderabad,2025-03-10,Telangana
2388,"Munshi, Sarin and Gala",Pharmacy,SME,Chennai,2025-03-22,Tamil Nadu
2389,Swamy-Dora,Utilities/Bill Pay,SME,Hyderabad,2024-04-30,Telangana
2390,"Sarraf, Bera and Gulati",Food & Dining,SME,Lucknow,2024-09-11,Uttar Pradesh
2391,Bhagat and Sons,Utilities/Bill Pay,Micro,Indore,2025-01-17,Madhya Pradesh
2392,Banik Group,Pharmacy,Micro,Nagpur,2024-07-12,Maharashtra
2393,Gade-Sibal,Food & Dining,Micro,Pune,2025-05-21,Maharashtra
2394,D’Alia-Talwar,Food & Dining,SME,Pune,2025-04-07,Maharashtra
2395,Sathe LLC,Fuel,Micro,Ahmedabad,2024-07-11,Gujarat
2396,"Sundaram, Shankar and Tailor",Grocery,Micro,Patna,2024-06-16,Bihar
2397,Divan Inc,Grocery,Micro,Hyderabad,2024-10-16,Telangana
2398,Chander-Jani,Fashion & Apparel,SME,Delhi,2025-06-28,Delhi
2399,Gole-Ganguly,Electronics,Micro,Delhi,2025-09-21,Delhi
2400,"Trivedi, Mahajan and Kala",Utilities/Bill Pay,Micro,Mumbai,2024-01-27,Maharashtra
2401,"Agrawal, Vora and Gole",Food & Dining,Micro,Pune,2024-06-14,Maharashtra
2402,Bose-Koshy,Travel & Transport,Micro,Delhi,2025-10-19,Delhi
2403,Chandra-Narasimhan,Education,SME,Lucknow,2025-02-19,Uttar Pradesh
2404,Mane Ltd,Kirana/Local Store,Micro,Mumbai,2024-01-03,Maharashtra
2405,"Dara, Ramesh and Prakash",Utilities/Bill Pay,SME,Ahmedabad,2025-08-04,Gujarat
2406,"Cherian, Naik and Dube",Grocery,Micro,Mumbai,2024-12-08,Maharashtra
2407,Bumb Group,Travel & Transport,SME,Delhi,2024-10-07,Delhi
2408,"Srinivasan, Setty and Luthra",Kirana/Local Store,SME,Mumbai,2025-06-06,Maharashtra
2409,"Ahluwalia, Narayan and Bassi",Food & Dining,SME,Chandigarh,2024-09-25,Punjab
2410,"Sethi, Nair and Dayal",Food & Dining,Micro,Pune,2025-05-19,Maharashtra
2411,Bava Ltd,Food & Dining,Micro,Bengaluru,2025-05-22,Karnataka
2412,Naidu-Bhakta,Grocery,SME,Nagpur,2024-09-09,Maharashtra
2413,"Bobal, Raj and Chanda",Education,Micro,Mumbai,2025-03-23,Maharashtra
2414,Kumer-Gokhale,Pharmacy,Micro,Nagpur,2025-02-04,Maharashtra
2415,Rastogi Inc,Grocery,Micro,Surat,2025-02-07,Gujarat
2416,Joshi and Sons,Food & Dining,SME,Bengaluru,2024-12-26,Karnataka
2417,Rau-Mane,Grocery,SME,Kochi,2024-04-20,Kerala
2418,"Dube, Dara and Misra",Food & Dining,Micro,Kochi,2025-09-21,Kerala
2419,Sankaran-Mukherjee,Grocery,SME,Chandigarh,2024-07-16,Punjab
2420,"Deep, Parmer and Char",Utilities/Bill Pay,SME,Bhopal,2024-02-01,Madhya Pradesh
2421,Vala-Iyengar,Fuel,Micro,Delhi,2024-04-28,Delhi
2422,Sehgal-Rama,Food & Dining,SME,Chennai,2025-07-08,Tamil Nadu
2423,Loyal-Sampath,Utilities/Bill Pay,Micro,Patna,2025-04-06,Bihar
2424,Sami LLC,Grocery,Enterprise,Mumbai,2024-10-06,Maharashtra
2425,"Grewal, Saraf and Sandhu",Grocery,Micro,Ahmedabad,2025-03-27,Gujarat
2426,Baria PLC,Utilities/Bill Pay,Micro,Nagpur,2025-05-21,Maharashtra
2427,Sheth-Kapur,Fashion & Apparel,Micro,Jaipur,2025-12-07,Rajasthan
2428,"Dubey, Tandon and Vyas",Travel & Transport,SME,Chennai,2025-10-15,Tamil Nadu
2429,"Vohra, Chacko and Mannan",Food & Dining,SME,Surat,2024-06-21,Gujarat
2430,Sarkar-Buch,Utilities/Bill Pay,Micro,Kolkata,2025-12-07,West Bengal
2431,Mital-Dixit,Electronics,Micro,Hyderabad,2025-08-24,Telangana
2432,Mital and Sons,Travel & Transport,Enterprise,Delhi,2024-07-06,Delhi
2433,"Sane, Merchant and Batta",Travel & Transport,SME,Bengaluru,2025-05-20,Karnataka
2434,"Bose, Bath and Varghese",Education,Enterprise,Bhopal,2024-01-11,Madhya Pradesh
2435,Uppal Group,Financial Services,SME,Indore,2025-05-30,Madhya Pradesh
2436,Chandra-Shetty,Electronics,Micro,Chennai,2024-01-20,Tamil Nadu
2437,"Kulkarni, Pant and Kumar",Grocery,Micro,Bengaluru,2025-06-27,Karnataka
2438,"Bumb, Thakur and Babu",Electronics,Micro,Hyderabad,2025-03-08,Telangana
2439,Shere and Sons,Grocery,Micro,Pune,2024-11-12,Maharashtra
2440,Ramaswamy Inc,Pharmacy,Enterprise,Delhi,2024-11-17,Delhi
2441,Saha Ltd,Food & Dining,Micro,Delhi,2024-01-09,Delhi
2442,Murthy-Sha,Fashion & Apparel,SME,Delhi,2025-07-23,Delhi
2443,"Sengupta, Lanka and Om",Electronics,Micro,Bengaluru,2024-09-27,Karnataka
2444,Kakar and Sons,Financial Services,Micro,Mumbai,2025-09-24,Maharashtra
2445,Lad Ltd,Grocery,SME,Ahmedabad,2025-10-22,Gujarat
2446,Saraf PLC,Food & Dining,Micro,Kochi,2024-05-08,Kerala
2447,Ahluwalia Group,Grocery,Enterprise,Chennai,2025-10-16,Tamil Nadu
2448,Arya and Sons,Fuel,Micro,Chennai,2024-03-12,Tamil Nadu
2449,"Sood, Sharma and Ravel",Electronics,Micro,Surat,2024-09-14,Gujarat
2450,"Sur, Mitter and Patel",Utilities/Bill Pay,Micro,Hyderabad,2025-08-07,Telangana
2451,"Rana, Mittal and Chahal",Food & Dining,Micro,Chennai,2025-01-02,Tamil Nadu
2452,Deshmukh Inc,Entertainment,Micro,Bengaluru,2025-08-21,Karnataka
2453,Choudhury Inc,Fuel,Micro,Mumbai,2025-01-09,Maharashtra
2454,"Guha, Bala and Kadakia",Grocery,Enterprise,Patna,2024-09-07,Bihar
2455,Dhillon-Khurana,Fashion & Apparel,Micro,Kolkata,2025-12-22,West Bengal
2456,Yohannan-Halder,Entertainment,Micro,Bhopal,2024-06-24,Madhya Pradesh
2457,Mitra Group,Grocery,Enterprise,Pune,2024-05-06,Maharashtra
2458,Som Group,Pharmacy,SME,Indore,2024-01-19,Madhya Pradesh
2459,Dada and Sons,Pharmacy,SME,Chennai,2025-02-05,Tamil Nadu
2460,Saxena Group,Fashion & Apparel,SME,Hyderabad,2025-01-22,Telangana
2461,Bahri-Sengupta,Electronics,Micro,Delhi,2025-10-02,Delhi
2462,"Kibe, Jaggi and Menon",Kirana/Local Store,Micro,Lucknow,2025-04-05,Uttar Pradesh
2463,"Ramanathan, Behl and Nath",Home Services,SME,Jaipur,2025-09-29,Rajasthan
2464,Chauhan Ltd,Utilities/Bill Pay,SME,Patna,2025-03-09,Bihar
2465,"Sankaran, Sagar and Tandon",Utilities/Bill Pay,Micro,Mumbai,2024-05-05,Maharashtra
2466,"Mannan, Bansal and Sura",Grocery,Micro,Delhi,2024-11-25,Delhi
2467,Sunder-Varghese,Utilities/Bill Pay,Micro,Mumbai,2025-10-01,Maharashtra
2468,"Sura, Kata and Bhat",Food & Dining,Micro,Pune,2024-03-09,Maharashtra
2469,"Bahl, Sami and Mutti",Kirana/Local Store,Micro,Chennai,2025-02-12,Tamil Nadu
2470,"Bhatt, Loyal and Sahni",Education,Micro,Bengaluru,2025-01-24,Karnataka
2471,Dada-Talwar,Utilities/Bill Pay,SME,Delhi,2024-06-18,Delhi
2472,"Palan, Sen and Sarin",Utilities/Bill Pay,Micro,Delhi,2024-09-21,Delhi
2473,Edwin LLC,Fuel,Micro,Indore,2025-01-23,Madhya Pradesh
2474,"Handa, Singh and Padmanabhan",Fashion & Apparel,Micro,Ahmedabad,2025-06-01,Gujarat
2475,Kata-Tripathi,Kirana/Local Store,Micro,Delhi,2024-06-23,Delhi
2476,Nori PLC,Grocery,Micro,Kolkata,2025-12-20,West Bengal
2477,"Sidhu, Deep and Memon",Travel & Transport,SME,Mumbai,2025-11-15,Maharashtra
2478,"Ramakrishnan, Saha and Parsa",Pharmacy,SME,Hyderabad,2025-03-15,Telangana
2479,Edwin-Johal,Pharmacy,Micro,Delhi,2024-01-03,Delhi
2480,Chadha-Subramanian,Education,SME,Coimbatore,2025-01-02,Tamil Nadu
2481,Ghose and Sons,Entertainment,SME,Chennai,2024-09-19,Tamil Nadu
2482,Swamy Inc,Food & Dining,SME,Delhi,2024-08-10,Delhi
2483,Tak-Mitter,Entertainment,Micro,Delhi,2025-01-18,Delhi
2484,Kadakia PLC,Fashion & Apparel,Micro,Kolkata,2024-04-22,West Bengal
2485,Badami LLC,Food & Dining,Micro,Pune,2024-09-10,Maharashtra
2486,Parikh-Dutt,Kirana/Local Store,SME,Kolkata,2024-05-09,West Bengal
2487,Thakur Inc,Electronics,Enterprise,Mumbai,2025-02-17,Maharashtra
2488,Nazareth Group,Pharmacy,SME,Mumbai,2024-03-31,Maharashtra
2489,Karan Inc,Home Services,Enterprise,Delhi,2024-07-19,Delhi
2490,"Kapur, Sur and Kuruvilla",Fuel,SME,Nagpur,2025-04-12,Maharashtra
2491,Pant-Batra,Utilities/Bill Pay,SME,Chandigarh,2024-01-23,Punjab
2492,"Loke, Dora and Varma",Food & Dining,SME,Surat,2025-10-10,Gujarat
2493,"Chawla, Bedi and Sarma",Home Services,SME,Delhi,2025-11-06,Delhi
2494,Choudhry-Cherian,Utilities/Bill Pay,SME,Mumbai,2024-06-26,Maharashtra
2495,"Chaudry, Barman and Tripathi",Electronics,Micro,Lucknow,2024-03-29,Uttar Pradesh
2496,Ganesh Ltd,Electronics,Micro,Lucknow,2024-08-19,Uttar Pradesh
2497,Jha LLC,Fashion & Apparel,Micro,Bengaluru,2024-10-10,Karnataka
2498,Master Ltd,Fuel,SME,Bengaluru,2025-08-11,Karnataka
2499,Toor-Tara,Utilities/Bill Pay,Micro,Chandigarh,2025-10-10,Punjab
2500,"Chaudhary, Dube and Patla",Grocery,Micro,Mumbai,2025-09-28,Maharashtra
2501,Devi-Das,Grocery,Micro,Pune,2025-03-03,Maharashtra
2502,Sarna Group,Fuel,Micro,Indore,2025-01-10,Madhya Pradesh
2503,Korpal Group,Home Services,Micro,Mumbai,2025-02-25,Maharashtra
2504,Mangat-Tiwari,Grocery,Micro,Hyderabad,2024-12-17,Telangana
2505,Chada LLC,Grocery,SME,Ahmedabad,2024-05-11,Gujarat
2506,Sachdeva-Patel,Food & Dining,Enterprise,Ranchi,2024-04-03,Jharkhand
2507,"Korpal, Doshi and Wagle",Utilities/Bill Pay,Micro,Bengaluru,2024-05-14,Karnataka
2508,Kari-Devi,Entertainment,Micro,Bengaluru,2025-08-20,Karnataka
2509,Sachdev-Rout,Travel & Transport,Micro,Pune,2025-11-13,Maharashtra
2510,Varty-Pathak,Utilities/Bill Pay,SME,Ahmedabad,2024-07-14,Gujarat
2511,Savant and Sons,Electronics,Micro,Ranchi,2025-05-31,Jharkhand
2512,Varughese Inc,Kirana/Local Store,Micro,Indore,2025-02-17,Madhya Pradesh
2513,Nigam LLC,Pharmacy,Micro,Lucknow,2025-02-02,Uttar Pradesh
2514,Gala-Saraf,Utilities/Bill Pay,SME,Jaipur,2025-07-01,Rajasthan
2515,Ramaswamy Inc,Electronics,Micro,Bengaluru,2024-01-08,Karnataka
2516,"Dora, Bhardwaj and Venkatesh",Financial Services,Micro,Chennai,2025-08-01,Tamil Nadu
2517,Saini-Ratti,Food & Dining,Micro,Delhi,2025-08-22,Delhi
2518,"Modi, Murthy and Padmanabhan",Fashion & Apparel,SME,Nagpur,2024-12-18,Maharashtra
2519,Mammen PLC,Fashion & Apparel,Micro,Delhi,2025-04-03,Delhi
2520,"Din, Raval and Sehgal",Grocery,SME,Bengaluru,2024-06-05,Karnataka
2521,"Jha, Sathe and Pai",Education,SME,Coimbatore,2024-02-26,Tamil Nadu
2522,"Ravel, Hora and Mitra",Fashion & Apparel,Micro,Lucknow,2024-06-30,Uttar Pradesh
2523,Bansal PLC,Food & Dining,Micro,Kolkata,2024-11-08,West Bengal
2524,Ramakrishnan-Date,Fashion & Apparel,SME,Hyderabad,2024-05-24,Telangana
2525,"Zachariah, Mander and Kala",Grocery,Micro,Indore,2024-03-26,Madhya Pradesh
2526,Vaidya PLC,Food & Dining,Micro,Mumbai,2025-01-12,Maharashtra
2527,Verma-Oak,Grocery,Micro,Kochi,2025-01-19,Kerala
2528,"Dutta, Bajaj and Bala",Grocery,SME,Indore,2024-12-27,Madhya Pradesh
2529,"Kuruvilla, Khurana and Modi",Fashion & Apparel,SME,Chandigarh,2025-01-30,Punjab
2530,"Sami, Tiwari and Choudhry",Entertainment,Enterprise,Mumbai,2025-07-11,Maharashtra
2531,"Bhasin, Pradhan and Lad",Food & Dining,Micro,Bhopal,2024-10-06,Madhya Pradesh
2532,"Tripathi, Pandya and Dasgupta",Travel & Transport,Micro,Mumbai,2024-10-02,Maharashtra
2533,Dash Group,Food & Dining,SME,Surat,2025-09-14,Gujarat
2534,Ahluwalia-Setty,Travel & Transport,Micro,Bengaluru,2025-03-07,Karnataka
2535,Keer-Walla,Entertainment,SME,Mumbai,2025-05-05,Maharashtra
2536,"Kaur, Palla and Mistry",Grocery,Enterprise,Mumbai,2024-08-29,Maharashtra
2537,Dey-Purohit,Travel & Transport,SME,Nagpur,2025-03-31,Maharashtra
2538,"Kota, Cheema and Narang",Entertainment,Enterprise,Delhi,2024-10-12,Delhi
2539,"Hans, Patel and Sha",Financial Services,Enterprise,Hyderabad,2025-10-06,Telangana
2540,Din Ltd,Food & Dining,Micro,Jaipur,2025-02-28,Rajasthan
2541,Sabharwal-Bumb,Education,SME,Mumbai,2025-01-26,Maharashtra
2542,Bhatia Group,Food & Dining,Micro,Kolkata,2025-06-07,West Bengal
2543,Soni and Sons,Pharmacy,Micro,Kolkata,2024-08-11,West Bengal
2544,Brahmbhatt-Pingle,Food & Dining,SME,Hyderabad,2025-04-05,Telangana
2545,"Vora, Rau and Venkataraman",Travel & Transport,Micro,Delhi,2024-02-04,Delhi
2546,Lalla-Tara,Food & Dining,Micro,Chandigarh,2025-03-31,Punjab
2547,"Sampath, Sarraf and Suri",Grocery,SME,Hyderabad,2025-02-19,Telangana
2548,"Saha, Gaba and Dhawan",Fashion & Apparel,SME,Lucknow,2025-10-11,Uttar Pradesh
2549,"Datta, Sundaram and Shankar",Food & Dining,SME,Mumbai,2025-08-14,Maharashtra
2550,Varghese PLC,Grocery,Micro,Chennai,2024-02-06,Tamil Nadu
2551,Kala Group,Electronics,Micro,Chandigarh,2024-11-05,Punjab
2552,Bali-Dugar,Travel & Transport,SME,Pune,2024-01-13,Maharashtra
2553,"Pingle, Dani and Rege",Fuel,Micro,Guwahati,2025-05-16,Assam
2554,Dara LLC,Food & Dining,Micro,Hyderabad,2025-05-20,Telangana
2555,"Mann, Baria and Virk",Food & Dining,SME,Delhi,2024-08-04,Delhi
2556,Dalal LLC,Pharmacy,SME,Coimbatore,2024-06-09,Tamil Nadu
2557,Prasad-Mitter,Travel & Transport,Micro,Chennai,2024-01-03,Tamil Nadu
2558,Sunder-Bala,Financial Services,Enterprise,Mumbai,2025-08-07,Maharashtra
2559,Dhar PLC,Utilities/Bill Pay,Micro,Bengaluru,2025-04-10,Karnataka
2560,Bava-Mody,Utilities/Bill Pay,SME,Lucknow,2025-05-15,Uttar Pradesh
2561,Kale-Goswami,Food & Dining,SME,Surat,2024-02-06,Gujarat
2562,"Suresh, Agate and Das",Financial Services,Micro,Bhopal,2024-12-24,Madhya Pradesh
2563,"Palla, Bir and Basu",Electronics,Micro,Kochi,2025-12-29,Kerala
2564,Srivastava-Mukherjee,Fashion & Apparel,Micro,Delhi,2024-10-30,Delhi
2565,"Sethi, Nazareth and Purohit",Pharmacy,Micro,Chennai,2024-08-04,Tamil Nadu
2566,Deo-Devi,Travel & Transport,Micro,Ranchi,2024-06-09,Jharkhand
2567,"Sharma, Sengupta and Sen",Travel & Transport,SME,Bengaluru,2025-05-24,Karnataka
2568,Nanda Inc,Education,Micro,Guwahati,2024-10-05,Assam
2569,"Rout, Ram and Kaul",Grocery,SME,Mumbai,2024-10-29,Maharashtra
2570,Nori-Zachariah,Kirana/Local Store,SME,Hyderabad,2024-05-31,Telangana
2571,Savant Ltd,Grocery,SME,Nagpur,2025-02-01,Maharashtra
2572,Chakrabarti-Gandhi,Utilities/Bill Pay,Micro,Mumbai,2024-09-21,Maharashtra
2573,"Bakshi, More and Dasgupta",Food & Dining,Micro,Pune,2024-06-11,Maharashtra
2574,"Chada, Hans and Bera",Utilities/Bill Pay,Micro,Kochi,2024-07-18,Kerala
2575,"Vig, Gulati and Soni",Grocery,SME,Ahmedabad,2025-05-01,Gujarat
2576,"Bahl, Dara and Wali",Grocery,Micro,Kolkata,2025-12-10,West Bengal
2577,Bahl LLC,Pharmacy,Micro,Delhi,2025-03-08,Delhi
2578,Korpal Ltd,Food & Dining,Micro,Ahmedabad,2025-04-04,Gujarat
2579,"Sawhney, Chad and Walla",Grocery,SME,Pune,2025-02-14,Maharashtra
2580,"Nagi, Ratti and Bath",Fuel,SME,Mumbai,2025-05-10,Maharashtra
2581,Bajaj-Oak,Grocery,Micro,Delhi,2024-02-24,Delhi
2582,Gole-Sachdeva,Education,SME,Chandigarh,2024-02-26,Punjab
2583,Wable LLC,Home Services,Enterprise,Chandigarh,2024-11-18,Punjab
2584,Kurian-Chand,Fashion & Apparel,Micro,Mumbai,2025-03-24,Maharashtra
2585,Chaudhary PLC,Grocery,Micro,Delhi,2025-05-03,Delhi
2586,Mangal and Sons,Fuel,SME,Mumbai,2025-03-24,Maharashtra
2587,Kumer Inc,Home Services,Enterprise,Delhi,2025-09-20,Delhi
2588,Mohanty Group,Grocery,Micro,Chennai,2024-09-17,Tamil Nadu
2589,"Gara, Bhargava and Nanda",Fashion & Apparel,Micro,Mumbai,2025-11-22,Maharashtra
2590,Bala Ltd,Grocery,Micro,Guwahati,2025-05-05,Assam
2591,Misra Group,Grocery,Enterprise,Bengaluru,2024-01-11,Karnataka
2592,Nagarajan and Sons,Kirana/Local Store,SME,Kochi,2024-01-29,Kerala
2593,Naik-Kuruvilla,Fuel,Micro,Ahmedabad,2024-03-02,Gujarat
2594,Dara-Ben,Grocery,SME,Bengaluru,2025-08-28,Karnataka
2595,Khatri PLC,Grocery,SME,Kolkata,2024-02-15,West Bengal
2596,"Khalsa, Tailor and Trivedi",Food & Dining,SME,Mumbai,2024-08-25,Maharashtra
2597,"Rajan, Contractor and Luthra",Fashion & Apparel,SME,Bhopal,2025-06-07,Madhya Pradesh
2598,Nadkarni Group,Food & Dining,SME,Kolkata,2024-09-21,West Bengal
2599,"Ray, Bhatti and Sule",Utilities/Bill Pay,Micro,Surat,2025-03-26,Gujarat
2600,Reddy Ltd,Utilities/Bill Pay,SME,Ahmedabad,2025-04-24,Gujarat
2601,Bahl LLC,Financial Services,SME,Hyderabad,2025-08-28,Telangana
2602,"Chaudhuri, Koshy and Dass",Electronics,Micro,Indore,2024-09-06,Madhya Pradesh
2603,Ray-Sehgal,Food & Dining,Micro,Kolkata,2024-08-12,West Bengal
2604,Tella and Sons,Fashion & Apparel,SME,Hyderabad,2024-12-18,Telangana
2605,Prakash PLC,Pharmacy,Micro,Pune,2024-07-14,Maharashtra
2606,Korpal PLC,Grocery,Enterprise,Kochi,2025-12-11,Kerala
2607,Seth-Barman,Fashion & Apparel,SME,Chennai,2024-07-07,Tamil Nadu
2608,Shetty PLC,Grocery,Micro,Chennai,2024-09-11,Tamil Nadu
2609,Ganesh-Acharya,Fashion & Apparel,Micro,Mumbai,2025-07-16,Maharashtra
2610,Subramaniam LLC,Fuel,Micro,Bengaluru,2024-11-06,Karnataka
2611,"Krishna, Rai and Panchal",Kirana/Local Store,Micro,Patna,2025-10-17,Bihar
2612,"Kala, Uppal and Manda",Financial Services,Micro,Indore,2024-04-10,Madhya Pradesh
2613,Edwin Ltd,Utilities/Bill Pay,SME,Bengaluru,2024-10-27,Karnataka
2614,"Boase, Mital and Chakraborty",Grocery,SME,Indore,2025-11-25,Madhya Pradesh
2615,Das-Dey,Entertainment,Micro,Patna,2024-05-24,Bihar
2616,"Mammen, Sankaran and Kade",Food & Dining,Enterprise,Mumbai,2025-05-22,Maharashtra
2617,"Thaman, Nadkarni and Oommen",Pharmacy,Micro,Lucknow,2024-01-30,Uttar Pradesh
2618,"Lal, Sethi and Mahajan",Food & Dining,SME,Jaipur,2024-11-18,Rajasthan
2619,Nagy LLC,Fashion & Apparel,SME,Lucknow,2024-03-06,Uttar Pradesh
2620,Sharaf PLC,Food & Dining,Micro,Bengaluru,2025-02-08,Karnataka
2621,Babu-Deol,Education,SME,Delhi,2025-02-07,Delhi
2622,"Agate, Soni and Agrawal",Home Services,SME,Ahmedabad,2025-06-14,Gujarat
2623,Ghose Group,Kirana/Local Store,Micro,Chennai,2025-08-25,Tamil Nadu
2624,"Suresh, Ramaswamy and Yohannan",Pharmacy,Micro,Kolkata,2024-09-24,West Bengal
2625,Brahmbhatt PLC,Grocery,SME,Delhi,2024-04-21,Delhi
2626,Saxena Ltd,Food & Dining,SME,Lucknow,2025-11-02,Uttar Pradesh
2627,Pandit Group,Utilities/Bill Pay,Micro,Lucknow,2024-04-06,Uttar Pradesh
2628,"Parmar, Ram and Goel",Travel & Transport,Micro,Hyderabad,2024-03-12,Telangana
2629,"Anand, Dash and Shere",Grocery,Micro,Jaipur,2025-09-24,Rajasthan
2630,Hans-Saxena,Utilities/Bill Pay,SME,Pune,2025-08-07,Maharashtra
2631,Kant Ltd,Utilities/Bill Pay,SME,Lucknow,2025-12-26,Uttar Pradesh
2632,Mand Ltd,Kirana/Local Store,Micro,Nagpur,2024-07-25,Maharashtra
2633,"Parmar, Handa and Chana",Pharmacy,Micro,Delhi,2024-11-19,Delhi
2634,"Mitter, Kant and Kaur",Food & Dining,Micro,Pune,2024-01-07,Maharashtra
2635,Patil-Bansal,Food & Dining,SME,Hyderabad,2025-10-22,Telangana
2636,Tailor-Kadakia,Kirana/Local Store,Micro,Mumbai,2025-07-29,Maharashtra
2637,Hayre Ltd,Pharmacy,Micro,Mumbai,2024-01-16,Maharashtra
2638,Choudhry-Mall,Pharmacy,SME,Bengaluru,2024-03-06,Karnataka
2639,"Tella, Tak and Garde",Grocery,SME,Jaipur,2025-01-17,Rajasthan
2640,"Hari, Gill and Bhattacharyya",Food & Dining,Enterprise,Lucknow,2024-10-19,Uttar Pradesh
2641,"Dave, Bhattacharyya and Datta",Grocery,SME,Coimbatore,2025-07-25,Tamil Nadu
2642,Kari-Virk,Food & Dining,Micro,Delhi,2025-10-26,Delhi
2643,"Mahal, Handa and Bajaj",Grocery,Micro,Pune,2024-09-11,Maharashtra
2644,"Walia, Krishnan and Setty",Kirana/Local Store,Enterprise,Kolkata,2025-07-14,West Bengal
2645,Sane Ltd,Grocery,Micro,Delhi,2025-04-09,Delhi
2646,"Ben, Naidu and Sankaran",Utilities/Bill Pay,SME,Bengaluru,2024-12-17,Karnataka
2647,Mahal-Dara,Utilities/Bill Pay,Micro,Pune,2024-08-23,Maharashtra
2648,"Vasa, Shukla and Tandon",Electronics,SME,Bengaluru,2024-09-18,Karnataka
2649,Varughese-Bassi,Grocery,Micro,Mumbai,2025-06-11,Maharashtra
2650,"Kapur, Batta and Mall",Utilities/Bill Pay,Micro,Ahmedabad,2024-06-24,Gujarat
2651,Walia-Sen,Electronics,Micro,Indore,2025-02-09,Madhya Pradesh
2652,Ahluwalia-Ramanathan,Food & Dining,Micro,Bengaluru,2024-02-02,Karnataka
2653,Natt Inc,Kirana/Local Store,Micro,Delhi,2025-12-10,Delhi
2654,"Bakshi, Kara and Sampath",Electronics,Micro,Kochi,2024-10-10,Kerala
2655,Krish and Sons,Food & Dining,Micro,Chennai,2024-02-18,Tamil Nadu
2656,Narayan LLC,Utilities/Bill Pay,Micro,Chandigarh,2024-12-22,Punjab
2657,Chatterjee Inc,Kirana/Local Store,SME,Kolkata,2025-05-08,West Bengal
2658,Sankaran-Bajwa,Travel & Transport,Micro,Kochi,2024-06-13,Kerala
2659,"Natt, Krishna and Kota",Food & Dining,Micro,Patna,2025-02-21,Bihar
2660,Solanki and Sons,Travel & Transport,SME,Nagpur,2024-08-13,Maharashtra
2661,Bhagat-Nath,Fashion & Apparel,SME,Mumbai,2024-11-09,Maharashtra
2662,"Khalsa, Bora and Sarna",Food & Dining,Micro,Lucknow,2025-03-17,Uttar Pradesh
2663,Sekhon PLC,Grocery,SME,Chandigarh,2024-09-12,Punjab
2664,Chada Inc,Fashion & Apparel,SME,Coimbatore,2024-11-24,Tamil Nadu
2665,Purohit LLC,Financial Services,Enterprise,Ranchi,2024-03-28,Jharkhand
2666,"Bhattacharyya, Datta and Bhatia",Grocery,Micro,Chennai,2025-12-04,Tamil Nadu
2667,Bhakta-Mitra,Food & Dining,Micro,Delhi,2024-11-09,Delhi
2668,"Sankaran, Bhatti and Chaudry",Utilities/Bill Pay,Micro,Kochi,2024-03-11,Kerala
2669,"Bhalla, Ben and Menon",Utilities/Bill Pay,Micro,Bengaluru,2025-11-24,Karnataka
2670,Ratti-Char,Home Services,Micro,Mumbai,2025-01-22,Maharashtra
2671,"Roy, Kaul and Anne",Food & Dining,Micro,Indore,2024-01-16,Madhya Pradesh
2672,Rajagopalan-Shetty,Food & Dining,SME,Ahmedabad,2024-12-11,Gujarat
2673,Chaudhuri-Nori,Education,Micro,Guwahati,2024-04-18,Assam
2674,"Bal, Setty and Varughese",Fuel,Micro,Chennai,2025-07-30,Tamil Nadu
2675,Hans-Chokshi,Food & Dining,SME,Indore,2025-01-02,Madhya Pradesh
2676,Arora PLC,Grocery,SME,Delhi,2025-11-02,Delhi
2677,"Bir, Hari and Date",Food & Dining,SME,Mumbai,2024-10-05,Maharashtra
2678,"Upadhyay, Kunda and Pant",Food & Dining,Micro,Surat,2024-09-02,Gujarat
2679,Srivastava-Saxena,Fashion & Apparel,Micro,Kochi,2024-10-17,Kerala
2680,Kibe and Sons,Kirana/Local Store,Micro,Nagpur,2025-08-13,Maharashtra
2681,Bhasin and Sons,Electronics,SME,Lucknow,2024-01-17,Uttar Pradesh
2682,Sarin-Varghese,Education,SME,Chandigarh,2025-10-02,Punjab
2683,"Parmar, Mukhopadhyay and Dhingra",Food & Dining,Micro,Lucknow,2024-08-29,Uttar Pradesh
2684,Singh LLC,Fashion & Apparel,Micro,Mumbai,2025-02-08,Maharashtra
2685,"Oza, Manne and Pillay",Food & Dining,SME,Bhopal,2025-02-15,Madhya Pradesh
2686,Vasa PLC,Electronics,Micro,Delhi,2025-07-19,Delhi
2687,"Dhillon, Bhandari and Khanna",Pharmacy,Micro,Mumbai,2024-07-28,Maharashtra
2688,"Bhagat, Sami and Padmanabhan",Grocery,Micro,Mumbai,2024-03-12,Maharashtra
2689,Iyer Ltd,Education,Micro,Mumbai,2025-02-06,Maharashtra
2690,Biswas LLC,Fashion & Apparel,Micro,Indore,2025-09-30,Madhya Pradesh
2691,Soni Ltd,Entertainment,Micro,Surat,2024-07-04,Gujarat
2692,"Sibal, Narula and Nayak",Food & Dining,SME,Pune,2025-12-02,Maharashtra
2693,"Mistry, Sahota and Narasimhan",Grocery,Micro,Surat,2024-08-03,Gujarat
2694,Cheema Group,Grocery,Micro,Mumbai,2025-08-29,Maharashtra
2695,Tandon and Sons,Food & Dining,Micro,Guwahati,2024-01-18,Assam
2696,Kapoor Ltd,Education,Enterprise,Jaipur,2024-03-26,Rajasthan
2697,Shukla PLC,Grocery,Micro,Chandigarh,2025-09-22,Punjab
2698,Khare Group,Fashion & Apparel,Enterprise,Lucknow,2024-01-02,Uttar Pradesh
2699,"Narula, Prashad and Jha",Utilities/Bill Pay,SME,Chennai,2024-09-17,Tamil Nadu
2700,Gour-Ahuja,Home Services,SME,Bengaluru,2024-09-09,Karnataka
2701,Anne-Borah,Utilities/Bill Pay,SME,Pune,2024-12-25,Maharashtra
2702,Balan-Contractor,Grocery,Micro,Coimbatore,2024-07-21,Tamil Nadu
2703,Mannan Group,Entertainment,SME,Kolkata,2024-11-22,West Bengal
2704,Parsa Inc,Food & Dining,SME,Bengaluru,2025-02-22,Karnataka
2705,Issac and Sons,Food & Dining,SME,Bengaluru,2024-11-16,Karnataka
2706,Ghosh-Kanda,Fuel,SME,Hyderabad,2024-01-03,Telangana
2707,Ghosh-Nori,Grocery,Micro,Bengaluru,2025-04-12,Karnataka
2708,"Korpal, Gokhale and Hayre",Grocery,Micro,Delhi,2025-01-23,Delhi
2709,Goda LLC,Entertainment,Enterprise,Pune,2025-04-16,Maharashtra
2710,Bail Ltd,Utilities/Bill Pay,Micro,Delhi,2025-10-25,Delhi
2711,Raghavan Ltd,Grocery,Micro,Chennai,2024-05-21,Tamil Nadu
2712,Nigam and Sons,Home Services,SME,Kolkata,2025-01-12,West Bengal
2713,Shan-Khatri,Home Services,Micro,Lucknow,2025-05-11,Uttar Pradesh
2714,Pradhan-Garg,Fuel,Micro,Hyderabad,2024-02-01,Telangana
2715,"Saraf, Bhattacharyya and Dani",Electronics,Enterprise,Bengaluru,2024-07-22,Karnataka
2716,De and Sons,Grocery,SME,Mumbai,2024-12-22,Maharashtra
2717,Walia Group,Utilities/Bill Pay,Enterprise,Bengaluru,2025-01-18,Karnataka
2718,"Prasad, Nadkarni and Sanghvi",Food & Dining,Micro,Delhi,2025-05-03,Delhi
2719,"Konda, Batra and Gulati",Grocery,SME,Ahmedabad,2025-10-14,Gujarat
2720,"Menon, Dixit and Narang",Fuel,SME,Bengaluru,2024-08-13,Karnataka
2721,Bera Ltd,Kirana/Local Store,Micro,Kochi,2024-04-13,Kerala
2722,Date-Trivedi,Food & Dining,SME,Chennai,2025-11-02,Tamil Nadu
2723,"Suresh, Kadakia and Bumb",Utilities/Bill Pay,Enterprise,Mumbai,2024-01-20,Maharashtra
2724,Bhattacharyya-Ganesh,Pharmacy,Micro,Bengaluru,2025-11-25,Karnataka
2725,"Rama, Upadhyay and Prasad",Grocery,Micro,Pune,2025-05-14,Maharashtra
2726,Venkataraman-Shetty,Travel & Transport,Micro,Delhi,2025-05-31,Delhi
2727,Nagy Ltd,Electronics,SME,Pune,2025-08-25,Maharashtra
2728,Vora-Subramanian,Kirana/Local Store,Enterprise,Bengaluru,2025-02-06,Karnataka
2729,"Talwar, Som and Loyal",Fuel,SME,Pune,2024-01-20,Maharashtra
2730,"Rattan, Bansal and Johal",Fashion & Apparel,Micro,Guwahati,2024-10-08,Assam
2731,Jain Group,Grocery,SME,Bengaluru,2025-04-08,Karnataka
2732,Randhawa and Sons,Fuel,SME,Bengaluru,2024-12-24,Karnataka
2733,Sandal-Purohit,Electronics,Micro,Delhi,2025-07-22,Delhi
2734,"Dugar, Prasad and Kumar",Grocery,Micro,Pune,2024-09-29,Maharashtra
2735,"Chad, Desai and Chad",Food & Dining,SME,Bengaluru,2025-03-23,Karnataka
2736,Saxena-Venkataraman,Utilities/Bill Pay,Micro,Pune,2025-03-02,Maharashtra
2737,Karpe-Barman,Fuel,SME,Kolkata,2024-10-14,West Bengal
2738,Vala-Nayar,Travel & Transport,SME,Ahmedabad,2024-06-09,Gujarat
2739,Seshadri-Sibal,Financial Services,Micro,Hyderabad,2025-03-11,Telangana
2740,Rege-Pillai,Grocery,Micro,Patna,2024-03-26,Bihar
2741,Nadig-Mahajan,Electronics,SME,Bengaluru,2024-10-13,Karnataka
2742,Bakshi-Gola,Entertainment,Micro,Bengaluru,2025-12-14,Karnataka
2743,Kaur-Lanka,Education,Micro,Chennai,2025-08-29,Tamil Nadu
2744,"Borra, Parmer and Butala",Fuel,Enterprise,Guwahati,2024-07-11,Assam
2745,Thaker-Varghese,Kirana/Local Store,SME,Surat,2025-09-22,Gujarat
2746,"Brar, Malhotra and Kari",Financial Services,SME,Lucknow,2025-03-06,Uttar Pradesh
2747,Dani Inc,Utilities/Bill Pay,Micro,Hyderabad,2024-08-08,Telangana
2748,Barad-Iyer,Travel & Transport,Micro,Indore,2025-05-26,Madhya Pradesh
2749,Hegde-Narayan,Food & Dining,SME,Kolkata,2025-09-19,West Bengal
2750,Mittal-Maharaj,Pharmacy,Micro,Ranchi,2025-02-28,Jharkhand
2751,Devi Ltd,Food & Dining,SME,Guwahati,2025-05-03,Assam
2752,"Lal, Anand and Mistry",Fashion & Apparel,Micro,Jaipur,2025-06-04,Rajasthan
2753,Pal-Raval,Electronics,Micro,Jaipur,2025-04-06,Rajasthan
2754,Arora-Sodhi,Kirana/Local Store,SME,Bengaluru,2024-07-06,Karnataka
2755,"Vala, Dixit and Rao",Grocery,Micro,Jaipur,2024-08-24,Rajasthan
2756,Karan Ltd,Fashion & Apparel,Micro,Bengaluru,2025-10-11,Karnataka
2757,"Kadakia, Som and Kaur",Education,SME,Kolkata,2025-11-05,West Bengal
2758,"Sidhu, Shenoy and Oak",Financial Services,SME,Chennai,2024-10-18,Tamil Nadu
2759,Munshi and Sons,Food & Dining,Micro,Kochi,2024-10-30,Kerala
2760,Sahni-Kadakia,Grocery,SME,Kolkata,2025-02-16,West Bengal
2761,Sengupta-Balan,Grocery,Micro,Hyderabad,2024-03-06,Telangana
2762,Dewan-Dave,Financial Services,Enterprise,Delhi,2024-05-05,Delhi
2763,Andra-Tata,Utilities/Bill Pay,Micro,Bengaluru,2024-07-06,Karnataka
2764,"Pant, Nori and Kar",Travel & Transport,Micro,Surat,2024-10-23,Gujarat
2765,Sandal-Raval,Grocery,SME,Patna,2025-08-03,Bihar
2766,"Yogi, Mistry and Nanda",Grocery,Micro,Indore,2025-05-06,Madhya Pradesh
2767,"Bajaj, Balay and Dewan",Food & Dining,Enterprise,Guwahati,2025-12-16,Assam
2768,Narayanan PLC,Entertainment,SME,Pune,2025-03-13,Maharashtra
2769,"Raman, Raj and Jayaraman",Grocery,SME,Chennai,2025-05-12,Tamil Nadu
2770,Bhatt-Warrior,Pharmacy,SME,Hyderabad,2024-11-20,Telangana
2771,Guha-Soman,Utilities/Bill Pay,Micro,Jaipur,2025-07-12,Rajasthan
2772,Narasimhan PLC,Fuel,Micro,Surat,2024-04-09,Gujarat
2773,Modi-Chander,Financial Services,Micro,Surat,2024-02-03,Gujarat
2774,Chawla Ltd,Financial Services,Micro,Mumbai,2024-05-26,Maharashtra
2775,"Goel, Balay and Suresh",Utilities/Bill Pay,Micro,Kolkata,2024-10-25,West Bengal
2776,Grover and Sons,Utilities/Bill Pay,SME,Indore,2025-11-18,Madhya Pradesh
2777,Raju LLC,Food & Dining,Micro,Ahmedabad,2024-08-12,Gujarat
2778,Kaul LLC,Electronics,Enterprise,Ranchi,2025-08-02,Jharkhand
2779,"Viswanathan, Boase and Sha",Food & Dining,Micro,Mumbai,2025-08-27,Maharashtra
2780,Pillay PLC,Kirana/Local Store,Micro,Bhopal,2024-11-07,Madhya Pradesh
2781,Garg LLC,Education,SME,Mumbai,2024-12-12,Maharashtra
2782,Raman-Dugar,Food & Dining,Micro,Mumbai,2025-10-19,Maharashtra
2783,Dayal PLC,Grocery,SME,Ahmedabad,2025-08-21,Gujarat
2784,Sridhar-Biswas,Education,Enterprise,Delhi,2024-05-18,Delhi
2785,Jhaveri-De,Food & Dining,Micro,Bengaluru,2024-09-25,Karnataka
2786,Mukherjee Group,Fuel,Micro,Indore,2024-02-27,Madhya Pradesh
2787,"Soman, Dutt and Mukherjee",Grocery,Micro,Chandigarh,2024-11-20,Punjab
2788,"Jain, Thakkar and Shanker",Fashion & Apparel,Micro,Mumbai,2025-12-30,Maharashtra
2789,Jaggi-Amble,Pharmacy,Micro,Jaipur,2024-07-27,Rajasthan
2790,Sehgal Inc,Education,Micro,Bengaluru,2025-01-21,Karnataka
2791,Koshy-Vora,Fuel,Micro,Bengaluru,2024-04-05,Karnataka
2792,Swaminathan-Sharma,Grocery,Micro,Mumbai,2025-11-23,Maharashtra
2793,Baral-Chand,Utilities/Bill Pay,SME,Chennai,2025-11-21,Tamil Nadu
2794,Shan-Palan,Fashion & Apparel,SME,Bhopal,2025-01-30,Madhya Pradesh
2795,"Mishra, Raman and Gill",Grocery,Micro,Ranchi,2025-08-01,Jharkhand
2796,Krish-Gola,Fashion & Apparel,Micro,Mumbai,2024-12-18,Maharashtra
2797,"Sankaran, Shankar and Rajagopalan",Travel & Transport,Micro,Ahmedabad,2024-11-04,Gujarat
2798,"Goswami, Chandran and Ramaswamy",Grocery,Micro,Kolkata,2025-06-12,West Bengal
2799,"Bassi, Khatri and Dugar",Food & Dining,SME,Pune,2025-07-17,Maharashtra
2800,Yogi-Manne,Fuel,Micro,Hyderabad,2024-12-15,Telangana
2801,"Bhavsar, Kalla and Tak",Grocery,Micro,Hyderabad,2024-02-16,Telangana
2802,Dara-Pillay,Food & Dining,Micro,Kochi,2024-12-02,Kerala
2803,Cheema PLC,Utilities/Bill Pay,SME,Chandigarh,2025-08-16,Punjab
2804,Rout-Seshadri,Food & Dining,Micro,Lucknow,2025-02-02,Uttar Pradesh
2805,Krishnan and Sons,Food & Dining,Micro,Jaipur,2025-04-05,Rajasthan
2806,"Basu, Shere and Bala",Utilities/Bill Pay,SME,Delhi,2024-06-07,Delhi
2807,Shenoy Group,Education,Enterprise,Pune,2024-01-20,Maharashtra
2808,Rastogi-Hayer,Pharmacy,SME,Bengaluru,2024-11-05,Karnataka
2809,Barad-Anne,Utilities/Bill Pay,Micro,Mumbai,2024-06-27,Maharashtra
2810,Contractor-Deshpande,Utilities/Bill Pay,Micro,Bengaluru,2025-06-08,Karnataka
2811,Shetty-Sundaram,Food & Dining,SME,Bengaluru,2025-05-21,Karnataka
2812,Bir-Butala,Fuel,Enterprise,Kochi,2024-12-13,Kerala
2813,"Kibe, Sarma and Dey",Education,Micro,Chennai,2025-03-17,Tamil Nadu
2814,Mallick-Edwin,Kirana/Local Store,Micro,Mumbai,2025-04-20,Maharashtra
2815,Badami PLC,Grocery,Micro,Delhi,2024-03-18,Delhi
2816,Goel LLC,Education,Micro,Delhi,2025-12-12,Delhi
2817,Warrior Ltd,Financial Services,Micro,Kochi,2024-11-19,Kerala
2818,Ganguly-Brahmbhatt,Pharmacy,Micro,Indore,2025-05-03,Madhya Pradesh
2819,"Apte, Mahajan and Dube",Fashion & Apparel,SME,Delhi,2025-09-19,Delhi
2820,Parmar-Gokhale,Grocery,Micro,Kolkata,2024-12-29,West Bengal
2821,Banerjee Ltd,Food & Dining,Micro,Kolkata,2025-10-08,West Bengal
2822,"Kalita, Sathe and Batta",Financial Services,SME,Kolkata,2025-10-28,West Bengal
2823,"Virk, Chauhan and Ramakrishnan",Fashion & Apparel,Micro,Chennai,2024-08-07,Tamil Nadu
2824,"Morar, Sawhney and Ben",Electronics,SME,Delhi,2025-08-12,Delhi
2825,"Agrawal, Bava and Purohit",Food & Dining,Micro,Bengaluru,2024-09-06,Karnataka
2826,Krish LLC,Fashion & Apparel,SME,Mumbai,2024-10-23,Maharashtra
2827,Iyengar Inc,Kirana/Local Store,Micro,Bengaluru,2024-05-24,Karnataka
2828,Sama Inc,Utilities/Bill Pay,Micro,Chandigarh,2025-05-27,Punjab
2829,Nazareth and Sons,Food & Dining,Micro,Lucknow,2025-10-10,Uttar Pradesh
2830,"Bhatnagar, Kannan and Char",Grocery,SME,Lucknow,2025-01-06,Uttar Pradesh
2831,"Ganesh, Ganesh and Basu",Entertainment,Micro,Hyderabad,2025-04-14,Telangana
2832,Vala-Chokshi,Utilities/Bill Pay,Micro,Pune,2025-03-24,Maharashtra
2833,Naidu-Gupta,Grocery,Micro,Mumbai,2024-08-15,Maharashtra
2834,"Johal, Rana and Sangha",Grocery,SME,Bhopal,2025-04-07,Madhya Pradesh
2835,Kata and Sons,Food & Dining,SME,Patna,2025-12-16,Bihar
2836,Parikh LLC,Entertainment,Micro,Mumbai,2025-01-17,Maharashtra
2837,Aurora Group,Food & Dining,SME,Chennai,2024-05-17,Tamil Nadu
2838,"Mutti, Arora and Ramachandran",Food & Dining,Micro,Delhi,2024-11-10,Delhi
2839,Shanker and Sons,Utilities/Bill Pay,Micro,Delhi,2025-03-14,Delhi
2840,Mallick Ltd,Fuel,Micro,Bengaluru,2024-08-08,Karnataka
2841,"Pillay, Bassi and Bhavsar",Electronics,Micro,Kolkata,2025-01-09,West Bengal
2842,Roy LLC,Pharmacy,SME,Jaipur,2024-08-05,Rajasthan
2843,"Tata, Chaudry and Yadav",Travel & Transport,Micro,Hyderabad,2025-05-30,Telangana
2844,"Garg, Krishnamurthy and Chandran",Pharmacy,Micro,Delhi,2025-10-29,Delhi
2845,"Nair, Rama and Deol",Grocery,Micro,Hyderabad,2024-11-03,Telangana
2846,Gill-Nadkarni,Education,Micro,Pune,2024-09-06,Maharashtra
2847,"Subramaniam, Bir and Nayak",Utilities/Bill Pay,Enterprise,Delhi,2024-02-22,Delhi
2848,Sen Group,Grocery,SME,Bhopal,2025-01-26,Madhya Pradesh
2849,"Kaul, Thakur and Arya",Grocery,Micro,Hyderabad,2025-05-09,Telangana
2850,Bail PLC,Food & Dining,SME,Ahmedabad,2024-01-09,Gujarat
2851,More and Sons,Education,SME,Nagpur,2025-04-17,Maharashtra
2852,"Sangha, Kohli and Buch",Food & Dining,SME,Bengaluru,2025-08-25,Karnataka
2853,Devan LLC,Fashion & Apparel,Micro,Bhopal,2025-04-11,Madhya Pradesh
2854,Minhas-Jaggi,Grocery,Micro,Jaipur,2025-12-13,Rajasthan
2855,Prashad and Sons,Grocery,Micro,Bhopal,2024-04-21,Madhya Pradesh
2856,"Barad, Khanna and Sawhney",Utilities/Bill Pay,Micro,Indore,2024-08-14,Madhya Pradesh
2857,"Narasimhan, Desai and Mall",Food & Dining,Micro,Hyderabad,2024-04-05,Telangana
2858,Baral-Verma,Entertainment,SME,Guwahati,2025-07-01,Assam
2859,Mani-Bajwa,Fuel,SME,Bengaluru,2025-01-20,Karnataka
2860,Narula LLC,Electronics,Micro,Kolkata,2025-08-23,West Bengal
2861,Jha PLC,Grocery,Micro,Bengaluru,2024-11-04,Karnataka
2862,Kothari Ltd,Financial Services,Enterprise,Hyderabad,2025-08-07,Telangana
2863,"Kapadia, Raj and Verma",Pharmacy,Micro,Delhi,2025-07-10,Delhi
2864,Goswami-Sathe,Fashion & Apparel,SME,Bengaluru,2025-07-31,Karnataka
2865,"Ahuja, Bhattacharyya and Swamy",Food & Dining,SME,Pune,2024-10-15,Maharashtra
2866,Hans Inc,Grocery,Micro,Bengaluru,2024-10-08,Karnataka
2867,"Dhaliwal, Jayaraman and Dass",Fuel,SME,Delhi,2024-10-09,Delhi
2868,Ghose PLC,Food & Dining,Micro,Chennai,2024-06-09,Tamil Nadu
2869,"Jayaraman, Keer and Tripathi",Grocery,Micro,Delhi,2025-10-04,Delhi
2870,Sandhu Ltd,Home Services,SME,Delhi,2025-01-26,Delhi
2871,Mukhopadhyay-Gala,Utilities/Bill Pay,Micro,Jaipur,2025-12-30,Rajasthan
2872,"Hora, Konda and Samra",Home Services,Enterprise,Kochi,2025-09-23,Kerala
2873,Kothari LLC,Fuel,Enterprise,Ahmedabad,2025-11-02,Gujarat
2874,Sen-Jaggi,Education,SME,Surat,2025-01-11,Gujarat
2875,Srivastava-Buch,Grocery,Enterprise,Patna,2024-09-22,Bihar
2876,Rao-Purohit,Pharmacy,Enterprise,Surat,2025-11-14,Gujarat
2877,Sinha Group,Electronics,SME,Ranchi,2024-11-21,Jharkhand
2878,Tiwari-Sant,Grocery,Enterprise,Ahmedabad,2024-04-01,Gujarat
2879,Subramaniam Inc,Grocery,SME,Mumbai,2024-11-12,Maharashtra
2880,Sane-Chacko,Utilities/Bill Pay,Micro,Delhi,2024-08-03,Delhi
2881,Yogi-Dua,Entertainment,Micro,Jaipur,2024-10-19,Rajasthan
2882,"Gill, Kurian and Rai",Kirana/Local Store,SME,Delhi,2025-09-25,Delhi
2883,Mohan-Setty,Entertainment,SME,Kolkata,2025-09-19,West Bengal
2884,Prashad-Srivastava,Electronics,Micro,Bengaluru,2025-12-09,Karnataka
2885,Nath and Sons,Kirana/Local Store,Micro,Hyderabad,2024-08-15,Telangana
2886,"Singh, Hayre and Dubey",Travel & Transport,SME,Delhi,2025-04-03,Delhi
2887,Agrawal Inc,Grocery,Micro,Pune,2025-02-16,Maharashtra
2888,"Prasad, Swamy and Ravel",Kirana/Local Store,Enterprise,Jaipur,2025-02-03,Rajasthan
2889,Rana-Prakash,Home Services,SME,Kolkata,2025-03-04,West Bengal
2890,Suri-Morar,Financial Services,SME,Indore,2024-12-27,Madhya Pradesh
2891,"Bobal, Rege and Barad",Fuel,SME,Lucknow,2025-07-24,Uttar Pradesh
2892,Rajan PLC,Education,Micro,Pune,2024-03-09,Maharashtra
2893,Hari Group,Kirana/Local Store,Micro,Hyderabad,2025-08-23,Telangana
2894,Pall-Upadhyay,Grocery,Micro,Chandigarh,2025-06-26,Punjab
2895,"Suresh, Pillay and Bhardwaj",Kirana/Local Store,Micro,Ahmedabad,2025-06-05,Gujarat
2896,"Rajan, Samra and Koshy",Pharmacy,Micro,Coimbatore,2024-02-26,Tamil Nadu
2897,Sridhar Inc,Pharmacy,Micro,Hyderabad,2024-06-01,Telangana
2898,Bala-Divan,Food & Dining,Enterprise,Pune,2024-08-03,Maharashtra
2899,Shah-Din,Fashion & Apparel,Micro,Hyderabad,2024-03-13,Telangana
2900,Kota-Edwin,Entertainment,SME,Patna,2024-01-29,Bihar
2901,Dada Inc,Food & Dining,Micro,Bengaluru,2024-02-03,Karnataka
2902,"Rajagopalan, Rao and Buch",Utilities/Bill Pay,Micro,Hyderabad,2025-12-07,Telangana
2903,"Gulati, Sampath and Gandhi",Electronics,SME,Hyderabad,2024-06-26,Telangana
2904,Krishnan-Mittal,Food & Dining,Micro,Chandigarh,2025-01-16,Punjab
2905,"Walia, Raja and Morar",Pharmacy,Micro,Pune,2024-06-19,Maharashtra
2906,"Sabharwal, Chakraborty and Chopra",Kirana/Local Store,Micro,Kolkata,2025-06-11,West Bengal
2907,"Padmanabhan, Dhar and Luthra",Fashion & Apparel,Micro,Ahmedabad,2024-11-11,Gujarat
2908,"Kadakia, Rao and Morar",Education,SME,Ahmedabad,2024-10-05,Gujarat
2909,Ganguly Group,Entertainment,Micro,Patna,2024-10-28,Bihar
2910,Chatterjee Inc,Electronics,SME,Bengaluru,2024-12-21,Karnataka
2911,"Sahni, Vohra and Saha",Pharmacy,Micro,Delhi,2025-03-09,Delhi
2912,"Mani, Sankar and Garde",Food & Dining,Micro,Chennai,2025-12-06,Tamil Nadu
2913,Prasad and Sons,Fashion & Apparel,Enterprise,Coimbatore,2025-10-24,Tamil Nadu
2914,"Desai, Hora and Sur",Pharmacy,SME,Delhi,2025-08-23,Delhi
2915,Thakkar Inc,Food & Dining,Micro,Kolkata,2024-04-27,West Bengal
2916,Kala-Grewal,Education,Micro,Indore,2024-04-23,Madhya Pradesh
2917,Bhargava Ltd,Travel & Transport,Micro,Chennai,2024-12-17,Tamil Nadu
2918,Handa LLC,Education,Micro,Bhopal,2024-05-12,Madhya Pradesh
2919,Sastry-Chopra,Grocery,Micro,Ahmedabad,2025-07-10,Gujarat
2920,"Ganesan, Buch and Memon",Fashion & Apparel,Micro,Bengaluru,2025-07-01,Karnataka
2921,Purohit Inc,Utilities/Bill Pay,Micro,Chandigarh,2025-05-24,Punjab
2922,Bhatt-Oommen,Food & Dining,Micro,Bengaluru,2024-01-20,Karnataka
2923,Keer Group,Home Services,SME,Pune,2024-07-04,Maharashtra
2924,Chaudhuri-Andra,Utilities/Bill Pay,SME,Kochi,2024-09-30,Kerala
2925,Lata Inc,Utilities/Bill Pay,Micro,Pune,2025-01-29,Maharashtra
2926,"Barman, Chatterjee and Kakar",Education,SME,Surat,2025-07-16,Gujarat
2927,"Amble, Prashad and Venkatesh",Kirana/Local Store,SME,Pune,2025-04-06,Maharashtra
2928,Sunder-Solanki,Food & Dining,SME,Chennai,2024-02-21,Tamil Nadu
2929,Sanghvi-Nayar,Utilities/Bill Pay,Micro,Indore,2025-12-03,Madhya Pradesh
2930,Oza-Murty,Grocery,Enterprise,Lucknow,2024-09-18,Uttar Pradesh
2931,Patel Ltd,Kirana/Local Store,Micro,Patna,2024-06-23,Bihar
2932,Radhakrishnan-Bhandari,Travel & Transport,Micro,Hyderabad,2025-11-14,Telangana
2933,Narayanan-Chaudhry,Grocery,SME,Bengaluru,2024-04-25,Karnataka
2934,Shan Ltd,Utilities/Bill Pay,Micro,Nagpur,2024-03-28,Maharashtra
2935,Dewan-Bal,Grocery,Enterprise,Delhi,2024-09-06,Delhi
2936,"Das, Wali and Mammen",Fuel,Enterprise,Mumbai,2024-06-19,Maharashtra
2937,"Kothari, Pillay and Seth",Grocery,Micro,Chennai,2024-03-04,Tamil Nadu
2938,"Soman, Varma and Sachdev",Food & Dining,Micro,Ahmedabad,2024-04-03,Gujarat
2939,"Guha, Aggarwal and Nagy",Grocery,Micro,Mumbai,2024-10-31,Maharashtra
2940,Parsa Inc,Fashion & Apparel,Micro,Delhi,2024-04-11,Delhi
2941,"Nanda, Sawhney and Kaur",Travel & Transport,SME,Mumbai,2024-01-06,Maharashtra
2942,"Sundaram, Ratta and Bumb",Utilities/Bill Pay,Micro,Kochi,2024-05-15,Kerala
2943,Sangha-Soni,Food & Dining,SME,Bengaluru,2025-06-22,Karnataka
2944,"Chaudhry, Rajan and Memon",Grocery,Enterprise,Coimbatore,2025-11-14,Tamil Nadu
2945,"Hayer, Dhar and Venkatesh",Grocery,SME,Chandigarh,2024-07-08,Punjab
2946,"Thaman, Balay and Datta",Food & Dining,SME,Chandigarh,2025-05-25,Punjab
2947,Chahal-Mitra,Grocery,Enterprise,Bhopal,2024-01-18,Madhya Pradesh
2948,"Sibal, Ganguly and Sehgal",Home Services,Micro,Mumbai,2025-09-06,Maharashtra
2949,Subramaniam Ltd,Grocery,Micro,Bhopal,2024-11-23,Madhya Pradesh
2950,"Khosla, Kohli and Kakar",Kirana/Local Store,SME,Delhi,2024-01-14,Delhi
2951,Chakraborty Inc,Pharmacy,Micro,Nagpur,2024-07-17,Maharashtra
2952,Balakrishnan-Dyal,Electronics,SME,Hyderabad,2024-04-17,Telangana
2953,Rajagopal-Mand,Food & Dining,Micro,Hyderabad,2024-06-04,Telangana
2954,Kurian Ltd,Utilities/Bill Pay,Micro,Guwahati,2025-09-13,Assam
2955,Dasgupta-Deshpande,Financial Services,Micro,Pune,2025-09-15,Maharashtra
2956,"Swamy, Chana and Natarajan",Grocery,Enterprise,Lucknow,2024-05-29,Uttar Pradesh
2957,Bhattacharyya Ltd,Fuel,SME,Mumbai,2025-12-25,Maharashtra
2958,Purohit-Raj,Food & Dining,Micro,Bhopal,2024-03-02,Madhya Pradesh
2959,"Sarkar, Kaul and Kapoor",Kirana/Local Store,SME,Ranchi,2024-01-16,Jharkhand
2960,D’Alia-Mannan,Home Services,Micro,Hyderabad,2024-08-26,Telangana
2961,Choudhury Inc,Grocery,SME,Bengaluru,2024-10-09,Karnataka
2962,Guha-D’Alia,Food & Dining,SME,Hyderabad,2024-09-16,Telangana
2963,"Pillai, Datta and Munshi",Travel & Transport,Micro,Mumbai,2025-04-26,Maharashtra
2964,Agarwal-Mukhopadhyay,Fashion & Apparel,Micro,Kolkata,2025-03-14,West Bengal
2965,Wason and Sons,Entertainment,SME,Bengaluru,2024-12-23,Karnataka
2966,Sampath-Nagarajan,Fashion & Apparel,Micro,Mumbai,2024-11-11,Maharashtra
2967,Date-Venkatesh,Fashion & Apparel,SME,Ranchi,2025-05-11,Jharkhand
2968,"Kapadia, Chhabra and Rana",Utilities/Bill Pay,Micro,Hyderabad,2024-07-07,Telangana
2969,Yohannan Group,Pharmacy,SME,Mumbai,2024-04-25,Maharashtra
2970,Dhillon-Minhas,Food & Dining,Micro,Mumbai,2024-12-15,Maharashtra
2971,Tata Ltd,Fashion & Apparel,SME,Bhopal,2025-01-21,Madhya Pradesh
2972,Din-Mander,Utilities/Bill Pay,Micro,Mumbai,2024-12-06,Maharashtra
2973,Banerjee PLC,Fuel,SME,Chandigarh,2025-10-31,Punjab
2974,More-Thakkar,Pharmacy,SME,Jaipur,2024-09-07,Rajasthan
2975,"Dasgupta, Mahal and Sridhar",Food & Dining,Micro,Ranchi,2025-08-30,Jharkhand
2976,"Kale, Talwar and Manne",Utilities/Bill Pay,Micro,Nagpur,2025-06-13,Maharashtra
2977,"Puri, Bhargava and Nath",Pharmacy,Micro,Lucknow,2024-09-17,Uttar Pradesh
2978,Kade Ltd,Pharmacy,Micro,Bengaluru,2024-09-11,Karnataka
2979,Ben and Sons,Financial Services,Micro,Pune,2025-03-28,Maharashtra
2980,Ramanathan-Mistry,Utilities/Bill Pay,Enterprise,Ahmedabad,2024-11-10,Gujarat
2981,"Dutta, Bains and Ramanathan",Grocery,SME,Delhi,2024-04-30,Delhi
2982,Sami-Solanki,Pharmacy,SME,Kolkata,2024-07-13,West Bengal
2983,Raman-Raman,Financial Services,Micro,Ahmedabad,2025-05-26,Gujarat
2984,Wable Ltd,Utilities/Bill Pay,Micro,Mumbai,2024-12-06,Maharashtra
2985,Mandal-Hayer,Travel & Transport,Micro,Jaipur,2024-05-13,Rajasthan
2986,"Ramesh, Chatterjee and Deep",Pharmacy,Micro,Kolkata,2024-08-31,West Bengal
2987,Bhagat-Modi,Travel & Transport,Enterprise,Hyderabad,2024-09-16,Telangana
2988,Gade-Devan,Grocery,Enterprise,Kochi,2024-11-01,Kerala
2989,Subramanian-Manne,Fuel,SME,Coimbatore,2024-11-03,Tamil Nadu
2990,Kadakia and Sons,Pharmacy,SME,Indore,2024-10-01,Madhya Pradesh
2991,"Hayre, Andra and Pathak",Education,SME,Chandigarh,2024-08-26,Punjab
2992,"Chaudry, Divan and Puri",Food & Dining,SME,Surat,2025-02-16,Gujarat
2993,Ganguly-Bhalla,Financial Services,Micro,Guwahati,2024-03-10,Assam
2994,Parekh Group,Entertainment,Micro,Chennai,2025-10-03,Tamil Nadu
2995,Ben Inc,Food & Dining,Micro,Delhi,2024-08-22,Delhi
2996,"Nigam, Saraf and Dixit",Home Services,SME,Bengaluru,2025-07-26,Karnataka
2997,"Raval, Konda and Bandi",Financial Services,Micro,Mumbai,2025-11-02,Maharashtra
2998,Khosla Group,Kirana/Local Store,Micro,Bengaluru,2025-05-03,Karnataka
2999,Mittal-Gera,Grocery,SME,Ranchi,2024-12-14,Jharkhand
3000,"Prashad, Chakraborty and Sheth",Utilities/Bill Pay,Enterprise,Indore,2025-05-01,Madhya Pradesh
