device_id,user_id,device_type,primary_network
1,1,Android,4G
2,2,Android,4G
3,3,Android,4G
4,4,Android,5G
5,5,Android,4G
6,5,Android,4G
7,6,Android,WiFi
8,7,Android,4G
9,8,Android,WiFi
10,8,iOS,5G
11,9,Android,4G
12,9,Android,4G
13,10,iOS,5G
14,11,Android,4G
15,12,iOS,5G
16,12,Web,4G
17,13,Android,4G
18,14,Android,4G
19,15,Android,5G
20,16,iOS,4G
21,17,Android,4G
22,18,Android,4G
23,18,Android,4G
24,19,Android,5G
25,20,Android,5G
26,21,Android,4G
27,22,Android,WiFi
28,22,Android,5G
29,23,Android,WiFi
30,23,Android,WiFi
31,24,Android,WiFi
32,25,iOS,4G
33,26,iOS,WiFi
34,27,Android,4G
35,27,iOS,4G
36,28,Android,4G
37,29,Android,4G
38,30,iOS,WiFi
39,31,Android,4G
40,32,Android,5G
41,33,Android,WiFi
42,34,iOS,4G
43,35,iOS,WiFi
44,35,Android,5G
45,36,Android,4G
46,37,Android,5G
47,38,Android,WiFi
48,39,Android,5G
49,40,iOS,5G
50,41,Android,WiFi
51,42,Android,5G
52,42,Android,5G
53,43,iOS,5G
54,43,Android,4G
55,44,Android,WiFi
56,45,Android,WiFi
57,46,Android,5G
58,46,Android,4G
59,47,Android,5G
60,48,Android,WiFi
61,49,Android,5G
62,50,Android,4G
63,51,Android,4G
64,52,Android,4G
65,53,Android,5G
66,54,iOS,WiFi
67,55,Android,4G
68,56,Android,WiFi
69,57,Android,5G
70,58,Android,5G
71,59,Android,4G
72,59,Android,5G
73,60,iOS,5G
74,61,Web,4G
75,62,Android,4G
76,63,Android,5G
77,63,Android,5G
78,64,Android,WiFi
79,65,iOS,3G
80,66,Android,4G
81,67,Android,4G
82,68,iOS,WiFi
83,69,iOS,4G
84,70,Android,5G
85,71,Android,4G
86,72,Android,4G
87,73,iOS,4G
88,73,Android,4G
89,74,Android,4G
90,74,iOS,3G
91,75,Android,WiFi
92,76,Android,4G
93,77,Android,5G
94,78,Android,4G
95,78,Android,4G
96,79,iOS,5G
97,80,Android,5G
98,81,Android,WiFi
99,82,Web,WiFi
100,83,iOS,3G
101,84,Android,4G
102,85,iOS,4G
103,86,Android,WiFi
104,87,Android,4G
105,88,iOS,4G
106,89,Android,WiFi
107,90,Android,5G
108,91,Android,4G
109,92,Android,WiFi
110,93,iOS,WiFi
111,94,Android,4G
112,95,Android,3G
113,96,Android,4G
114,97,iOS,4G
115,98,Android,4G
116,99,Android,5G
117,99,Android,5G
118,100,iOS,4G
119,100,Android,WiFi
120,101,Android,4G
121,102,Android,4G
122,103,Android,WiFi
123,104,Android,5G
124,104,Android,4G
125,105,Android,3G
126,106,Android,4G
127,107,Android,5G
128,108,Android,4G
129,109,Android,4G
130,109,iOS,WiFi
131,110,Android,5G
132,110,Android,4G
133,111,Android,4G
134,112,Android,3G
135,113,Android,WiFi
136,113,Android,WiFi
137,114,Web,4G
138,115,Android,WiFi
139,116,iOS,4G
140,117,Android,4G
141,118,Android,5G
142,119,Android,4G
143,120,Web,4G
144,121,iOS,4G
145,122,Android,4G
146,122,Android,5G
147,123,Android,5G
148,123,iOS,5G
149,124,Android,4G
150,125,Android,5G
151,126,Android,5G
152,127,Android,4G
153,128,Android,WiFi
154,129,Web,4G
155,130,Android,WiFi
156,131,iOS,WiFi
157,132,Android,4G
158,133,Android,WiFi
159,134,Android,5G
160,135,Android,4G
161,135,Android,WiFi
162,136,Android,4G
163,137,Android,4G
164,138,Android,WiFi
165,139,Android,WiFi
166,140,Android,4G
167,141,Android,3G
168,142,Android,5G
169,143,iOS,5G
170,144,Android,4G
171,144,iOS,5G
172,145,Android,4G
173,146,Android,5G
174,146,Android,4G
175,147,Android,4G
176,148,Android,4G
177,149,Web,4G
178,150,Android,4G
179,151,iOS,4G
180,152,Android,4G
181,153,Android,4G
182,154,Android,WiFi
183,155,iOS,4G
184,155,Android,4G
185,156,Android,5G
186,157,Android,5G
187,158,Android,5G
188,159,Android,4G
189,160,Android,4G
190,161,Android,4G
191,162,iOS,4G
192,163,Android,4G
193,164,iOS,WiFi
194,164,Android,4G
195,165,Android,4G
196,165,iOS,5G
197,166,Android,5G
198,167,Android,WiFi
199,168,iOS,5G
200,169,iOS,4G
201,170,iOS,4G
202,171,iOS,5G
203,172,Android,4G
204,173,Android,4G
205,174,iOS,4G
206,175,Web,WiFi
207,176,Android,4G
208,176,iOS,4G
209,177,Android,5G
210,178,Android,5G
211,178,Android,5G
212,179,iOS,WiFi
213,180,iOS,3G
214,181,Android,4G
215,181,Android,WiFi
216,182,Android,WiFi
217,183,Android,4G
218,184,Android,WiFi
219,185,iOS,5G
220,186,iOS,4G
221,187,Android,5G
222,188,Android,5G
223,188,Android,WiFi
224,189,Android,4G
225,190,iOS,5G
226,191,Android,4G
227,192,Android,4G
228,193,Android,4G
229,194,Android,5G
230,195,Android,5G
231,196,Android,5G
232,196,Android,4G
233,197,Android,5G
234,198,Android,4G
235,198,Android,4G
236,199,Android,WiFi
237,200,Android,5G
238,201,Android,5G
239,202,Android,5G
240,202,iOS,5G
241,203,Android,4G
242,204,Android,5G
243,205,iOS,5G
244,206,iOS,5G
245,207,Android,4G
246,208,Android,5G
247,208,Android,4G
248,209,iOS,4G
249,210,Android,WiFi
250,210,Android,5G
251,211,Android,5G
252,211,Android,WiFi
253,212,iOS,3G
254,213,Android,4G
255,214,Android,5G
256,215,Android,4G
257,216,iOS,4G
258,217,Android,3G
259,218,Android,WiFi
260,219,Android,4G
261,220,Android,4G
262,221,Android,4G
263,221,Android,4G
264,222,Android,4G
265,223,iOS,4G
266,224,Android,4G
267,225,iOS,4G
268,226,Android,5G
269,226,Android,5G
270,227,Android,4G
271,228,Android,5G
272,229,Android,5G
273,230,Android,4G
274,230,Web,5G
275,231,Android,4G
276,232,Android,5G
277,233,Android,5G
278,234,iOS,WiFi
279,235,Android,5G
280,236,Android,5G
281,237,iOS,4G
282,238,iOS,4G
283,238,iOS,WiFi
284,239,iOS,WiFi
285,240,Android,4G
286,241,Android,WiFi
287,242,Android,4G
288,243,Android,3G
289,243,Android,5G
290,244,Android,4G
291,245,Android,4G
292,246,iOS,WiFi
293,247,Android,4G
294,248,Android,4G
295,249,Android,4G
296,250,Android,WiFi
297,251,Android,4G
298,252,Web,4G
299,253,Android,4G
300,254,Android,4G
301,255,Android,3G
302,256,Android,5G
303,257,Android,WiFi
304,258,Android,4G
305,259,Android,4G
306,260,iOS,4G
307,261,Android,5G
308,262,Android,WiFi
309,263,Android,5G
310,263,Android,WiFi
311,264,iOS,4G
312,265,Android,4G
313,266,Android,5G
314,266,Android,4G
315,267,iOS,4G
316,268,Web,4G
317,269,Android,4G
318,270,Android,4G
319,270,Android,4G
320,271,Android,4G
321,272,Android,WiFi
322,273,Android,4G
323,274,iOS,WiFi
324,275,Android,4G
325,276,Android,4G
326,277,Android,5G
327,278,Android,5G
328,279,Android,4G
329,280,iOS,4G
330,281,Android,4G
331,282,Android,WiFi
332,283,Android,4G
333,284,Android,4G
334,284,Android,4G
335,285,iOS,WiFi
336,285,Android,4G
337,286,Android,4G
338,287,Android,5G
339,288,Android,5G
340,289,iOS,WiFi
341,290,Web,5G
342,291,Android,WiFi
343,292,iOS,5G
344,293,Android,5G
345,294,Android,5G
346,294,Android,4G
347,295,Android,5G
348,295,Android,5G
349,296,Android,5G
350,296,Web,4G
351,297,Android,5G
352,298,Android,3G
353,299,Android,5G
354,300,Android,4G
355,301,Android,4G
356,302,Android,WiFi
357,303,Android,5G
358,304,Android,WiFi
359,305,Web,5G
360,305,iOS,5G
361,306,Android,WiFi
362,306,iOS,4G
363,307,Android,5G
364,308,Android,4G
365,309,Android,WiFi
366,310,iOS,4G
367,311,Android,4G
368,312,Android,4G
369,312,iOS,4G
370,313,Android,5G
371,314,Android,5G
372,315,Web,WiFi
373,316,Android,4G
374,317,Android,5G
375,317,Android,WiFi
376,318,iOS,4G
377,319,iOS,4G
378,320,Android,4G
379,320,iOS,WiFi
380,321,Android,4G
381,322,Android,5G
382,323,Android,4G
383,324,Android,WiFi
384,325,Android,WiFi
385,325,Android,4G
386,326,Android,4G
387,327,Android,4G
388,328,iOS,4G
389,329,Web,4G
390,330,Android,5G
391,331,Android,4G
392,332,Android,WiFi
393,333,Android,5G
394,334,Android,WiFi
395,334,Android,4G
396,335,Android,4G
397,336,Android,WiFi
398,337,Android,WiFi
399,338,Android,WiFi
400,338,Android,4G
401,339,Android,5G
402,340,Android,5G
403,341,Android,4G
404,341,Android,5G
405,342,Android,5G
406,343,Android,WiFi
407,344,Android,5G
408,345,Android,WiFi
409,346,Android,WiFi
410,347,Web,4G
411,348,iOS,5G
412,348,Android,WiFi
413,349,Android,WiFi
414,350,iOS,4G
415,351,Android,WiFi
416,352,Android,5G
417,353,Android,3G
418,354,Android,5G
419,355,Android,3G
420,356,Android,WiFi
421,356,Android,5G
422,357,Android,4G
423,358,Android,5G
424,359,iOS,5G
425,360,Android,4G
426,360,iOS,4G
427,361,Android,5G
428,362,Android,WiFi
429,363,Android,5G
430,363,Android,4G
431,364,Android,4G
432,365,Android,WiFi
433,366,Android,5G
434,367,Android,4G
435,368,Android,WiFi
436,369,Android,WiFi
437,370,iOS,5G
438,371,Android,4G
439,372,iOS,5G
440,373,Android,5G
441,374,Android,WiFi
442,374,Android,4G
443,375,iOS,4G
444,376,Android,4G
445,377,Web,4G
446,378,Android,4G
447,379,Android,4G
448,380,Android,3G
449,381,Android,4G
450,382,Android,5G
451,383,Android,5G
452,384,iOS,5G
453,385,iOS,WiFi
454,386,Android,4G
455,387,Android,5G
456,388,Android,4G
457,388,Android,4G
458,389,iOS,4G
459,389,Web,4G
460,390,Android,5G
461,391,Android,5G
462,392,Android,4G
463,393,Android,4G
464,394,Android,WiFi
465,395,Android,4G
466,395,Android,4G
467,396,iOS,5G
468,397,iOS,5G
469,397,Android,WiFi
470,398,Android,WiFi
471,399,Android,4G
472,400,iOS,4G
473,401,Android,WiFi
474,402,Android,4G
475,403,Android,4G
476,403,Android,5G
477,404,Android,4G
478,404,Android,4G
479,405,Android,5G
480,406,Android,4G
481,407,Android,5G
482,408,Android,4G
483,409,Android,5G
484,410,iOS,4G
485,411,Android,5G
486,412,iOS,WiFi
487,413,Android,3G
488,414,iOS,5G
489,415,Android,3G
490,416,Web,4G
491,417,Android,4G
492,418,Android,4G
493,419,Android,WiFi
494,420,Android,WiFi
495,421,Android,WiFi
496,422,Android,4G
497,423,iOS,4G
498,424,Android,5G
499,424,iOS,5G
500,425,Android,5G
501,426,iOS,4G
502,427,Android,4G
503,428,Android,5G
504,429,Android,3G
505,430,Android,4G
506,431,Android,4G
507,432,Android,5G
508,433,Android,WiFi
509,434,Android,4G
510,435,Android,WiFi
511,436,Android,5G
512,436,iOS,5G
513,437,Android,4G
514,438,Android,5G
515,439,Android,4G
516,440,Android,4G
517,441,iOS,WiFi
518,441,Android,4G
519,442,iOS,4G
520,443,Android,WiFi
521,444,Android,4G
522,445,Android,4G
523,446,Android,5G
524,447,Android,5G
525,448,Android,WiFi
526,449,Android,5G
527,450,Android,4G
528,451,Android,WiFi
529,452,iOS,WiFi
530,453,Android,5G
531,454,Android,5G
532,455,Android,WiFi
533,456,Android,WiFi
534,456,Android,5G
535,457,Android,WiFi
536,458,Android,4G
537,459,iOS,4G
538,460,Android,WiFi
539,461,Android,5G
540,462,iOS,5G
541,463,Android,5G
542,463,Android,5G
543,464,Android,4G
544,465,iOS,4G
545,465,Android,4G
546,466,iOS,WiFi
547,467,Android,WiFi
548,468,Android,4G
549,469,Android,4G
550,470,Android,WiFi
551,471,Android,4G
552,472,Android,4G
553,472,Android,5G
554,473,Android,4G
555,474,Android,WiFi
556,475,Android,4G
557,475,Android,5G
558,476,Web,4G
559,476,Android,WiFi
560,477,Android,4G
561,478,Android,4G
562,479,Android,4G
563,480,iOS,5G
564,480,Android,WiFi
565,481,Android,4G
566,481,Android,4G
567,482,Android,5G
568,483,Android,4G
569,484,Android,5G
570,485,iOS,WiFi
571,486,Android,4G
572,487,Android,4G
573,488,Android,5G
574,489,iOS,WiFi
575,489,Android,5G
576,490,iOS,WiFi
577,491,iOS,4G
578,492,Android,5G
579,493,Android,5G
580,493,Android,4G
581,494,Android,WiFi
582,495,Android,WiFi
583,496,Android,4G
584,497,Android,4G
585,498,Android,5G
586,499,Android,4G
587,500,Android,4G
588,501,Android,4G
589,501,Android,WiFi
590,502,Android,4G
591,503,Android,5G
592,504,Android,4G
593,505,Android,4G
594,506,Android,5G
595,507,Android,5G
596,508,Android,5G
597,509,Android,WiFi
598,510,iOS,WiFi
599,511,Android,5G
600,512,iOS,4G
601,513,Android,WiFi
602,514,Android,5G
603,514,Android,4G
604,515,Android,WiFi
605,516,Android,4G
606,517,Android,4G
607,518,Android,5G
608,518,Android,WiFi
609,519,Android,5G
610,520,Android,4G
611,521,Android,4G
612,522,Android,5G
613,523,Android,WiFi
614,524,Web,5G
615,525,Android,4G
616,526,Android,5G
617,526,Android,3G
618,527,Android,5G
619,528,Android,4G
620,529,Android,5G
621,530,Android,4G
622,531,Android,WiFi
623,532,Android,4G
624,533,iOS,5G
625,533,Android,WiFi
626,534,Android,5G
627,535,Android,5G
628,536,Android,WiFi
629,537,iOS,4G
630,538,Android,4G
631,539,Android,5G
632,540,Android,4G
633,541,Android,4G
634,541,iOS,4G
635,542,Android,5G
636,543,Android,4G
637,544,iOS,4G
638,545,Android,4G
639,545,Android,WiFi
640,546,iOS,5G
641,547,Android,5G
642,548,Android,4G
643,549,Android,4G
644,550,Web,4G
645,550,Android,5G
646,551,Android,5G
647,551,iOS,5G
648,552,Android,5G
649,553,Android,5G
650,554,Android,4G
651,555,Android,4G
652,555,Android,5G
653,556,Android,4G
654,557,iOS,4G
655,557,iOS,4G
656,558,Android,WiFi
657,559,Android,5G
658,559,Android,WiFi
659,560,Android,WiFi
660,561,Android,5G
661,562,iOS,5G
662,563,Android,4G
663,564,Android,4G
664,565,Android,WiFi
665,566,iOS,4G
666,567,Android,5G
667,568,iOS,4G
668,569,Android,4G
669,569,Android,4G
670,570,Android,5G
671,571,Android,4G
672,572,Android,4G
673,573,Android,5G
674,574,iOS,4G
675,575,Android,4G
676,576,Android,WiFi
677,577,Android,5G
678,578,Android,4G
679,579,Android,5G
680,580,Android,WiFi
681,581,Android,5G
682,581,Android,5G
683,582,Android,4G
684,583,Android,5G
685,584,Android,5G
686,585,Android,4G
687,586,Android,4G
688,587,Android,4G
689,588,Android,5G
690,589,Android,4G
691,590,Android,4G
692,591,iOS,5G
693,591,Android,WiFi
694,592,Android,WiFi
695,593,iOS,4G
696,594,iOS,4G
697,595,iOS,5G
698,596,iOS,4G
699,597,Web,WiFi
700,598,Android,4G
701,598,Web,WiFi
702,599,Android,5G
703,600,Android,4G
704,601,Android,WiFi
705,601,Android,4G
706,602,Android,WiFi
707,603,Android,5G
708,604,Android,5G
709,605,iOS,4G
710,606,Android,4G
711,607,Android,4G
712,608,Android,5G
713,609,Android,4G
714,609,Android,WiFi
715,610,Android,5G
716,611,Android,4G
717,612,Android,4G
718,613,Android,4G
719,614,iOS,5G
720,615,Android,4G
721,616,Android,5G
722,617,Android,4G
723,618,Android,4G
724,619,Android,4G
725,619,iOS,4G
726,620,Android,4G
727,621,Web,4G
728,621,Android,5G
729,622,Android,5G
730,622,Android,4G
731,623,Android,4G
732,623,Android,4G
733,624,iOS,5G
734,625,iOS,WiFi
735,626,iOS,4G
736,627,Android,5G
737,628,Android,4G
738,629,Android,5G
739,630,Android,5G
740,631,Android,4G
741,632,Android,4G
742,633,Android,WiFi
743,634,Android,4G
744,635,Android,5G
745,636,iOS,5G
746,637,Android,WiFi
747,638,Android,4G
748,639,iOS,5G
749,640,iOS,4G
750,641,iOS,4G
751,642,Android,5G
752,643,iOS,5G
753,644,iOS,4G
754,645,iOS,4G
755,645,Android,5G
756,646,Android,WiFi
757,647,Android,5G
758,648,Android,4G
759,649,Android,5G
760,650,Android,4G
761,651,Android,4G
762,652,Android,4G
763,653,Android,5G
764,654,Android,4G
765,655,Android,5G
766,655,Android,5G
767,656,Android,4G
768,656,Android,4G
769,657,Android,4G
770,658,Web,4G
771,659,Android,4G
772,660,iOS,5G
773,661,Android,5G
774,661,Android,4G
775,662,Android,5G
776,663,iOS,4G
777,664,Android,WiFi
778,665,Android,5G
779,666,iOS,5G
780,666,Android,4G
781,667,Android,4G
782,668,iOS,3G
783,669,Android,WiFi
784,670,iOS,WiFi
785,671,Android,4G
786,672,Android,4G
787,673,Android,4G
788,673,Android,5G
789,674,Android,4G
790,675,Android,4G
791,676,Android,4G
792,677,Android,5G
793,678,Android,3G
794,679,Android,5G
795,680,Android,5G
796,681,Android,WiFi
797,681,Android,5G
798,682,iOS,5G
799,683,Android,4G
800,684,Android,4G
801,685,Android,4G
802,686,Android,4G
803,686,Android,4G
804,687,Android,5G
805,688,Android,4G
806,689,Android,WiFi
807,690,iOS,4G
808,690,Android,5G
809,691,Android,WiFi
810,691,iOS,5G
811,692,Android,4G
812,693,iOS,4G
813,694,iOS,4G
814,695,iOS,4G
815,696,iOS,WiFi
816,696,Android,5G
817,697,Android,4G
818,698,iOS,4G
819,699,iOS,5G
820,700,Android,4G
821,700,Android,4G
822,701,Android,4G
823,702,Android,5G
824,702,iOS,3G
825,703,iOS,4G
826,703,iOS,4G
827,704,Android,4G
828,705,Android,4G
829,706,iOS,WiFi
830,707,Android,WiFi
831,707,Android,4G
832,708,Android,4G
833,709,Android,WiFi
834,710,Android,WiFi
835,711,Android,WiFi
836,712,Android,4G
837,713,Android,4G
838,714,Android,WiFi
839,715,Android,4G
840,716,Android,4G
841,717,Android,5G
842,717,Android,5G
843,718,Android,WiFi
844,719,iOS,5G
845,720,Android,4G
846,721,Web,5G
847,721,Android,4G
848,722,Android,4G
849,722,iOS,WiFi
850,723,Android,5G
851,724,iOS,5G
852,725,Android,4G
853,726,Android,WiFi
854,727,Android,WiFi
855,728,Android,4G
856,729,Android,WiFi
857,730,Android,4G
858,731,Android,4G
859,732,Android,4G
860,733,Android,4G
861,734,Android,4G
862,735,iOS,4G
863,736,Android,4G
864,737,Android,WiFi
865,737,Android,4G
866,738,Android,4G
867,739,Android,4G
868,739,Android,4G
869,740,Android,4G
870,741,Android,WiFi
871,742,Android,WiFi
872,743,Android,4G
873,744,Android,3G
874,745,iOS,WiFi
875,746,Android,4G
876,747,Android,4G
877,748,Android,WiFi
878,749,iOS,5G
879,750,Android,4G
880,751,Android,5G
881,752,Android,WiFi
882,752,Android,5G
883,753,iOS,5G
884,754,Android,4G
885,755,Android,5G
886,755,Android,4G
887,756,Android,4G
888,756,Android,WiFi
889,757,iOS,4G
890,758,Android,5G
891,759,Android,4G
892,760,Android,4G
893,761,Android,4G
894,761,Android,WiFi
895,762,iOS,3G
896,763,Android,4G
897,764,Android,4G
898,764,iOS,4G
899,765,Android,5G
900,766,Android,4G
901,767,Android,4G
902,768,Android,3G
903,768,Android,4G
904,769,Android,4G
905,770,Android,4G
906,771,iOS,4G
907,772,Android,4G
908,773,Android,WiFi
909,774,Android,4G
910,775,iOS,WiFi
911,776,Android,4G
912,777,Android,5G
913,778,Android,5G
914,779,iOS,WiFi
915,780,iOS,5G
916,781,Android,5G
917,781,Android,4G
918,782,iOS,4G
919,783,Android,4G
920,784,Android,WiFi
921,785,Android,5G
922,786,Android,WiFi
923,787,Android,5G
924,788,Android,5G
925,788,Android,4G
926,789,Android,5G
927,790,Android,5G
928,791,Android,WiFi
929,791,Android,WiFi
930,792,Android,5G
931,793,Android,4G
932,794,Android,4G
933,795,Android,5G
934,796,Android,5G
935,796,Android,5G
936,797,Android,4G
937,798,Android,WiFi
938,799,iOS,5G
939,800,Android,WiFi
940,801,Android,WiFi
941,802,Android,4G
942,803,Android,5G
943,804,Android,4G
944,805,Android,4G
945,806,iOS,5G
946,807,iOS,4G
947,808,Android,5G
948,809,Android,3G
949,810,Android,5G
950,811,Android,3G
951,812,iOS,4G
952,813,Android,4G
953,814,iOS,5G
954,815,Android,5G
955,816,Android,4G
956,817,Android,4G
957,817,Android,WiFi
958,818,Android,5G
959,819,Android,4G
960,819,Android,4G
961,820,Android,4G
962,821,Android,4G
963,822,Android,3G
964,822,iOS,4G
965,823,Android,5G
966,823,iOS,4G
967,824,iOS,4G
968,825,Android,WiFi
969,826,Android,4G
970,827,iOS,5G
971,828,iOS,5G
972,829,Android,4G
973,829,Android,4G
974,830,Android,5G
975,831,Android,5G
976,832,Android,5G
977,833,Android,WiFi
978,833,Android,4G
979,834,Android,4G
980,835,Android,WiFi
981,836,Android,5G
982,837,Android,5G
983,838,Android,4G
984,839,Android,4G
985,840,Android,WiFi
986,841,Web,4G
987,842,Android,WiFi
988,842,Android,5G
989,843,Android,4G
990,844,iOS,4G
991,845,Android,5G
992,846,Android,4G
993,847,Android,4G
994,847,Android,4G
995,848,Android,5G
996,848,Android,5G
997,849,Web,5G
998,849,iOS,4G
999,850,Android,5G
1000,851,Android,WiFi
1001,852,Android,WiFi
1002,853,Android,4G
1003,854,iOS,WiFi
1004,855,Android,4G
1005,856,Android,WiFi
1006,857,Android,4G
1007,858,Android,4G
1008,859,Android,5G
1009,860,Android,WiFi
1010,861,Android,5G
1011,862,Android,WiFi
1012,862,Android,4G
1013,863,Android,4G
1014,864,Android,5G
1015,864,Android,4G
1016,865,Web,WiFi
1017,866,Android,5G
1018,867,Android,4G
1019,868,Android,4G
1020,869,Android,WiFi
1021,870,Android,WiFi
1022,871,Android,5G
1023,872,iOS,4G
1024,873,Android,5G
1025,874,iOS,WiFi
1026,875,iOS,4G
1027,876,iOS,WiFi
1028,877,Android,4G
1029,878,Android,4G
1030,879,Android,5G
1031,880,Android,4G
1032,881,Android,WiFi
1033,882,iOS,4G
1034,883,iOS,4G
1035,884,Android,WiFi
1036,885,Android,WiFi
1037,886,Android,5G
1038,887,Android,3G
1039,888,Android,5G
1040,888,Android,WiFi
1041,889,Android,4G
1042,890,Android,4G
1043,891,Android,WiFi
1044,892,iOS,WiFi
1045,893,Android,5G
1046,894,Android,4G
1047,895,Android,4G
1048,896,Android,4G
1049,897,Android,4G
1050,898,Android,5G
1051,899,Android,4G
1052,900,iOS,4G
1053,900,Android,5G
1054,901,Android,5G
1055,902,iOS,5G
1056,903,Android,WiFi
1057,904,Android,4G
1058,905,Android,5G
1059,906,Android,4G
1060,907,Android,5G
1061,908,Android,WiFi
1062,908,Android,5G
1063,909,iOS,4G
1064,910,Android,WiFi
1065,910,Android,4G
1066,911,Android,5G
1067,911,Android,WiFi
1068,912,Android,4G
1069,913,Android,4G
1070,914,iOS,WiFi
1071,914,Android,4G
1072,915,Android,5G
1073,916,Android,4G
1074,917,Android,WiFi
1075,918,iOS,3G
1076,919,Android,WiFi
1077,920,Android,4G
1078,921,Android,4G
1079,922,Android,5G
1080,923,iOS,4G
1081,924,Android,5G
1082,925,iOS,4G
1083,926,Android,4G
1084,927,iOS,5G
1085,928,Android,4G
1086,929,iOS,4G
1087,930,Android,4G
1088,930,Android,4G
1089,931,Android,WiFi
1090,932,Android,5G
1091,933,Android,4G
1092,934,Android,4G
1093,935,Android,4G
1094,936,iOS,5G
1095,937,Android,5G
1096,937,Android,4G
1097,938,Android,4G
1098,939,iOS,5G
1099,940,Web,WiFi
1100,941,Android,5G
1101,942,Android,WiFi
1102,943,Android,WiFi
1103,944,iOS,5G
1104,945,Android,4G
1105,946,Android,WiFi
1106,947,iOS,4G
1107,948,Android,5G
1108,949,Android,5G
1109,949,Android,5G
1110,950,Android,WiFi
1111,951,Android,4G
1112,952,Android,WiFi
1113,952,Android,5G
1114,953,iOS,5G
1115,953,Android,WiFi
1116,954,Web,5G
1117,955,Android,4G
1118,956,Android,WiFi
1119,957,Android,3G
1120,958,Android,5G
1121,959,Android,WiFi
1122,960,Android,4G
1123,961,Android,4G
1124,962,Android,4G
1125,962,Android,4G
1126,963,Web,4G
1127,964,Android,4G
1128,964,Android,4G
1129,965,iOS,4G
1130,966,iOS,5G
1131,967,Android,4G
1132,968,Android,4G
1133,969,Android,WiFi
1134,970,Android,4G
1135,971,Web,4G
1136,972,Android,3G
1137,973,Android,WiFi
1138,974,Android,3G
1139,975,iOS,4G
1140,976,Android,5G
1141,977,Android,WiFi
1142,978,Android,4G
1143,979,Android,5G
1144,980,Android,5G
1145,980,Android,4G
1146,981,Android,5G
1147,981,Web,4G
1148,982,Android,4G
1149,982,iOS,5G
1150,983,Android,5G
1151,984,iOS,WiFi
1152,985,Android,4G
1153,986,Android,4G
1154,987,Android,5G
1155,987,Android,4G
1156,988,Android,4G
1157,989,Android,WiFi
1158,989,Android,WiFi
1159,990,Android,WiFi
1160,991,Android,WiFi
1161,992,Android,WiFi
1162,993,Android,5G
1163,993,iOS,5G
1164,994,Android,4G
1165,995,Android,WiFi
1166,996,Android,5G
1167,996,Android,4G
1168,997,Android,4G
1169,998,Android,4G
1170,999,Android,4G
1171,1000,iOS,5G
1172,1001,iOS,4G
1173,1002,Android,5G
1174,1003,Android,5G
1175,1004,Android,5G
1176,1005,iOS,WiFi
1177,1006,Android,WiFi
1178,1007,Android,WiFi
1179,1008,Android,3G
1180,1008,Android,4G
1181,1009,iOS,4G
1182,1010,Android,WiFi
1183,1011,iOS,5G
1184,1012,Android,4G
1185,1013,Android,5G
1186,1014,Android,4G
1187,1015,Android,WiFi
1188,1016,Android,4G
1189,1016,Android,5G
1190,1017,Android,5G
1191,1018,Android,WiFi
1192,1018,Android,5G
1193,1019,Android,4G
1194,1020,Android,5G
1195,1021,Android,4G
1196,1022,Android,WiFi
1197,1023,Android,4G
1198,1024,Android,5G
1199,1025,Android,WiFi
1200,1026,Android,3G
1201,1027,Android,WiFi
1202,1028,Android,5G
1203,1029,Android,4G
1204,1030,Web,WiFi
1205,1031,Android,5G
1206,1032,Android,5G
1207,1033,Android,4G
1208,1034,Android,4G
1209,1034,Android,WiFi
1210,1035,Android,5G
1211,1035,Web,WiFi
1212,1036,Android,4G
1213,1037,Android,4G
1214,1038,Android,WiFi
1215,1039,Android,5G
1216,1040,Android,WiFi
1217,1040,Android,4G
1218,1041,Android,5G
1219,1042,Android,3G
1220,1043,iOS,WiFi
1221,1044,iOS,4G
1222,1045,iOS,4G
1223,1045,Android,5G
1224,1046,iOS,4G
1225,1047,Android,4G
1226,1047,Android,5G
1227,1048,Android,WiFi
1228,1048,Android,WiFi
1229,1049,Android,4G
1230,1050,Android,3G
1231,1051,Android,4G
1232,1052,Android,5G
1233,1052,iOS,3G
1234,1053,Android,4G
1235,1054,Android,5G
1236,1055,Android,4G
1237,1056,iOS,5G
1238,1057,iOS,4G
1239,1058,Android,4G
1240,1059,Android,4G
1241,1060,Android,5G
1242,1061,Android,5G
1243,1062,Android,4G
1244,1063,Web,WiFi
1245,1063,Android,5G
1246,1064,Android,4G
1247,1065,Android,4G
1248,1065,Web,4G
1249,1066,Android,4G
1250,1067,Android,WiFi
1251,1068,Android,WiFi
1252,1069,iOS,3G
1253,1070,Android,3G
1254,1071,iOS,WiFi
1255,1072,Android,5G
1256,1073,Android,4G
1257,1074,Android,5G
1258,1075,Android,WiFi
1259,1076,iOS,WiFi
1260,1076,Android,3G
1261,1077,Android,4G
1262,1078,Android,5G
1263,1078,Android,3G
1264,1079,Android,WiFi
1265,1080,Android,5G
1266,1081,Android,5G
1267,1082,Android,4G
1268,1083,Android,4G
1269,1084,iOS,5G
1270,1085,iOS,4G
1271,1086,Android,3G
1272,1087,Android,WiFi
1273,1087,Android,5G
1274,1088,Android,5G
1275,1088,Android,4G
1276,1089,Web,5G
1277,1089,Android,4G
1278,1090,Android,5G
1279,1091,Android,WiFi
1280,1092,iOS,5G
1281,1093,Android,WiFi
1282,1094,iOS,WiFi
1283,1094,Android,3G
1284,1095,iOS,5G
1285,1096,Android,4G
1286,1097,iOS,4G
1287,1098,iOS,4G
1288,1099,Android,5G
1289,1100,Android,5G
1290,1101,Android,5G
1291,1102,Android,4G
1292,1102,Android,4G
1293,1103,Android,4G
1294,1104,Android,4G
1295,1105,Android,WiFi
1296,1106,Android,WiFi
1297,1107,Android,5G
1298,1108,Android,4G
1299,1109,Android,5G
1300,1110,Android,4G
1301,1111,Android,4G
1302,1112,Android,4G
1303,1112,Android,4G
1304,1113,Android,WiFi
1305,1114,Android,5G
1306,1114,iOS,4G
1307,1115,Android,4G
1308,1116,Android,WiFi
1309,1116,Android,WiFi
1310,1117,Android,4G
1311,1118,Android,4G
1312,1119,Android,4G
1313,1120,Android,5G
1314,1120,Android,WiFi
1315,1121,Android,4G
1316,1122,Android,4G
1317,1123,Android,4G
1318,1124,iOS,4G
1319,1124,Android,4G
1320,1125,Android,5G
1321,1126,Android,5G
1322,1127,iOS,5G
1323,1127,Android,WiFi
1324,1128,Android,WiFi
1325,1129,Android,4G
1326,1130,iOS,5G
1327,1131,Android,5G
1328,1131,iOS,5G
1329,1132,iOS,4G
1330,1133,Android,4G
1331,1134,Android,5G
1332,1135,Android,5G
1333,1135,Android,4G
1334,1136,Android,4G
1335,1137,Android,4G
1336,1137,Android,4G
1337,1138,Android,4G
1338,1139,iOS,4G
1339,1139,Android,5G
1340,1140,Android,4G
1341,1141,Android,5G
1342,1142,Android,WiFi
1343,1142,Android,4G
1344,1143,Android,WiFi
1345,1144,Android,4G
1346,1145,iOS,4G
1347,1146,Android,WiFi
1348,1147,Android,4G
1349,1148,Android,5G
1350,1148,iOS,5G
1351,1149,Android,WiFi
1352,1150,Android,WiFi
1353,1150,Android,WiFi
1354,1151,Android,5G
1355,1152,Android,4G
1356,1153,Android,4G
1357,1154,iOS,4G
1358,1155,Android,3G
1359,1156,Android,4G
1360,1157,Android,4G
1361,1158,Android,4G
1362,1159,Android,5G
1363,1160,iOS,4G
1364,1161,iOS,WiFi
1365,1162,Android,4G
1366,1163,Android,WiFi
1367,1164,Android,4G
1368,1165,Android,5G
1369,1166,Android,4G
1370,1167,iOS,4G
1371,1168,Android,4G
1372,1169,Android,WiFi
1373,1170,Android,WiFi
1374,1171,Android,4G
1375,1172,Android,4G
1376,1172,iOS,5G
1377,1173,Web,3G
1378,1174,Android,4G
1379,1174,Android,5G
1380,1175,Android,4G
1381,1176,iOS,4G
1382,1177,Android,WiFi
1383,1178,Android,4G
1384,1178,Android,5G
1385,1179,Android,4G
1386,1180,Android,4G
1387,1181,Android,5G
1388,1182,Android,4G
1389,1183,Android,WiFi
1390,1184,Android,4G
1391,1185,Android,WiFi
1392,1186,Android,4G
1393,1187,Android,5G
1394,1188,Android,5G
1395,1189,Android,5G
1396,1190,Android,4G
1397,1191,Android,WiFi
1398,1192,Android,5G
1399,1192,Android,4G
1400,1193,Android,4G
1401,1194,iOS,4G
1402,1195,iOS,WiFi
1403,1196,Android,WiFi
1404,1197,Android,5G
1405,1198,Android,WiFi
1406,1199,Android,4G
1407,1200,iOS,4G
1408,1201,Android,3G
1409,1201,Android,4G
1410,1202,Android,5G
1411,1203,Android,5G
1412,1204,Android,5G
1413,1205,Android,4G
1414,1206,Android,5G
1415,1207,Android,WiFi
1416,1208,iOS,WiFi
1417,1209,Android,4G
1418,1210,Android,4G
1419,1211,Android,4G
1420,1212,Android,WiFi
1421,1212,Android,WiFi
1422,1213,Android,4G
1423,1214,Android,5G
1424,1215,iOS,4G
1425,1216,Android,5G
1426,1216,Android,4G
1427,1217,Android,5G
1428,1218,Android,WiFi
1429,1219,Android,4G
1430,1219,Android,4G
1431,1220,Android,WiFi
1432,1221,iOS,WiFi
1433,1222,Android,3G
1434,1223,iOS,WiFi
1435,1223,Android,WiFi
1436,1224,Android,5G
1437,1225,Android,5G
1438,1226,iOS,4G
1439,1227,Android,5G
1440,1228,Android,WiFi
1441,1229,Web,4G
1442,1230,Android,4G
1443,1231,iOS,WiFi
1444,1231,Android,WiFi
1445,1232,iOS,WiFi
1446,1233,iOS,4G
1447,1234,iOS,5G
1448,1234,Android,4G
1449,1235,iOS,5G
1450,1235,Android,4G
1451,1236,Android,WiFi
1452,1237,Android,4G
1453,1238,Android,4G
1454,1239,Android,WiFi
1455,1240,iOS,5G
1456,1241,Android,5G
1457,1242,Android,4G
1458,1243,Android,4G
1459,1244,Android,4G
1460,1244,Android,4G
1461,1245,Android,4G
1462,1246,Android,4G
1463,1247,Android,4G
1464,1248,Android,5G
1465,1249,Android,5G
1466,1250,Android,WiFi
1467,1251,Android,4G
1468,1252,Android,5G
1469,1253,Android,5G
1470,1254,Android,5G
1471,1255,Android,3G
1472,1256,Android,4G
1473,1257,Android,4G
1474,1258,Android,4G
1475,1259,Android,5G
1476,1260,Android,5G
1477,1261,Android,4G
1478,1262,Android,WiFi
1479,1263,Android,5G
1480,1264,Android,4G
1481,1265,Android,5G
1482,1266,Android,WiFi
1483,1267,Android,4G
1484,1267,Android,WiFi
1485,1268,Android,4G
1486,1269,Android,4G
1487,1270,Android,WiFi
1488,1270,Android,4G
1489,1271,Android,WiFi
1490,1272,Android,WiFi
1491,1273,Android,4G
1492,1274,iOS,4G
1493,1275,Android,4G
1494,1276,Android,4G
1495,1277,iOS,5G
1496,1277,iOS,5G
1497,1278,Android,5G
1498,1279,Android,5G
1499,1280,Android,4G
1500,1281,Android,WiFi
1501,1282,Android,4G
1502,1283,Android,5G
1503,1283,Android,5G
1504,1284,Android,WiFi
1505,1285,Android,5G
1506,1286,Web,5G
1507,1286,Android,4G
1508,1287,Android,5G
1509,1288,iOS,4G
1510,1288,iOS,5G
1511,1289,Android,4G
1512,1290,iOS,4G
1513,1291,iOS,WiFi
1514,1292,iOS,WiFi
1515,1293,Android,WiFi
1516,1294,Android,4G
1517,1295,Android,4G
1518,1296,Android,WiFi
1519,1296,Android,WiFi
1520,1297,Android,4G
1521,1298,Android,WiFi
1522,1298,Android,5G
1523,1299,Android,4G
1524,1300,Android,5G
1525,1301,Android,WiFi
1526,1302,Android,5G
1527,1303,Web,4G
1528,1304,iOS,5G
1529,1305,Android,5G
1530,1306,Android,4G
1531,1307,Android,5G
1532,1308,Android,5G
1533,1309,Android,WiFi
1534,1310,Android,WiFi
1535,1310,Android,4G
1536,1311,Android,5G
1537,1311,Android,WiFi
1538,1312,Android,WiFi
1539,1313,Android,5G
1540,1314,iOS,4G
1541,1315,iOS,5G
1542,1316,Android,4G
1543,1317,Android,4G
1544,1318,iOS,5G
1545,1319,Android,4G
1546,1320,Android,5G
1547,1321,iOS,4G
1548,1322,iOS,4G
1549,1322,Android,4G
1550,1323,Android,4G
1551,1324,Android,5G
1552,1325,Android,5G
1553,1326,Android,5G
1554,1327,iOS,3G
1555,1328,Web,3G
1556,1329,Android,5G
1557,1330,Android,4G
1558,1330,Android,3G
1559,1331,iOS,WiFi
1560,1332,Android,5G
1561,1332,Android,3G
1562,1333,Android,5G
1563,1334,Android,4G
1564,1335,Android,WiFi
1565,1335,Android,4G
1566,1336,Android,WiFi
1567,1337,Android,WiFi
1568,1338,Android,4G
1569,1339,Android,4G
1570,1340,Android,5G
1571,1341,Web,5G
1572,1342,Android,5G
1573,1343,Android,WiFi
1574,1344,Android,4G
1575,1344,iOS,5G
1576,1345,Android,WiFi
1577,1346,iOS,4G
1578,1347,Android,5G
1579,1348,Android,3G
1580,1349,Android,4G
1581,1350,Android,4G
1582,1351,Android,4G
1583,1352,iOS,WiFi
1584,1353,Android,4G
1585,1354,Android,WiFi
1586,1354,Android,4G
1587,1355,Android,5G
1588,1355,Android,4G
1589,1356,iOS,4G
1590,1357,Android,5G
1591,1358,Android,4G
1592,1359,Android,WiFi
1593,1360,Android,4G
1594,1361,iOS,4G
1595,1362,Android,WiFi
1596,1363,Android,5G
1597,1364,Android,4G
1598,1365,Android,5G
1599,1366,Android,5G
1600,1367,iOS,WiFi
1601,1367,Android,4G
1602,1368,Android,WiFi
1603,1369,Android,4G
1604,1370,Android,4G
1605,1371,Android,5G
1606,1372,Android,4G
1607,1372,Android,5G
1608,1373,Android,5G
1609,1373,Android,WiFi
1610,1374,Android,5G
1611,1374,Android,5G
1612,1375,Android,4G
1613,1376,iOS,5G
1614,1377,Android,4G
1615,1377,iOS,5G
1616,1378,iOS,WiFi
1617,1379,Web,3G
1618,1380,iOS,4G
1619,1380,Android,WiFi
1620,1381,iOS,5G
1621,1382,Android,4G
1622,1382,Android,WiFi
1623,1383,Android,4G
1624,1384,Android,5G
1625,1385,Android,5G
1626,1386,Android,5G
1627,1387,Android,WiFi
1628,1387,iOS,WiFi
1629,1388,Android,5G
1630,1389,iOS,5G
1631,1389,Android,5G
1632,1390,Android,4G
1633,1391,iOS,5G
1634,1392,Android,5G
1635,1392,Android,WiFi
1636,1393,Android,5G
1637,1394,Android,WiFi
1638,1395,iOS,WiFi
1639,1395,Android,WiFi
1640,1396,Android,WiFi
1641,1397,Android,4G
1642,1398,Android,4G
1643,1399,Android,5G
1644,1399,Android,5G
1645,1400,Android,4G
1646,1401,Android,4G
1647,1402,Android,4G
1648,1402,Android,4G
1649,1403,Android,5G
1650,1404,Android,4G
1651,1405,iOS,WiFi
1652,1406,Android,5G
1653,1407,Android,4G
1654,1408,Android,WiFi
1655,1409,Android,4G
1656,1410,Android,WiFi
1657,1411,iOS,4G
1658,1412,iOS,4G
1659,1413,Android,4G
1660,1413,iOS,WiFi
1661,1414,Android,4G
1662,1415,Android,WiFi
1663,1415,Android,4G
1664,1416,Android,WiFi
1665,1416,Android,4G
1666,1417,iOS,5G
1667,1418,iOS,WiFi
1668,1418,Android,4G
1669,1419,Android,4G
1670,1419,Android,4G
1671,1420,Android,3G
1672,1421,Android,4G
1673,1421,Android,5G
1674,1422,Android,4G
1675,1422,Android,4G
1676,1423,Android,5G
1677,1424,Android,5G
1678,1425,Android,WiFi
1679,1425,Android,5G
1680,1426,iOS,5G
1681,1427,Android,WiFi
1682,1428,Android,5G
1683,1429,iOS,3G
1684,1430,Web,4G
1685,1431,Android,4G
1686,1431,Android,3G
1687,1432,Android,5G
1688,1433,Android,4G
1689,1434,Android,5G
1690,1435,Android,4G
1691,1436,Android,5G
1692,1437,Android,4G
1693,1438,iOS,4G
1694,1439,Android,WiFi
1695,1439,Android,WiFi
1696,1440,Android,5G
1697,1441,Android,5G
1698,1441,Android,WiFi
1699,1442,iOS,4G
1700,1443,Android,5G
1701,1443,Android,4G
1702,1444,Android,4G
1703,1445,Android,5G
1704,1446,iOS,WiFi
1705,1446,Android,WiFi
1706,1447,Android,WiFi
1707,1448,iOS,5G
1708,1448,Android,5G
1709,1449,Android,4G
1710,1450,Android,5G
1711,1451,iOS,3G
1712,1451,Android,5G
1713,1452,Android,WiFi
1714,1452,Android,5G
1715,1453,Android,3G
1716,1454,iOS,4G
1717,1455,Android,4G
1718,1455,Android,4G
1719,1456,Android,3G
1720,1457,Android,4G
1721,1457,Android,5G
1722,1458,Android,WiFi
1723,1459,Android,WiFi
1724,1460,Android,4G
1725,1461,Android,5G
1726,1462,Android,WiFi
1727,1463,Android,WiFi
1728,1463,Android,4G
1729,1464,Android,4G
1730,1464,Android,5G
1731,1465,Web,5G
1732,1466,Android,5G
1733,1466,Android,4G
1734,1467,Android,4G
1735,1468,Android,WiFi
1736,1469,Android,5G
1737,1470,iOS,4G
1738,1471,Android,3G
1739,1472,iOS,4G
1740,1473,Android,3G
1741,1474,Android,WiFi
1742,1475,Android,4G
1743,1476,Android,4G
1744,1477,iOS,4G
1745,1478,Android,WiFi
1746,1479,Android,4G
1747,1480,Android,5G
1748,1481,Android,4G
1749,1482,Android,WiFi
1750,1483,Android,4G
1751,1484,Android,4G
1752,1485,iOS,4G
1753,1486,Android,5G
1754,1487,Android,4G
1755,1488,Android,5G
1756,1489,Android,4G
1757,1490,Android,4G
1758,1491,Android,4G
1759,1491,Android,WiFi
1760,1492,Android,5G
1761,1493,iOS,WiFi
1762,1494,Android,WiFi
1763,1494,Android,4G
1764,1495,Android,4G
1765,1495,Web,4G
1766,1496,Android,WiFi
1767,1497,Android,5G
1768,1498,Android,5G
1769,1499,Android,WiFi
1770,1500,Android,4G
1771,1501,Android,4G
1772,1502,Android,4G
1773,1503,Android,WiFi
1774,1504,Android,4G
1775,1504,Android,4G
1776,1505,Android,5G
1777,1505,Web,4G
1778,1506,Android,4G
1779,1507,iOS,WiFi
1780,1507,Android,5G
1781,1508,Android,4G
1782,1508,Android,4G
1783,1509,Android,5G
1784,1510,Android,4G
1785,1511,Android,WiFi
1786,1512,Android,5G
1787,1513,Android,4G
1788,1514,iOS,5G
1789,1515,Android,WiFi
1790,1516,Android,4G
1791,1517,Android,5G
1792,1518,Android,3G
1793,1519,Android,4G
1794,1519,Android,4G
1795,1520,Android,4G
1796,1521,Android,3G
1797,1522,Android,5G
1798,1523,iOS,WiFi
1799,1524,Android,WiFi
1800,1525,Android,5G
1801,1525,Android,5G
1802,1526,iOS,5G
1803,1527,Android,WiFi
1804,1528,Android,5G
1805,1528,Android,4G
1806,1529,iOS,4G
1807,1530,Android,WiFi
1808,1531,iOS,WiFi
1809,1531,Android,4G
1810,1532,Android,5G
1811,1533,Android,5G
1812,1534,Android,4G
1813,1535,Android,4G
1814,1536,Android,4G
1815,1537,Android,5G
1816,1537,Android,WiFi
1817,1538,iOS,5G
1818,1539,Android,4G
1819,1540,Android,WiFi
1820,1541,iOS,4G
1821,1542,Android,4G
1822,1543,Android,4G
1823,1544,Android,4G
1824,1545,Android,4G
1825,1545,Android,4G
1826,1546,Android,4G
1827,1547,Android,5G
1828,1548,Android,WiFi
1829,1549,Android,WiFi
1830,1550,Android,3G
1831,1550,Android,WiFi
1832,1551,Android,5G
1833,1552,Android,4G
1834,1553,iOS,WiFi
1835,1553,iOS,5G
1836,1554,Android,4G
1837,1555,Android,4G
1838,1556,iOS,WiFi
1839,1557,Android,WiFi
1840,1558,Android,4G
1841,1559,Android,5G
1842,1560,Android,5G
1843,1561,iOS,5G
1844,1562,iOS,5G
1845,1563,iOS,WiFi
1846,1564,Android,5G
1847,1564,iOS,4G
1848,1565,Android,4G
1849,1566,Android,5G
1850,1567,Android,4G
1851,1568,Android,5G
1852,1569,Android,WiFi
1853,1570,Android,4G
1854,1571,Android,5G
1855,1572,Android,4G
1856,1573,iOS,4G
1857,1574,Web,4G
1858,1575,iOS,WiFi
1859,1576,Android,5G
1860,1577,Android,5G
1861,1578,iOS,WiFi
1862,1579,Android,5G
1863,1580,Android,5G
1864,1581,Android,5G
1865,1582,Android,4G
1866,1583,iOS,4G
1867,1584,Web,4G
1868,1584,iOS,4G
1869,1585,Android,WiFi
1870,1586,Android,4G
1871,1587,Android,WiFi
1872,1588,Android,WiFi
1873,1589,iOS,4G
1874,1590,iOS,5G
1875,1590,Android,4G
1876,1591,iOS,WiFi
1877,1592,Android,4G
1878,1593,Android,5G
1879,1594,iOS,4G
1880,1595,Android,4G
1881,1596,Android,4G
1882,1597,Android,4G
1883,1597,Android,WiFi
1884,1598,Android,WiFi
1885,1599,Android,4G
1886,1600,Android,5G
1887,1601,Android,4G
1888,1601,Android,WiFi
1889,1602,Android,4G
1890,1602,iOS,4G
1891,1603,Android,3G
1892,1604,iOS,WiFi
1893,1604,Android,WiFi
1894,1605,Android,5G
1895,1606,Android,4G
1896,1607,Android,5G
1897,1608,iOS,4G
1898,1609,Android,5G
1899,1609,Android,4G
1900,1610,iOS,5G
1901,1611,Android,5G
1902,1612,Android,4G
1903,1613,Android,3G
1904,1614,Android,WiFi
1905,1614,Android,4G
1906,1615,iOS,5G
1907,1616,Android,4G
1908,1617,Android,4G
1909,1617,iOS,4G
1910,1618,iOS,WiFi
1911,1618,Android,5G
1912,1619,Android,WiFi
1913,1620,Android,5G
1914,1620,iOS,3G
1915,1621,iOS,5G
1916,1622,Android,4G
1917,1623,Web,4G
1918,1623,iOS,5G
1919,1624,Android,4G
1920,1624,iOS,4G
1921,1625,iOS,WiFi
1922,1626,Android,4G
1923,1627,iOS,4G
1924,1628,Android,4G
1925,1629,Android,WiFi
1926,1630,Android,5G
1927,1631,Android,5G
1928,1632,Android,4G
1929,1633,Android,4G
1930,1633,Android,4G
1931,1634,Android,4G
1932,1635,iOS,5G
1933,1636,iOS,4G
1934,1637,Android,4G
1935,1638,Android,4G
1936,1638,Android,WiFi
1937,1639,Android,4G
1938,1640,Android,5G
1939,1641,iOS,5G
1940,1642,Android,4G
1941,1643,Android,4G
1942,1644,iOS,4G
1943,1645,Android,4G
1944,1646,Android,5G
1945,1646,Android,5G
1946,1647,Android,4G
1947,1648,iOS,5G
1948,1649,Android,4G
1949,1650,Android,4G
1950,1651,Android,4G
1951,1652,Android,4G
1952,1652,Android,4G
1953,1653,Android,4G
1954,1654,Android,4G
1955,1655,Android,5G
1956,1656,iOS,4G
1957,1657,Android,5G
1958,1657,Web,4G
1959,1658,Android,4G
1960,1658,Android,5G
1961,1659,Android,4G
1962,1659,Android,WiFi
1963,1660,Android,WiFi
1964,1661,Android,WiFi
1965,1662,iOS,5G
1966,1663,Android,4G
1967,1664,Android,5G
1968,1665,Android,5G
1969,1666,Android,WiFi
1970,1667,Android,WiFi
1971,1668,Android,5G
1972,1669,iOS,5G
1973,1669,Android,5G
1974,1670,Android,5G
1975,1670,Android,WiFi
1976,1671,Android,WiFi
1977,1672,Android,WiFi
1978,1673,iOS,4G
1979,1674,Android,3G
1980,1675,Android,4G
1981,1676,iOS,5G
1982,1677,Android,4G
1983,1678,Android,5G
1984,1678,Android,WiFi
1985,1679,Android,4G
1986,1679,Android,5G
1987,1680,iOS,4G
1988,1681,Android,5G
1989,1682,Android,5G
1990,1683,Android,4G
1991,1683,Android,5G
1992,1684,Android,4G
1993,1685,Android,4G
1994,1686,Android,5G
1995,1687,Android,WiFi
1996,1688,Android,4G
1997,1689,Android,4G
1998,1690,Android,4G
1999,1691,Android,WiFi
2000,1691,Android,3G
2001,1692,Android,5G
2002,1693,iOS,WiFi
2003,1693,Android,4G
2004,1694,iOS,4G
2005,1695,iOS,5G
2006,1696,Web,4G
2007,1697,Android,WiFi
2008,1697,Android,WiFi
2009,1698,Android,WiFi
2010,1698,Android,4G
2011,1699,iOS,4G
2012,1700,Android,4G
2013,1701,Android,5G
2014,1701,Android,4G
2015,1702,Android,4G
2016,1702,Android,5G
2017,1703,Android,4G
2018,1704,Android,3G
2019,1704,Android,5G
2020,1705,Android,WiFi
2021,1706,Android,5G
2022,1706,Android,3G
2023,1707,Web,WiFi
2024,1707,Android,4G
2025,1708,iOS,4G
2026,1708,Android,4G
2027,1709,iOS,WiFi
2028,1709,iOS,4G
2029,1710,Android,4G
2030,1711,Android,4G
2031,1712,Android,4G
2032,1713,Android,4G
2033,1713,Web,3G
2034,1714,Android,4G
2035,1715,Android,5G
2036,1716,Android,4G
2037,1717,Android,WiFi
2038,1718,iOS,5G
2039,1719,iOS,WiFi
2040,1720,iOS,5G
2041,1721,Android,4G
2042,1721,Web,4G
2043,1722,Android,5G
2044,1723,Android,5G
2045,1723,Android,5G
2046,1724,Android,4G
2047,1725,Android,4G
2048,1726,iOS,4G
2049,1727,Android,4G
2050,1728,Android,WiFi
2051,1729,Android,3G
2052,1730,Android,4G
2053,1731,Android,4G
2054,1732,Android,4G
2055,1733,Android,4G
2056,1734,Android,WiFi
2057,1735,Android,4G
2058,1736,Android,4G
2059,1736,Android,WiFi
2060,1737,Android,5G
2061,1737,Android,5G
2062,1738,Android,5G
2063,1739,Android,4G
2064,1739,Android,4G
2065,1740,iOS,WiFi
2066,1741,Android,4G
2067,1742,Android,4G
2068,1742,Android,5G
2069,1743,iOS,5G
2070,1743,Android,4G
2071,1744,Android,5G
2072,1745,iOS,5G
2073,1746,Android,5G
2074,1747,iOS,4G
2075,1748,iOS,5G
2076,1749,iOS,WiFi
2077,1750,iOS,4G
2078,1751,Android,5G
2079,1752,Android,4G
2080,1753,Android,5G
2081,1754,Android,5G
2082,1754,Android,WiFi
2083,1755,Android,5G
2084,1756,Android,5G
2085,1757,Android,4G
2086,1758,iOS,5G
2087,1759,Android,4G
2088,1760,Android,4G
2089,1761,iOS,WiFi
2090,1762,Android,5G
2091,1763,iOS,5G
2092,1764,Android,5G
2093,1765,iOS,WiFi
2094,1766,Android,3G
2095,1767,iOS,5G
2096,1768,iOS,5G
2097,1768,Android,5G
2098,1769,Android,WiFi
2099,1770,Android,5G
2100,1771,iOS,4G
2101,1772,Android,5G
2102,1773,Android,5G
2103,1773,Android,5G
2104,1774,Android,4G
2105,1774,Android,5G
2106,1775,Android,5G
2107,1776,iOS,WiFi
2108,1777,Android,4G
2109,1778,Android,4G
2110,1779,Android,WiFi
2111,1780,Android,5G
2112,1780,Android,5G
2113,1781,Web,5G
2114,1782,Android,WiFi
2115,1783,Android,4G
2116,1784,Android,5G
2117,1785,Android,5G
2118,1785,Android,5G
2119,1786,Android,5G
2120,1787,Android,4G
2121,1787,Android,3G
2122,1788,iOS,WiFi
2123,1789,iOS,WiFi
2124,1790,Android,4G
2125,1791,Web,4G
2126,1792,Android,3G
2127,1792,Android,5G
2128,1793,Android,5G
2129,1794,Android,4G
2130,1795,Android,WiFi
2131,1796,iOS,5G
2132,1796,Android,WiFi
2133,1797,Android,5G
2134,1798,Android,WiFi
2135,1799,iOS,5G
2136,1800,iOS,3G
2137,1801,Android,4G
2138,1802,Android,WiFi
2139,1803,iOS,WiFi
2140,1804,Android,5G
2141,1805,Android,4G
2142,1806,Android,4G
2143,1806,iOS,WiFi
2144,1807,Android,5G
2145,1808,Android,3G
2146,1809,Android,4G
2147,1810,Android,5G
2148,1811,Android,4G
2149,1812,Android,4G
2150,1813,iOS,4G
2151,1813,Android,4G
2152,1814,Android,5G
2153,1815,Android,WiFi
2154,1815,Android,5G
2155,1816,Android,4G
2156,1817,iOS,WiFi
2157,1818,Android,WiFi
2158,1819,Android,4G
2159,1820,Android,5G
2160,1821,Android,4G
2161,1822,iOS,5G
2162,1822,Android,5G
2163,1823,Android,5G
2164,1824,Android,5G
2165,1824,iOS,3G
2166,1825,Android,4G
2167,1826,Android,WiFi
2168,1826,Android,4G
2169,1827,iOS,3G
2170,1828,Android,4G
2171,1829,Android,5G
2172,1829,Web,4G
2173,1830,Android,WiFi
2174,1831,Android,5G
2175,1831,iOS,4G
2176,1832,Android,5G
2177,1832,Android,4G
2178,1833,Android,5G
2179,1834,Android,4G
2180,1835,Android,4G
2181,1835,iOS,5G
2182,1836,Android,4G
2183,1837,Android,5G
2184,1838,Android,WiFi
2185,1839,Android,5G
2186,1840,Android,4G
2187,1840,Android,4G
2188,1841,Android,4G
2189,1842,Android,4G
2190,1843,iOS,5G
2191,1844,iOS,5G
2192,1845,Android,4G
2193,1846,Android,4G
2194,1847,Android,5G
2195,1847,Android,5G
2196,1848,iOS,5G
2197,1849,Android,4G
2198,1850,Android,4G
2199,1851,Android,5G
2200,1852,Android,4G
2201,1853,Android,WiFi
2202,1854,Android,4G
2203,1855,Android,4G
2204,1856,Android,4G
2205,1857,Android,4G
2206,1857,Android,5G
2207,1858,iOS,4G
2208,1859,iOS,5G
2209,1860,Android,4G
2210,1861,Android,5G
2211,1862,iOS,4G
2212,1863,Android,4G
2213,1864,Android,3G
2214,1865,Android,4G
2215,1866,Android,WiFi
2216,1866,Android,4G
2217,1867,iOS,5G
2218,1868,Android,5G
2219,1869,iOS,5G
2220,1870,Android,4G
2221,1871,Android,4G
2222,1872,Android,5G
2223,1873,Android,4G
2224,1874,iOS,5G
2225,1875,iOS,4G
2226,1875,Android,4G
2227,1876,iOS,5G
2228,1877,Android,5G
2229,1878,iOS,4G
2230,1879,Android,4G
2231,1879,Android,4G
2232,1880,Android,5G
2233,1881,Android,3G
2234,1881,Android,4G
2235,1882,Android,4G
2236,1883,Android,WiFi
2237,1884,Android,5G
2238,1885,Android,WiFi
2239,1886,Android,4G
2240,1887,Android,5G
2241,1888,Android,5G
2242,1888,Android,4G
2243,1889,iOS,5G
2244,1890,iOS,4G
2245,1890,iOS,4G
2246,1891,iOS,4G
2247,1891,Android,5G
2248,1892,Android,4G
2249,1892,iOS,5G
2250,1893,Android,5G
2251,1894,Android,4G
2252,1895,Android,4G
2253,1896,Android,5G
2254,1897,Android,4G
2255,1898,Android,4G
2256,1899,Android,WiFi
2257,1899,iOS,4G
2258,1900,iOS,5G
2259,1900,Android,3G
2260,1901,iOS,5G
2261,1902,Android,4G
2262,1902,Android,WiFi
2263,1903,Android,WiFi
2264,1904,Android,WiFi
2265,1905,iOS,5G
2266,1906,Android,5G
2267,1907,iOS,5G
2268,1908,Android,5G
2269,1909,Android,5G
2270,1910,iOS,5G
2271,1910,Android,4G
2272,1911,Android,5G
2273,1912,Android,WiFi
2274,1913,Android,3G
2275,1914,Android,4G
2276,1915,Web,4G
2277,1916,Android,4G
2278,1917,iOS,4G
2279,1917,Android,5G
2280,1918,Android,WiFi
2281,1918,Android,4G
2282,1919,iOS,4G
2283,1920,Android,5G
2284,1921,Android,4G
2285,1921,Android,4G
2286,1922,Android,5G
2287,1923,iOS,4G
2288,1924,iOS,WiFi
2289,1925,Android,4G
2290,1925,Android,WiFi
2291,1926,Android,3G
2292,1927,Android,4G
2293,1928,Android,4G
2294,1929,Android,3G
2295,1930,Android,5G
2296,1931,Android,4G
2297,1932,Android,4G
2298,1933,Android,WiFi
2299,1934,Android,5G
2300,1935,Android,WiFi
2301,1936,Android,WiFi
2302,1937,Android,4G
2303,1938,iOS,5G
2304,1939,Android,3G
2305,1940,Android,4G
2306,1941,Android,5G
2307,1941,Android,5G
2308,1942,Android,5G
2309,1943,Android,WiFi
2310,1944,iOS,WiFi
2311,1945,Android,5G
2312,1945,Web,4G
2313,1946,Android,5G
2314,1947,Android,4G
2315,1948,Android,4G
2316,1948,Android,5G
2317,1949,Android,4G
2318,1950,Android,WiFi
2319,1951,Android,3G
2320,1951,Android,4G
2321,1952,Android,WiFi
2322,1953,iOS,WiFi
2323,1954,Android,4G
2324,1955,Android,4G
2325,1955,iOS,4G
2326,1956,Android,WiFi
2327,1957,Android,4G
2328,1958,Android,4G
2329,1959,Android,4G
2330,1960,Android,5G
2331,1960,Android,4G
2332,1961,Android,4G
2333,1962,Web,4G
2334,1963,iOS,4G
2335,1964,Android,5G
2336,1964,Android,4G
2337,1965,Android,WiFi
2338,1966,Android,4G
2339,1967,Web,4G
2340,1968,Android,5G
2341,1969,Android,4G
2342,1970,iOS,4G
2343,1970,Android,4G
2344,1971,Android,4G
2345,1972,Android,5G
2346,1973,Android,4G
2347,1974,Android,4G
2348,1974,Android,5G
2349,1975,Android,4G
2350,1976,Android,5G
2351,1976,Android,4G
2352,1977,Android,5G
2353,1977,Android,5G
2354,1978,Android,WiFi
2355,1979,Android,5G
2356,1980,Android,5G
2357,1981,iOS,3G
2358,1982,Android,5G
2359,1983,iOS,4G
2360,1984,Android,5G
2361,1985,Android,4G
2362,1986,Web,4G
2363,1986,Android,WiFi
2364,1987,Android,4G
2365,1988,Android,4G
2366,1989,Android,WiFi
2367,1990,iOS,5G
2368,1990,Android,4G
2369,1991,Android,5G
2370,1992,Android,4G
2371,1992,Android,4G
2372,1993,iOS,4G
2373,1993,Android,WiFi
2374,1994,Android,5G
2375,1995,Android,4G
2376,1996,Android,4G
2377,1997,iOS,4G
2378,1998,iOS,4G
2379,1999,Android,4G
2380,2000,Android,5G
2381,2001,Android,WiFi
2382,2001,Android,WiFi
2383,2002,Android,4G
2384,2003,iOS,5G
2385,2004,Android,5G
2386,2005,Android,4G
2387,2006,Android,WiFi
2388,2007,Android,5G
2389,2008,Android,4G
2390,2009,Android,5G
2391,2010,Android,WiFi
2392,2011,Android,3G
2393,2011,Android,4G
2394,2012,iOS,4G
2395,2013,Android,4G
2396,2014,Android,4G
2397,2015,Android,4G
2398,2016,Android,WiFi
2399,2017,Android,3G
2400,2018,Android,5G
2401,2018,Android,WiFi
2402,2019,Android,4G
2403,2020,Android,WiFi
2404,2021,Android,4G
2405,2022,iOS,5G
2406,2023,Android,4G
2407,2024,Android,WiFi
2408,2025,Android,5G
2409,2026,Android,4G
2410,2027,Android,4G
2411,2028,Android,WiFi
2412,2029,Android,WiFi
2413,2030,iOS,4G
2414,2031,Web,5G
2415,2032,Android,5G
2416,2033,Android,5G
2417,2034,Android,WiFi
2418,2034,Android,WiFi
2419,2035,iOS,5G
2420,2036,Android,4G
2421,2037,iOS,4G
2422,2038,Android,4G
2423,2039,Android,5G
2424,2039,Android,5G
2425,2040,Android,5G
2426,2041,Android,WiFi
2427,2042,Android,4G
2428,2043,Android,4G
2429,2044,Android,4G
2430,2045,Android,5G
2431,2046,Android,WiFi
2432,2047,Android,WiFi
2433,2048,Android,4G
2434,2048,Android,4G
2435,2049,Android,4G
2436,2049,Android,4G
2437,2050,Android,4G
2438,2051,Android,WiFi
2439,2052,Android,5G
2440,2053,Web,5G
2441,2054,Android,5G
2442,2055,Android,4G
2443,2056,Android,4G
2444,2057,Android,WiFi
2445,2057,Android,3G
2446,2058,Android,4G
2447,2058,Android,5G
2448,2059,Android,4G
2449,2060,Android,4G
2450,2061,Android,5G
2451,2062,Web,4G
2452,2063,Android,5G
2453,2064,Android,WiFi
2454,2065,Android,5G
2455,2066,Android,WiFi
2456,2067,iOS,4G
2457,2068,iOS,4G
2458,2069,Android,5G
2459,2070,Android,4G
2460,2070,Android,WiFi
2461,2071,iOS,4G
2462,2072,Android,4G
2463,2073,iOS,4G
2464,2074,iOS,5G
2465,2074,Android,5G
2466,2075,Android,4G
2467,2076,iOS,4G
2468,2077,iOS,4G
2469,2078,Web,5G
2470,2079,Android,4G
2471,2080,Android,4G
2472,2081,Android,4G
2473,2082,Android,4G
2474,2082,Android,5G
2475,2083,Web,5G
2476,2083,Android,4G
2477,2084,iOS,5G
2478,2085,Android,4G
2479,2086,Android,4G
2480,2087,Android,4G
2481,2088,Android,4G
2482,2089,Android,5G
2483,2089,Android,4G
2484,2090,Android,WiFi
2485,2091,Android,WiFi
2486,2091,Android,3G
2487,2092,Android,4G
2488,2092,Web,WiFi
2489,2093,Android,WiFi
2490,2094,Android,5G
2491,2095,Android,WiFi
2492,2095,iOS,4G
2493,2096,Android,5G
2494,2096,Android,4G
2495,2097,Android,5G
2496,2098,Android,4G
2497,2099,Android,5G
2498,2099,Web,5G
2499,2100,Android,5G
2500,2100,Android,WiFi
2501,2101,iOS,5G
2502,2101,Android,WiFi
2503,2102,Android,4G
2504,2103,Android,4G
2505,2104,Android,5G
2506,2105,Android,4G
2507,2106,Android,4G
2508,2107,iOS,5G
2509,2108,iOS,5G
2510,2109,Android,5G
2511,2110,iOS,5G
2512,2111,Android,3G
2513,2112,Android,4G
2514,2113,iOS,5G
2515,2114,iOS,3G
2516,2115,Android,4G
2517,2116,Android,4G
2518,2117,iOS,4G
2519,2118,Android,WiFi
2520,2118,Android,3G
2521,2119,Android,4G
2522,2120,Android,3G
2523,2121,iOS,5G
2524,2122,Android,5G
2525,2123,iOS,WiFi
2526,2124,Android,5G
2527,2124,Android,4G
2528,2125,Android,4G
2529,2126,Android,4G
2530,2127,Android,4G
2531,2127,iOS,WiFi
2532,2128,Android,WiFi
2533,2128,Android,5G
2534,2129,Android,WiFi
2535,2130,Android,5G
2536,2130,Android,4G
2537,2131,Android,4G
2538,2132,Android,4G
2539,2133,iOS,4G
2540,2134,iOS,WiFi
2541,2135,Android,WiFi
2542,2136,Android,4G
2543,2136,Android,5G
2544,2137,iOS,4G
2545,2138,iOS,4G
2546,2139,Android,5G
2547,2139,Android,5G
2548,2140,Android,WiFi
2549,2141,Android,4G
2550,2142,Android,4G
2551,2142,Android,4G
2552,2143,Android,4G
2553,2144,Android,5G
2554,2145,Android,3G
2555,2146,Android,4G
2556,2147,iOS,4G
2557,2148,Android,WiFi
2558,2149,iOS,5G
2559,2149,Android,4G
2560,2150,Android,4G
2561,2151,Android,4G
2562,2152,Android,4G
2563,2153,Android,4G
2564,2154,Android,4G
2565,2155,Web,5G
2566,2156,Android,WiFi
2567,2157,Android,4G
2568,2158,Android,4G
2569,2159,iOS,5G
2570,2160,Android,4G
2571,2160,Android,3G
2572,2161,Android,3G
2573,2162,Web,WiFi
2574,2163,Android,4G
2575,2164,Android,4G
2576,2165,Android,5G
2577,2166,Android,4G
2578,2167,Android,4G
2579,2168,Android,WiFi
2580,2168,Android,5G
2581,2169,Android,WiFi
2582,2170,Android,4G
2583,2171,Android,4G
2584,2171,Android,WiFi
2585,2172,Android,WiFi
2586,2173,Android,5G
2587,2174,iOS,5G
2588,2175,Android,5G
2589,2176,Android,5G
2590,2177,iOS,4G
2591,2178,Android,4G
2592,2179,Android,5G
2593,2179,iOS,4G
2594,2180,Android,WiFi
2595,2181,iOS,WiFi
2596,2182,Android,5G
2597,2183,Android,WiFi
2598,2184,Android,4G
2599,2185,Android,4G
2600,2186,Android,4G
2601,2187,iOS,4G
2602,2187,Android,5G
2603,2188,Android,5G
2604,2189,Android,5G
2605,2190,iOS,4G
2606,2190,Android,4G
2607,2191,Android,4G
2608,2192,Android,WiFi
2609,2193,iOS,5G
2610,2194,Android,5G
2611,2195,Android,4G
2612,2196,Android,4G
2613,2197,iOS,WiFi
2614,2198,iOS,5G
2615,2198,Android,5G
2616,2199,Web,4G
2617,2199,iOS,5G
2618,2200,iOS,WiFi
2619,2201,Android,5G
2620,2202,iOS,5G
2621,2203,Android,4G
2622,2204,Android,5G
2623,2205,Android,5G
2624,2206,Android,5G
2625,2207,Android,5G
2626,2208,iOS,4G
2627,2209,Android,4G
2628,2210,iOS,4G
2629,2211,iOS,5G
2630,2212,Android,WiFi
2631,2213,iOS,WiFi
2632,2214,Android,4G
2633,2215,iOS,4G
2634,2215,Android,4G
2635,2216,Android,4G
2636,2217,iOS,WiFi
2637,2218,Android,4G
2638,2219,Android,4G
2639,2220,Android,5G
2640,2221,Android,WiFi
2641,2221,Android,4G
2642,2222,Android,4G
2643,2223,iOS,5G
2644,2223,Android,5G
2645,2224,Android,5G
2646,2225,Android,5G
2647,2226,Android,WiFi
2648,2226,Android,5G
2649,2227,Android,4G
2650,2228,Web,4G
2651,2228,Android,4G
2652,2229,Web,4G
2653,2229,iOS,4G
2654,2230,Android,4G
2655,2231,Android,5G
2656,2231,Android,5G
2657,2232,Android,WiFi
2658,2233,iOS,4G
2659,2233,Android,4G
2660,2234,Android,5G
2661,2234,Android,4G
2662,2235,Android,4G
2663,2236,Android,4G
2664,2236,iOS,3G
2665,2237,Android,4G
2666,2238,Android,4G
2667,2239,Android,4G
2668,2240,Android,4G
2669,2240,iOS,5G
2670,2241,Android,WiFi
2671,2241,Android,4G
2672,2242,Android,4G
2673,2242,Web,WiFi
2674,2243,Android,4G
2675,2244,Android,5G
2676,2245,Android,WiFi
2677,2246,Android,4G
2678,2247,Android,WiFi
2679,2248,Android,5G
2680,2249,iOS,4G
2681,2250,Android,4G
2682,2251,Android,5G
2683,2252,Android,5G
2684,2253,iOS,5G
2685,2254,Android,5G
2686,2255,iOS,4G
2687,2256,Android,4G
2688,2257,Android,4G
2689,2258,Android,5G
2690,2259,Android,WiFi
2691,2260,Android,5G
2692,2261,Android,5G
2693,2262,Android,3G
2694,2263,Android,WiFi
2695,2264,Android,4G
2696,2265,Android,WiFi
2697,2265,Android,5G
2698,2266,Android,WiFi
2699,2267,Android,5G
2700,2267,Android,5G
2701,2268,Web,4G
2702,2269,Android,4G
2703,2270,Android,WiFi
2704,2271,Android,4G
2705,2271,Android,5G
2706,2272,Android,4G
2707,2272,Android,WiFi
2708,2273,Android,4G
2709,2274,iOS,WiFi
2710,2275,Android,5G
2711,2276,Android,4G
2712,2277,Android,4G
2713,2278,Android,4G
2714,2278,iOS,5G
2715,2279,Android,4G
2716,2279,Android,WiFi
2717,2280,Android,4G
2718,2281,Android,5G
2719,2281,Android,5G
2720,2282,Android,4G
2721,2283,Android,5G
2722,2284,Web,WiFi
2723,2285,Android,3G
2724,2286,Android,WiFi
2725,2286,Android,5G
2726,2287,Android,4G
2727,2287,Android,4G
2728,2288,iOS,5G
2729,2288,iOS,4G
2730,2289,iOS,4G
2731,2290,Android,4G
2732,2291,Android,WiFi
2733,2292,Android,5G
2734,2292,iOS,4G
2735,2293,iOS,4G
2736,2294,Android,WiFi
2737,2295,Android,5G
2738,2296,Android,4G
2739,2297,Android,5G
2740,2297,Android,WiFi
2741,2298,Android,4G
2742,2298,iOS,5G
2743,2299,Android,5G
2744,2300,Android,4G
2745,2301,Android,4G
2746,2301,Android,4G
2747,2302,iOS,WiFi
2748,2302,Android,5G
2749,2303,Android,3G
2750,2304,Android,4G
2751,2304,iOS,5G
2752,2305,iOS,WiFi
2753,2305,Android,WiFi
2754,2306,Android,4G
2755,2307,Android,WiFi
2756,2308,Android,WiFi
2757,2309,Android,4G
2758,2310,Android,4G
2759,2311,Android,5G
2760,2311,Android,5G
2761,2312,Android,3G
2762,2312,iOS,4G
2763,2313,Android,4G
2764,2314,Android,4G
2765,2315,Android,4G
2766,2316,Android,4G
2767,2317,Android,4G
2768,2318,Android,4G
2769,2318,Android,4G
2770,2319,iOS,WiFi
2771,2320,iOS,5G
2772,2321,Android,4G
2773,2322,iOS,5G
2774,2322,Android,5G
2775,2323,Android,5G
2776,2324,Android,WiFi
2777,2325,iOS,4G
2778,2326,iOS,4G
2779,2327,Android,WiFi
2780,2328,iOS,5G
2781,2329,Android,5G
2782,2329,Android,WiFi
2783,2330,Android,5G
2784,2331,Android,5G
2785,2332,iOS,5G
2786,2333,Android,4G
2787,2334,Android,WiFi
2788,2335,Android,4G
2789,2336,Android,WiFi
2790,2337,Android,4G
2791,2338,Android,5G
2792,2339,Android,4G
2793,2340,iOS,4G
2794,2341,iOS,5G
2795,2342,Android,4G
2796,2343,Android,4G
2797,2344,Android,4G
2798,2345,Android,4G
2799,2346,Android,5G
2800,2346,Android,5G
2801,2347,Android,WiFi
2802,2347,Android,5G
2803,2348,iOS,4G
2804,2349,Android,4G
2805,2349,Android,4G
2806,2350,Android,4G
2807,2351,Android,5G
2808,2352,iOS,4G
2809,2353,Android,3G
2810,2354,iOS,5G
2811,2355,Android,5G
2812,2356,Android,5G
2813,2357,Android,4G
2814,2358,Android,4G
2815,2359,Android,5G
2816,2360,Android,4G
2817,2361,Android,4G
2818,2362,Android,WiFi
2819,2363,Web,4G
2820,2364,iOS,4G
2821,2365,Android,WiFi
2822,2366,Android,4G
2823,2366,iOS,WiFi
2824,2367,Android,4G
2825,2368,Android,5G
2826,2369,Android,4G
2827,2370,Android,WiFi
2828,2370,Android,4G
2829,2371,Android,4G
2830,2371,Android,4G
2831,2372,iOS,4G
2832,2373,iOS,4G
2833,2374,iOS,5G
2834,2375,Android,WiFi
2835,2375,Android,4G
2836,2376,Android,WiFi
2837,2376,Android,5G
2838,2377,iOS,5G
2839,2378,Android,3G
2840,2379,Android,5G
2841,2380,Android,4G
2842,2381,Android,4G
2843,2382,iOS,5G
2844,2382,Android,4G
2845,2383,iOS,4G
2846,2384,Android,4G
2847,2385,Android,4G
2848,2386,Android,4G
2849,2387,Android,4G
2850,2387,Android,5G
2851,2388,Web,4G
2852,2389,Android,WiFi
2853,2390,iOS,WiFi
2854,2391,Android,4G
2855,2392,Android,4G
2856,2393,Android,4G
2857,2394,Android,4G
2858,2395,Android,WiFi
2859,2396,Android,4G
2860,2396,Android,4G
2861,2397,Android,4G
2862,2398,iOS,5G
2863,2398,Android,4G
2864,2399,Android,4G
2865,2399,Android,5G
2866,2400,Android,4G
2867,2401,iOS,5G
2868,2402,iOS,4G
2869,2403,Android,5G
2870,2404,Android,WiFi
2871,2405,iOS,5G
2872,2406,Web,5G
2873,2407,Android,5G
2874,2408,Android,5G
2875,2409,Android,3G
2876,2409,Android,3G
2877,2410,iOS,WiFi
2878,2411,iOS,4G
2879,2412,iOS,4G
2880,2413,iOS,4G
2881,2414,Android,4G
2882,2415,Android,4G
2883,2415,Android,4G
2884,2416,Android,4G
2885,2417,Android,4G
2886,2418,Android,4G
2887,2419,Android,4G
2888,2420,Android,5G
2889,2421,Android,5G
2890,2422,Android,5G
2891,2423,Android,5G
2892,2424,Android,3G
2893,2425,Web,WiFi
2894,2425,Android,4G
2895,2426,Android,3G
2896,2427,Android,4G
2897,2428,iOS,5G
2898,2429,iOS,4G
2899,2430,Android,WiFi
2900,2431,Android,4G
2901,2431,iOS,5G
2902,2432,iOS,5G
2903,2433,Android,WiFi
2904,2434,Android,4G
2905,2435,Android,5G
2906,2436,Android,4G
2907,2437,Android,5G
2908,2438,Android,WiFi
2909,2439,Web,4G
2910,2439,Android,5G
2911,2440,Android,WiFi
2912,2440,Android,4G
2913,2441,Android,4G
2914,2442,Android,5G
2915,2443,Android,WiFi
2916,2444,Android,5G
2917,2445,Android,4G
2918,2446,Web,4G
2919,2447,Android,4G
2920,2448,iOS,WiFi
2921,2449,Android,WiFi
2922,2450,Android,3G
2923,2450,Android,3G
2924,2451,Android,4G
2925,2452,iOS,4G
2926,2453,Android,4G
2927,2453,iOS,4G
2928,2454,Android,3G
2929,2455,Android,5G
2930,2456,Android,5G
2931,2457,Android,5G
2932,2457,Android,WiFi
2933,2458,Android,3G
2934,2459,Android,4G
2935,2460,Android,5G
2936,2460,Android,4G
2937,2461,Android,4G
2938,2462,Android,WiFi
2939,2462,Android,4G
2940,2463,Android,5G
2941,2464,Android,WiFi
2942,2465,Android,4G
2943,2466,Android,WiFi
2944,2467,iOS,4G
2945,2467,Android,4G
2946,2468,Web,5G
2947,2468,Android,3G
2948,2469,Android,5G
2949,2469,iOS,4G
2950,2470,Android,4G
2951,2470,iOS,4G
2952,2471,Android,WiFi
2953,2472,Android,4G
2954,2473,Android,5G
2955,2474,Android,WiFi
2956,2475,Android,3G
2957,2475,iOS,4G
2958,2476,Android,4G
2959,2477,Android,5G
2960,2478,iOS,WiFi
2961,2479,iOS,4G
2962,2480,Android,4G
2963,2480,Android,WiFi
2964,2481,Web,4G
2965,2482,Android,4G
2966,2483,Android,4G
2967,2484,Android,4G
2968,2485,iOS,5G
2969,2486,Android,4G
2970,2487,Android,4G
2971,2488,Android,WiFi
2972,2489,Android,WiFi
2973,2490,Android,4G
2974,2491,Android,4G
2975,2492,Android,5G
2976,2493,Android,WiFi
2977,2494,Android,4G
2978,2495,Android,5G
2979,2496,Android,4G
2980,2497,Android,5G
2981,2498,Android,5G
2982,2499,Android,4G
2983,2500,iOS,4G
2984,2501,Android,4G
2985,2502,Android,WiFi
2986,2503,iOS,4G
2987,2504,Android,WiFi
2988,2505,Android,5G
2989,2505,Android,4G
2990,2506,Android,5G
2991,2507,iOS,4G
2992,2507,iOS,4G
2993,2508,Android,4G
2994,2509,Android,4G
2995,2510,Android,5G
2996,2511,iOS,4G
2997,2512,Android,4G
2998,2512,Android,5G
2999,2513,Android,4G
3000,2514,Android,4G
3001,2514,iOS,4G
3002,2515,Android,WiFi
3003,2516,Android,4G
3004,2517,Android,4G
3005,2518,Android,5G
3006,2519,Android,5G
3007,2520,Android,WiFi
3008,2521,Android,4G
3009,2522,Android,4G
3010,2523,Android,4G
3011,2524,Android,5G
3012,2525,Android,WiFi
3013,2525,Android,5G
3014,2526,Android,5G
3015,2527,Android,5G
3016,2528,iOS,4G
3017,2529,Android,4G
3018,2530,Android,WiFi
3019,2531,Android,4G
3020,2532,Android,WiFi
3021,2533,Android,WiFi
3022,2533,iOS,WiFi
3023,2534,Android,WiFi
3024,2534,Android,4G
3025,2535,iOS,5G
3026,2536,Android,5G
3027,2536,Android,WiFi
3028,2537,Android,4G
3029,2538,Android,4G
3030,2539,Android,4G
3031,2540,iOS,WiFi
3032,2541,Android,5G
3033,2542,Android,4G
3034,2543,Android,5G
3035,2544,Android,4G
3036,2545,Android,5G
3037,2545,Android,WiFi
3038,2546,Android,5G
3039,2547,Android,4G
3040,2548,Android,4G
3041,2549,Android,4G
3042,2550,Android,4G
3043,2551,Android,4G
3044,2552,Android,4G
3045,2553,Android,WiFi
3046,2554,iOS,WiFi
3047,2555,Android,4G
3048,2556,Android,5G
3049,2557,Android,4G
3050,2558,Android,5G
3051,2559,Android,4G
3052,2560,iOS,4G
3053,2560,Android,WiFi
3054,2561,Android,4G
3055,2562,Android,4G
3056,2563,Android,4G
3057,2564,Android,5G
3058,2565,Android,4G
3059,2566,iOS,4G
3060,2567,iOS,5G
3061,2568,Android,4G
3062,2569,Android,5G
3063,2570,iOS,4G
3064,2571,iOS,3G
3065,2572,Android,4G
3066,2573,Android,5G
3067,2574,Android,4G
3068,2575,Android,4G
3069,2576,Android,4G
3070,2577,Android,5G
3071,2578,Android,4G
3072,2579,Android,5G
3073,2580,Android,5G
3074,2581,Android,4G
3075,2582,Android,5G
3076,2583,Android,4G
3077,2584,Android,4G
3078,2585,Android,4G
3079,2586,Android,4G
3080,2587,Android,5G
3081,2588,Android,5G
3082,2589,Android,4G
3083,2590,Android,WiFi
3084,2591,Android,4G
3085,2592,iOS,4G
3086,2593,Android,4G
3087,2593,Android,5G
3088,2594,Android,5G
3089,2595,iOS,4G
3090,2596,Android,5G
3091,2597,Android,4G
3092,2598,Android,4G
3093,2599,Android,4G
3094,2600,Android,4G
3095,2601,Android,4G
3096,2601,Android,WiFi
3097,2602,Android,5G
3098,2603,Android,4G
3099,2604,Android,WiFi
3100,2605,Android,4G
3101,2606,Android,4G
3102,2607,Android,5G
3103,2608,Android,WiFi
3104,2609,Android,5G
3105,2610,Android,3G
3106,2611,Android,WiFi
3107,2611,Android,3G
3108,2612,Android,4G
3109,2613,iOS,WiFi
3110,2614,Android,4G
3111,2615,iOS,WiFi
3112,2615,Android,5G
3113,2616,Android,4G
3114,2616,iOS,5G
3115,2617,Android,3G
3116,2618,Android,4G
3117,2619,Android,4G
3118,2620,Android,5G
3119,2620,Android,5G
3120,2621,Android,5G
3121,2622,Android,5G
3122,2623,Android,4G
3123,2623,Android,4G
3124,2624,Android,WiFi
3125,2624,Android,4G
3126,2625,Android,5G
3127,2625,Android,4G
3128,2626,Android,4G
3129,2627,Android,4G
3130,2628,Android,4G
3131,2629,iOS,WiFi
3132,2630,Android,4G
3133,2631,iOS,5G
3134,2631,Android,4G
3135,2632,Android,4G
3136,2632,Android,5G
3137,2633,iOS,5G
3138,2634,Android,4G
3139,2634,Android,4G
3140,2635,Android,4G
3141,2636,Android,WiFi
3142,2637,Android,4G
3143,2638,Android,5G
3144,2639,Web,WiFi
3145,2639,Android,4G
3146,2640,Android,WiFi
3147,2641,Android,4G
3148,2641,iOS,4G
3149,2642,Android,5G
3150,2643,Web,5G
3151,2644,Android,WiFi
3152,2645,Android,WiFi
3153,2646,Android,4G
3154,2647,Android,4G
3155,2648,Android,WiFi
3156,2649,Android,4G
3157,2649,iOS,4G
3158,2650,Android,3G
3159,2651,Android,5G
3160,2652,Android,WiFi
3161,2653,Android,4G
3162,2654,Android,5G
3163,2655,Android,4G
3164,2656,Android,4G
3165,2656,iOS,4G
3166,2657,Android,WiFi
3167,2658,Android,5G
3168,2659,Android,5G
3169,2660,Android,WiFi
3170,2661,Android,3G
3171,2662,iOS,5G
3172,2663,Android,4G
3173,2664,Android,5G
3174,2665,Web,5G
3175,2666,Android,WiFi
3176,2666,Android,3G
3177,2667,iOS,WiFi
3178,2668,iOS,4G
3179,2669,iOS,4G
3180,2670,Android,4G
3181,2671,Android,5G
3182,2672,Android,5G
3183,2673,Android,WiFi
3184,2674,iOS,4G
3185,2675,Android,5G
3186,2675,Android,4G
3187,2676,Android,3G
3188,2676,Android,5G
3189,2677,Android,4G
3190,2678,Android,3G
3191,2679,Android,WiFi
3192,2680,Android,3G
3193,2681,iOS,4G
3194,2681,iOS,4G
3195,2682,Android,4G
3196,2683,Android,4G
3197,2684,Android,4G
3198,2685,Android,4G
3199,2686,Android,5G
3200,2687,iOS,4G
3201,2688,Android,WiFi
3202,2689,Android,WiFi
3203,2690,Android,4G
3204,2691,Android,5G
3205,2692,iOS,5G
3206,2693,Android,5G
3207,2694,Android,WiFi
3208,2695,Web,4G
3209,2696,Android,4G
3210,2697,iOS,4G
3211,2698,iOS,5G
3212,2699,Web,4G
3213,2700,Web,4G
3214,2701,Android,5G
3215,2702,Android,4G
3216,2703,Android,4G
3217,2704,Android,WiFi
3218,2705,Android,5G
3219,2705,Android,WiFi
3220,2706,Android,5G
3221,2706,iOS,4G
3222,2707,Android,4G
3223,2708,Android,4G
3224,2709,Android,4G
3225,2709,Android,4G
3226,2710,Android,3G
3227,2711,Android,4G
3228,2712,iOS,WiFi
3229,2713,Android,5G
3230,2714,iOS,4G
3231,2715,iOS,4G
3232,2716,Android,4G
3233,2717,Android,WiFi
3234,2718,Android,4G
3235,2719,Android,5G
3236,2720,Android,4G
3237,2721,Android,4G
3238,2722,Android,4G
3239,2723,iOS,3G
3240,2724,Web,WiFi
3241,2725,Android,WiFi
3242,2726,iOS,4G
3243,2727,Android,WiFi
3244,2728,Android,4G
3245,2729,Android,4G
3246,2730,Android,4G
3247,2731,Android,4G
3248,2732,iOS,WiFi
3249,2732,Android,5G
3250,2733,iOS,4G
3251,2734,Android,5G
3252,2734,iOS,5G
3253,2735,Android,4G
3254,2736,Web,4G
3255,2737,Android,WiFi
3256,2738,Android,5G
3257,2739,iOS,5G
3258,2740,Android,4G
3259,2741,Android,5G
3260,2741,Android,WiFi
3261,2742,Android,5G
3262,2743,Android,3G
3263,2744,Android,4G
3264,2745,Android,4G
3265,2746,Android,WiFi
3266,2747,Android,4G
3267,2748,Android,WiFi
3268,2749,Android,WiFi
3269,2750,Android,4G
3270,2751,iOS,WiFi
3271,2752,iOS,WiFi
3272,2753,Android,4G
3273,2754,Android,4G
3274,2754,iOS,4G
3275,2755,Android,5G
3276,2756,Android,WiFi
3277,2757,iOS,5G
3278,2758,Android,4G
3279,2759,Android,WiFi
3280,2759,Android,WiFi
3281,2760,Android,4G
3282,2761,Android,4G
3283,2762,Android,WiFi
3284,2762,Android,4G
3285,2763,Android,4G
3286,2764,Android,WiFi
3287,2765,Android,4G
3288,2766,iOS,5G
3289,2766,iOS,5G
3290,2767,Android,WiFi
3291,2768,Web,WiFi
3292,2769,iOS,5G
3293,2770,Android,5G
3294,2771,Android,4G
3295,2772,Android,WiFi
3296,2772,Android,5G
3297,2773,Android,4G
3298,2774,iOS,4G
3299,2774,Android,5G
3300,2775,Android,4G
3301,2776,iOS,4G
3302,2777,Android,4G
3303,2777,iOS,3G
3304,2778,Web,4G
3305,2779,iOS,5G
3306,2780,Android,4G
3307,2781,Android,4G
3308,2782,iOS,5G
3309,2782,Android,5G
3310,2783,Android,5G
3311,2784,Android,WiFi
3312,2785,iOS,5G
3313,2785,iOS,5G
3314,2786,iOS,4G
3315,2787,Android,4G
3316,2788,Android,5G
3317,2789,Android,4G
3318,2790,Android,4G
3319,2791,Android,5G
3320,2792,iOS,WiFi
3321,2793,Android,5G
3322,2794,Android,4G
3323,2794,Android,3G
3324,2795,Android,4G
3325,2795,Android,4G
3326,2796,Android,4G
3327,2797,Android,WiFi
3328,2798,Android,5G
3329,2798,Android,WiFi
3330,2799,Android,WiFi
3331,2800,Android,4G
3332,2801,Android,4G
3333,2802,Android,4G
3334,2803,Android,4G
3335,2804,Android,4G
3336,2805,Android,WiFi
3337,2805,Android,4G
3338,2806,Android,5G
3339,2807,Android,4G
3340,2808,Android,5G
3341,2809,iOS,WiFi
3342,2809,Android,5G
3343,2810,Android,4G
3344,2811,Android,WiFi
3345,2812,iOS,5G
3346,2813,Android,WiFi
3347,2813,iOS,5G
3348,2814,iOS,4G
3349,2815,iOS,5G
3350,2816,Android,5G
3351,2817,Web,4G
3352,2818,Android,WiFi
3353,2818,Android,4G
3354,2819,Android,WiFi
3355,2819,Android,4G
3356,2820,Android,4G
3357,2821,Android,4G
3358,2822,iOS,WiFi
3359,2823,Android,4G
3360,2823,Web,4G
3361,2824,Android,4G
3362,2825,Android,5G
3363,2826,Android,5G
3364,2827,Android,4G
3365,2827,Android,WiFi
3366,2828,Android,5G
3367,2829,iOS,5G
3368,2830,Android,5G
3369,2830,Android,5G
3370,2831,Android,4G
3371,2832,Android,5G
3372,2833,Android,4G
3373,2834,Android,5G
3374,2834,Android,WiFi
3375,2835,Android,4G
3376,2836,iOS,WiFi
3377,2836,iOS,4G
3378,2837,Android,5G
3379,2838,Android,4G
3380,2838,iOS,4G
3381,2839,Android,5G
3382,2840,Android,WiFi
3383,2841,Android,WiFi
3384,2842,Android,4G
3385,2843,Android,5G
3386,2844,iOS,5G
3387,2845,iOS,4G
3388,2846,Android,WiFi
3389,2846,iOS,WiFi
3390,2847,Android,WiFi
3391,2847,iOS,4G
3392,2848,iOS,5G
3393,2849,iOS,5G
3394,2850,Android,4G
3395,2851,iOS,5G
3396,2852,Android,4G
3397,2853,Android,WiFi
3398,2854,iOS,4G
3399,2855,Android,4G
3400,2855,Android,5G
3401,2856,Android,5G
3402,2857,Android,4G
3403,2857,Android,WiFi
3404,2858,Android,4G
3405,2859,iOS,WiFi
3406,2859,iOS,4G
3407,2860,Android,3G
3408,2861,iOS,5G
3409,2862,Android,5G
3410,2863,Android,4G
3411,2864,Android,4G
3412,2865,Android,4G
3413,2865,Android,4G
3414,2866,Android,5G
3415,2867,Android,4G
3416,2868,Android,WiFi
3417,2869,Android,4G
3418,2870,iOS,WiFi
3419,2871,Android,4G
3420,2872,Android,4G
3421,2873,Android,4G
3422,2874,Android,WiFi
3423,2875,Android,5G
3424,2876,Android,WiFi
3425,2877,Android,4G
3426,2878,Android,WiFi
3427,2879,iOS,4G
3428,2880,Android,4G
3429,2881,Android,4G
3430,2881,Android,4G
3431,2882,Android,4G
3432,2883,Android,4G
3433,2884,iOS,4G
3434,2885,Android,4G
3435,2886,Android,WiFi
3436,2887,iOS,5G
3437,2888,Android,4G
3438,2888,Android,4G
3439,2889,Android,4G
3440,2889,Android,WiFi
3441,2890,iOS,WiFi
3442,2891,iOS,4G
3443,2891,Android,5G
3444,2892,Android,4G
3445,2893,iOS,WiFi
3446,2894,iOS,5G
3447,2895,Android,4G
3448,2896,Android,4G
3449,2897,Android,5G
3450,2898,Android,WiFi
3451,2899,Android,5G
3452,2900,iOS,4G
3453,2901,Android,3G
3454,2902,iOS,4G
3455,2903,Android,5G
3456,2903,iOS,4G
3457,2904,Android,WiFi
3458,2905,Android,4G
3459,2906,Android,4G
3460,2907,Web,4G
3461,2908,Android,WiFi
3462,2909,Android,4G
3463,2910,Android,WiFi
3464,2910,Android,5G
3465,2911,Android,4G
3466,2912,Android,WiFi
3467,2913,Web,4G
3468,2914,Android,4G
3469,2915,Android,WiFi
3470,2916,Android,3G
3471,2916,iOS,5G
3472,2917,Android,4G
3473,2918,Android,4G
3474,2918,Android,4G
3475,2919,Android,4G
3476,2920,Android,5G
3477,2921,Android,WiFi
3478,2922,Android,4G
3479,2923,Android,WiFi
3480,2923,Web,4G
3481,2924,Android,WiFi
3482,2925,Android,4G
3483,2926,iOS,4G
3484,2927,Android,5G
3485,2928,iOS,WiFi
3486,2929,Web,4G
3487,2930,Android,4G
3488,2931,Android,4G
3489,2932,Android,5G
3490,2932,Android,4G
3491,2933,Android,4G
3492,2934,iOS,WiFi
3493,2934,Android,5G
3494,2935,iOS,WiFi
3495,2936,Android,4G
3496,2936,Android,WiFi
3497,2937,Android,5G
3498,2938,Android,WiFi
3499,2939,iOS,4G
3500,2940,Android,4G
3501,2940,Android,5G
3502,2941,Android,4G
3503,2942,Android,4G
3504,2942,Android,4G
3505,2943,Android,4G
3506,2943,Android,3G
3507,2944,Android,3G
3508,2945,iOS,WiFi
3509,2946,Android,4G
3510,2947,iOS,WiFi
3511,2948,iOS,4G
3512,2949,Android,4G
3513,2950,Android,5G
3514,2950,Android,4G
3515,2951,Android,WiFi
3516,2952,Android,4G
3517,2952,Android,4G
3518,2953,Web,4G
3519,2954,Android,5G
3520,2955,Android,4G
3521,2956,Android,5G
3522,2957,Android,4G
3523,2957,Android,4G
3524,2958,Android,5G
3525,2959,Android,WiFi
3526,2960,Android,WiFi
3527,2961,Android,4G
3528,2962,iOS,WiFi
3529,2963,iOS,4G
3530,2964,Android,4G
3531,2965,Android,4G
3532,2966,Android,WiFi
3533,2967,Android,5G
3534,2968,Android,4G
3535,2969,Web,4G
3536,2969,Android,WiFi
3537,2970,iOS,WiFi
3538,2971,Android,4G
3539,2972,iOS,5G
3540,2973,iOS,5G
3541,2974,Android,4G
3542,2975,Android,5G
3543,2975,Android,WiFi
3544,2976,Android,5G
3545,2977,Android,4G
3546,2978,iOS,5G
3547,2979,Android,5G
3548,2980,iOS,WiFi
3549,2981,Android,WiFi
3550,2981,Android,4G
3551,2982,Android,4G
3552,2983,Android,5G
3553,2984,Android,4G
3554,2985,Android,4G
3555,2986,Android,5G
3556,2987,iOS,4G
3557,2988,iOS,4G
3558,2989,Android,4G
3559,2989,iOS,4G
3560,2990,Android,4G
3561,2991,Android,4G
3562,2992,Android,WiFi
3563,2993,Android,4G
3564,2994,iOS,4G
3565,2995,Android,4G
3566,2996,Android,WiFi
3567,2997,Android,WiFi
3568,2998,Android,4G
3569,2999,Android,3G
3570,3000,Web,5G
3571,3001,Android,4G
3572,3002,iOS,4G
3573,3003,Android,WiFi
3574,3004,Android,5G
3575,3005,Android,4G
3576,3006,Android,5G
3577,3007,Android,3G
3578,3008,iOS,5G
3579,3009,iOS,3G
3580,3010,iOS,4G
3581,3011,Android,5G
3582,3012,Android,4G
3583,3012,Android,5G
3584,3013,Android,WiFi
3585,3014,iOS,4G
3586,3014,iOS,5G
3587,3015,Android,5G
3588,3016,iOS,4G
3589,3017,iOS,WiFi
3590,3018,iOS,4G
3591,3019,Android,5G
3592,3020,Android,5G
3593,3021,Android,5G
3594,3022,Web,3G
3595,3023,Android,4G
3596,3024,iOS,WiFi
3597,3025,Android,4G
3598,3026,iOS,5G
3599,3027,Android,4G
3600,3027,Android,4G
3601,3028,Android,5G
3602,3029,Android,5G
3603,3030,Android,4G
3604,3030,Android,4G
3605,3031,Android,WiFi
3606,3032,Web,4G
3607,3033,Android,4G
3608,3033,iOS,5G
3609,3034,iOS,WiFi
3610,3035,Android,WiFi
3611,3036,Android,WiFi
3612,3036,iOS,4G
3613,3037,Android,5G
3614,3038,Android,4G
3615,3039,Android,4G
3616,3040,Android,5G
3617,3041,Android,5G
3618,3042,Android,4G
3619,3043,Android,5G
3620,3044,iOS,4G
3621,3045,Android,5G
3622,3046,Android,WiFi
3623,3047,Android,WiFi
3624,3048,Android,4G
3625,3049,iOS,WiFi
3626,3050,Android,5G
3627,3051,Android,5G
3628,3052,Web,4G
3629,3053,Android,4G
3630,3054,Web,4G
3631,3055,Android,5G
3632,3056,Android,4G
3633,3057,iOS,WiFi
3634,3058,Android,4G
3635,3059,Android,WiFi
3636,3060,iOS,5G
3637,3060,Android,4G
3638,3061,Android,WiFi
3639,3062,Android,WiFi
3640,3063,Android,4G
3641,3064,Android,5G
3642,3065,iOS,WiFi
3643,3066,Android,4G
3644,3067,Android,5G
3645,3068,Android,5G
3646,3069,Android,WiFi
3647,3070,Android,5G
3648,3070,Android,5G
3649,3071,iOS,4G
3650,3071,Android,5G
3651,3072,Android,4G
3652,3073,iOS,5G
3653,3074,Android,WiFi
3654,3074,Android,4G
3655,3075,iOS,3G
3656,3076,Android,4G
3657,3076,iOS,4G
3658,3077,Android,5G
3659,3078,iOS,5G
3660,3079,Android,5G
3661,3079,iOS,4G
3662,3080,iOS,4G
3663,3081,Android,4G
3664,3082,Android,4G
3665,3083,Android,5G
3666,3083,Android,4G
3667,3084,Android,4G
3668,3084,Android,4G
3669,3085,Android,4G
3670,3086,Android,4G
3671,3086,Android,5G
3672,3087,Android,4G
3673,3088,Android,5G
3674,3089,Android,4G
3675,3090,Android,5G
3676,3091,Android,WiFi
3677,3092,Android,5G
3678,3093,Android,4G
3679,3094,Android,5G
3680,3095,iOS,4G
3681,3095,Android,WiFi
3682,3096,Android,4G
3683,3097,Android,3G
3684,3098,iOS,WiFi
3685,3099,Android,4G
3686,3099,Android,4G
3687,3100,Android,WiFi
3688,3100,Android,4G
3689,3101,Android,WiFi
3690,3101,Android,4G
3691,3102,Android,4G
3692,3103,Android,5G
3693,3104,Android,5G
3694,3105,Android,4G
3695,3105,Android,4G
3696,3106,Android,3G
3697,3107,Android,3G
3698,3108,Android,4G
3699,3109,Android,4G
3700,3110,iOS,WiFi
3701,3111,Android,5G
3702,3111,Android,4G
3703,3112,Android,4G
3704,3113,Android,5G
3705,3114,Android,4G
3706,3115,Android,4G
3707,3116,Android,4G
3708,3117,Android,5G
3709,3118,Android,4G
3710,3119,Android,4G
3711,3119,Web,4G
3712,3120,Android,5G
3713,3121,Android,5G
3714,3122,Android,WiFi
3715,3123,Android,4G
3716,3124,Android,5G
3717,3125,iOS,4G
3718,3126,Android,4G
3719,3127,Android,5G
3720,3128,Android,5G
3721,3129,Android,4G
3722,3130,Android,4G
3723,3131,Android,5G
3724,3132,Android,4G
3725,3132,Android,WiFi
3726,3133,iOS,4G
3727,3133,Android,4G
3728,3134,Android,4G
3729,3135,iOS,4G
3730,3136,Android,5G
3731,3137,Web,3G
3732,3138,Android,4G
3733,3138,Android,4G
3734,3139,iOS,WiFi
3735,3140,iOS,4G
3736,3141,Android,4G
3737,3142,Android,3G
3738,3143,Android,5G
3739,3144,Android,4G
3740,3145,Android,5G
3741,3146,Android,4G
3742,3147,Android,4G
3743,3148,Android,WiFi
3744,3148,Android,WiFi
3745,3149,Android,4G
3746,3149,Android,4G
3747,3150,Android,5G
3748,3151,Android,5G
3749,3152,Android,4G
3750,3152,Android,4G
3751,3153,Android,5G
3752,3154,Android,WiFi
3753,3155,Android,4G
3754,3156,Android,4G
3755,3157,Android,WiFi
3756,3158,iOS,5G
3757,3159,Android,4G
3758,3159,Android,4G
3759,3160,Android,5G
3760,3161,iOS,4G
3761,3162,Android,4G
3762,3163,Android,4G
3763,3164,Android,5G
3764,3164,iOS,WiFi
3765,3165,iOS,WiFi
3766,3166,Web,4G
3767,3167,Android,5G
3768,3168,Android,4G
3769,3169,iOS,WiFi
3770,3170,Android,4G
3771,3171,Android,4G
3772,3172,Android,WiFi
3773,3173,Android,5G
3774,3174,Android,4G
3775,3175,Web,5G
3776,3176,Android,5G
3777,3177,iOS,4G
3778,3178,Android,4G
3779,3179,Android,WiFi
3780,3180,Android,5G
3781,3181,Android,5G
3782,3182,Android,5G
3783,3183,Android,3G
3784,3184,Android,WiFi
3785,3185,Android,4G
3786,3186,Android,WiFi
3787,3187,Android,5G
3788,3188,iOS,WiFi
3789,3189,Android,5G
3790,3190,iOS,3G
3791,3191,iOS,WiFi
3792,3192,Android,4G
3793,3193,Android,4G
3794,3194,Android,4G
3795,3195,Android,5G
3796,3195,Android,5G
3797,3196,iOS,4G
3798,3197,Android,WiFi
3799,3197,Android,WiFi
3800,3198,Android,5G
3801,3199,Android,4G
3802,3200,Android,4G
3803,3201,Android,WiFi
3804,3202,Android,3G
3805,3203,iOS,WiFi
3806,3204,Web,WiFi
3807,3205,Android,4G
3808,3205,Android,4G
3809,3206,iOS,WiFi
3810,3207,Android,4G
3811,3208,Web,4G
3812,3209,Android,5G
3813,3210,Android,WiFi
3814,3211,Android,4G
3815,3212,Android,4G
3816,3213,Android,5G
3817,3214,Android,5G
3818,3215,iOS,5G
3819,3216,Android,5G
3820,3216,Android,WiFi
3821,3217,Android,WiFi
3822,3218,Android,3G
3823,3218,Android,4G
3824,3219,Android,4G
3825,3219,Android,WiFi
3826,3220,iOS,5G
3827,3221,Android,4G
3828,3222,Android,4G
3829,3223,iOS,5G
3830,3223,Android,4G
3831,3224,Android,4G
3832,3225,Android,WiFi
3833,3226,iOS,5G
3834,3227,Android,5G
3835,3228,Android,4G
3836,3229,Android,WiFi
3837,3230,Android,4G
3838,3231,Android,WiFi
3839,3232,Android,WiFi
3840,3233,Android,4G
3841,3234,Android,4G
3842,3235,Android,4G
3843,3236,Android,4G
3844,3236,Android,4G
3845,3237,iOS,4G
3846,3238,Android,4G
3847,3239,Web,5G
3848,3240,Android,WiFi
3849,3241,Android,4G
3850,3242,Android,5G
3851,3243,Android,4G
3852,3244,Android,WiFi
3853,3244,iOS,4G
3854,3245,Android,4G
3855,3246,iOS,4G
3856,3247,Android,5G
3857,3247,Android,5G
3858,3248,Android,4G
3859,3249,Android,WiFi
3860,3249,Android,4G
3861,3250,Android,5G
3862,3251,Android,WiFi
3863,3252,Android,4G
3864,3253,Android,4G
3865,3254,iOS,WiFi
3866,3255,Android,4G
3867,3256,Android,4G
3868,3257,Android,4G
3869,3258,Android,4G
3870,3259,iOS,4G
3871,3260,iOS,5G
3872,3260,Android,5G
3873,3261,Android,4G
3874,3262,Android,WiFi
3875,3262,Android,4G
3876,3263,Android,4G
3877,3264,Android,WiFi
3878,3264,Android,5G
3879,3265,Android,5G
3880,3265,Web,5G
3881,3266,Android,5G
3882,3267,Android,5G
3883,3268,Android,4G
3884,3269,Android,WiFi
3885,3270,Android,WiFi
3886,3271,Android,WiFi
3887,3272,Android,4G
3888,3273,Android,WiFi
3889,3273,Android,4G
3890,3274,Android,4G
3891,3275,iOS,3G
3892,3275,Android,4G
3893,3276,Android,4G
3894,3277,Android,WiFi
3895,3278,Android,WiFi
3896,3279,Android,5G
3897,3280,Android,WiFi
3898,3281,Android,5G
3899,3281,iOS,4G
3900,3282,Android,5G
3901,3283,Android,WiFi
3902,3283,Android,WiFi
3903,3284,Android,5G
3904,3284,Android,WiFi
3905,3285,Web,3G
3906,3286,Web,5G
3907,3287,Web,5G
3908,3288,Android,4G
3909,3289,Android,WiFi
3910,3290,Android,5G
3911,3290,Android,WiFi
3912,3291,Android,4G
3913,3291,Android,WiFi
3914,3292,Android,4G
3915,3293,Android,4G
3916,3294,Android,5G
3917,3295,Android,WiFi
3918,3296,Android,4G
3919,3297,iOS,4G
3920,3297,iOS,4G
3921,3298,Android,4G
3922,3298,iOS,WiFi
3923,3299,Android,WiFi
3924,3300,Android,4G
3925,3300,Android,4G
3926,3301,Android,4G
3927,3302,Android,5G
3928,3303,Android,WiFi
3929,3304,Android,4G
3930,3305,Android,5G
3931,3306,Android,4G
3932,3307,Android,WiFi
3933,3308,Android,5G
3934,3309,iOS,4G
3935,3310,Android,5G
3936,3311,Android,5G
3937,3312,iOS,5G
3938,3313,Android,4G
3939,3314,Android,4G
3940,3315,Android,5G
3941,3316,Android,4G
3942,3317,Android,4G
3943,3318,Android,4G
3944,3319,Android,5G
3945,3320,Android,4G
3946,3320,iOS,4G
3947,3321,Android,4G
3948,3322,iOS,4G
3949,3323,Android,WiFi
3950,3323,iOS,4G
3951,3324,Android,WiFi
3952,3325,Android,4G
3953,3326,Android,4G
3954,3327,iOS,WiFi
3955,3328,Android,4G
3956,3328,iOS,4G
3957,3329,Android,5G
3958,3330,iOS,5G
3959,3331,Android,5G
3960,3332,Android,5G
3961,3333,Android,5G
3962,3334,Android,5G
3963,3335,Android,4G
3964,3335,iOS,5G
3965,3336,Android,4G
3966,3337,Android,5G
3967,3338,Android,3G
3968,3338,Android,5G
3969,3339,Android,4G
3970,3340,Android,5G
3971,3340,Android,WiFi
3972,3341,Android,4G
3973,3342,Android,4G
3974,3343,Android,4G
3975,3344,Android,4G
3976,3345,Android,5G
3977,3346,Android,4G
3978,3347,Android,4G
3979,3348,Android,4G
3980,3349,Android,3G
3981,3350,iOS,4G
3982,3350,Android,WiFi
3983,3351,Android,5G
3984,3352,Android,WiFi
3985,3353,Android,4G
3986,3354,Android,5G
3987,3355,iOS,4G
3988,3356,Android,4G
3989,3357,iOS,WiFi
3990,3358,iOS,5G
3991,3358,iOS,5G
3992,3359,Android,4G
3993,3360,Android,5G
3994,3361,iOS,4G
3995,3362,Android,WiFi
3996,3363,iOS,5G
3997,3363,Android,5G
3998,3364,Android,4G
3999,3365,Android,WiFi
4000,3366,Android,WiFi
4001,3367,Android,5G
4002,3368,Android,4G
4003,3368,Android,4G
4004,3369,iOS,5G
4005,3370,Web,4G
4006,3371,Android,4G
4007,3372,Android,WiFi
4008,3373,Android,4G
4009,3374,Android,5G
4010,3375,Android,4G
4011,3375,Android,5G
4012,3376,Android,4G
4013,3376,Android,WiFi
4014,3377,Android,4G
4015,3378,Android,4G
4016,3378,Android,WiFi
4017,3379,Android,4G
4018,3380,Web,WiFi
4019,3381,Android,4G
4020,3382,Android,4G
4021,3382,Android,WiFi
4022,3383,Android,WiFi
4023,3384,Android,4G
4024,3385,Android,4G
4025,3386,Android,4G
4026,3387,Android,WiFi
4027,3387,Android,WiFi
4028,3388,Android,4G
4029,3389,Android,4G
4030,3389,iOS,4G
4031,3390,Android,4G
4032,3391,iOS,4G
4033,3392,Android,5G
4034,3393,Android,WiFi
4035,3394,Android,4G
4036,3395,iOS,WiFi
4037,3396,Android,4G
4038,3397,Android,WiFi
4039,3398,Android,4G
4040,3399,Android,3G
4041,3400,Android,3G
4042,3401,Android,4G
4043,3402,Android,4G
4044,3403,Android,4G
4045,3403,Android,4G
4046,3404,Android,WiFi
4047,3405,iOS,5G
4048,3406,Android,5G
4049,3407,iOS,5G
4050,3408,Android,4G
4051,3408,Android,5G
4052,3409,iOS,4G
4053,3410,iOS,WiFi
4054,3411,iOS,4G
4055,3412,Android,5G
4056,3413,Android,4G
4057,3414,Android,5G
4058,3415,Web,5G
4059,3416,Android,5G
4060,3417,Android,WiFi
4061,3418,Android,5G
4062,3419,Android,4G
4063,3420,Android,5G
4064,3421,Android,WiFi
4065,3422,Android,5G
4066,3423,Android,5G
4067,3424,Android,WiFi
4068,3425,iOS,5G
4069,3426,Android,3G
4070,3427,iOS,5G
4071,3428,iOS,4G
4072,3429,Android,4G
4073,3429,Web,4G
4074,3430,Android,5G
4075,3431,Android,4G
4076,3432,Android,5G
4077,3433,Android,4G
4078,3434,Android,5G
4079,3435,Android,5G
4080,3436,Android,5G
4081,3436,Android,WiFi
4082,3437,Android,4G
4083,3437,iOS,WiFi
4084,3438,Android,WiFi
4085,3439,Android,4G
4086,3440,Web,WiFi
4087,3441,Android,4G
4088,3441,Android,5G
4089,3442,Android,4G
4090,3443,Android,4G
4091,3443,Android,5G
4092,3444,Android,4G
4093,3445,Android,5G
4094,3446,Android,5G
4095,3447,Android,WiFi
4096,3448,iOS,WiFi
4097,3449,Android,4G
4098,3450,Android,4G
4099,3450,Web,4G
4100,3451,Android,WiFi
4101,3452,Android,4G
4102,3453,iOS,5G
4103,3454,Android,5G
4104,3455,Android,WiFi
4105,3456,iOS,5G
4106,3456,Web,4G
4107,3457,Android,5G
4108,3457,Android,5G
4109,3458,Android,5G
4110,3459,iOS,WiFi
4111,3460,Android,4G
4112,3461,Android,5G
4113,3462,Android,5G
4114,3463,iOS,5G
4115,3464,Android,4G
4116,3464,iOS,4G
4117,3465,Android,5G
4118,3466,Android,3G
4119,3467,Android,4G
4120,3468,Android,4G
4121,3469,Android,5G
4122,3470,Android,5G
4123,3471,Android,4G
4124,3472,Android,4G
4125,3472,Android,WiFi
4126,3473,Android,4G
4127,3474,iOS,4G
4128,3475,Android,WiFi
4129,3476,iOS,WiFi
4130,3477,Android,3G
4131,3478,Android,4G
4132,3479,Android,WiFi
4133,3480,Android,4G
4134,3481,Android,4G
4135,3482,Android,4G
4136,3483,Android,4G
4137,3484,Android,4G
4138,3485,Web,4G
4139,3485,Android,5G
4140,3486,iOS,5G
4141,3487,Android,4G
4142,3488,Android,5G
4143,3489,iOS,WiFi
4144,3489,Android,3G
4145,3490,Android,WiFi
4146,3491,Android,4G
4147,3491,Android,5G
4148,3492,iOS,4G
4149,3493,Android,4G
4150,3494,Android,4G
4151,3495,Android,WiFi
4152,3496,Android,WiFi
4153,3497,Android,5G
4154,3498,Android,5G
4155,3499,Android,WiFi
4156,3500,iOS,4G
4157,3501,Android,4G
4158,3502,Android,WiFi
4159,3503,Android,4G
4160,3504,Android,5G
4161,3505,Android,4G
4162,3506,iOS,4G
4163,3507,Android,5G
4164,3508,Android,5G
4165,3509,Android,4G
4166,3509,Android,5G
4167,3510,Android,4G
4168,3511,iOS,4G
4169,3512,Android,WiFi
4170,3513,Android,4G
4171,3514,Android,4G
4172,3514,iOS,4G
4173,3515,Android,5G
4174,3516,iOS,5G
4175,3517,Android,4G
4176,3517,Android,5G
4177,3518,Android,4G
4178,3519,Android,4G
4179,3520,Android,4G
4180,3520,Android,4G
4181,3521,Android,5G
4182,3522,iOS,4G
4183,3523,Web,4G
4184,3524,Android,WiFi
4185,3525,Android,4G
4186,3526,Android,5G
4187,3527,Android,4G
4188,3527,Web,5G
4189,3528,Android,WiFi
4190,3529,Android,4G
4191,3529,Android,4G
4192,3530,Android,4G
4193,3531,Android,5G
4194,3532,Android,5G
4195,3533,iOS,4G
4196,3534,Android,5G
4197,3535,iOS,4G
4198,3536,Android,5G
4199,3537,Android,4G
4200,3538,Android,3G
4201,3539,Android,4G
4202,3540,Android,5G
4203,3541,Android,WiFi
4204,3542,Android,5G
4205,3543,iOS,WiFi
4206,3544,Android,WiFi
4207,3545,iOS,4G
4208,3546,Android,WiFi
4209,3547,Android,WiFi
4210,3548,Web,WiFi
4211,3549,Android,WiFi
4212,3549,iOS,WiFi
4213,3550,Android,5G
4214,3551,Web,WiFi
4215,3552,Android,4G
4216,3552,Android,WiFi
4217,3553,Android,5G
4218,3554,iOS,4G
4219,3555,Android,WiFi
4220,3556,Android,3G
4221,3557,Android,5G
4222,3557,Android,WiFi
4223,3558,Android,WiFi
4224,3559,Android,4G
4225,3560,Android,4G
4226,3561,Android,WiFi
4227,3562,Android,4G
4228,3563,Android,4G
4229,3564,Android,WiFi
4230,3565,Android,4G
4231,3566,Android,5G
4232,3566,Android,4G
4233,3567,Android,5G
4234,3567,Android,5G
4235,3568,Android,WiFi
4236,3569,Android,5G
4237,3570,Android,4G
4238,3571,Android,5G
4239,3571,Android,5G
4240,3572,Android,4G
4241,3573,iOS,4G
4242,3574,Android,4G
4243,3575,Android,4G
4244,3575,Android,4G
4245,3576,Android,5G
4246,3577,Android,5G
4247,3578,Android,4G
4248,3579,Android,5G
4249,3580,Android,WiFi
4250,3581,Android,WiFi
4251,3582,iOS,5G
4252,3583,Android,WiFi
4253,3584,iOS,5G
4254,3585,iOS,4G
4255,3586,Android,4G
4256,3587,Android,5G
4257,3587,Android,WiFi
4258,3588,iOS,5G
4259,3589,Android,5G
4260,3590,Android,5G
4261,3590,iOS,WiFi
4262,3591,Android,5G
4263,3592,Android,4G
4264,3593,Android,WiFi
4265,3594,Android,4G
4266,3595,Android,4G
4267,3596,Android,4G
4268,3597,Android,5G
4269,3598,iOS,4G
4270,3599,Android,4G
4271,3600,Android,WiFi
4272,3601,iOS,4G
4273,3602,Android,5G
4274,3603,Android,5G
4275,3604,Android,4G
4276,3605,Android,WiFi
4277,3606,Android,3G
4278,3607,iOS,4G
4279,3608,iOS,4G
4280,3608,iOS,WiFi
4281,3609,Android,5G
4282,3610,Android,5G
4283,3611,Android,4G
4284,3612,iOS,4G
4285,3613,Android,4G
4286,3614,Android,4G
4287,3615,Android,4G
4288,3616,Android,5G
4289,3617,iOS,5G
4290,3618,Android,4G
4291,3619,Android,WiFi
4292,3620,iOS,5G
4293,3621,Android,5G
4294,3621,Android,5G
4295,3622,iOS,4G
4296,3623,Android,4G
4297,3624,Android,4G
4298,3625,Android,5G
4299,3626,iOS,4G
4300,3627,Android,4G
4301,3628,Android,4G
4302,3629,Android,4G
4303,3630,iOS,5G
4304,3631,iOS,5G
4305,3632,Android,4G
4306,3632,iOS,5G
4307,3633,Android,4G
4308,3634,Android,4G
4309,3635,iOS,WiFi
4310,3636,iOS,5G
4311,3637,Android,4G
4312,3637,iOS,4G
4313,3638,iOS,5G
4314,3639,Android,4G
4315,3640,Android,5G
4316,3641,Android,WiFi
4317,3642,Android,4G
4318,3643,Android,4G
4319,3644,Android,4G
4320,3645,Android,WiFi
4321,3645,Android,4G
4322,3646,iOS,4G
4323,3647,Android,WiFi
4324,3648,Android,4G
4325,3648,Web,WiFi
4326,3649,Android,WiFi
4327,3650,Android,4G
4328,3651,Android,4G
4329,3652,Android,5G
4330,3653,Android,5G
4331,3654,Android,4G
4332,3655,Android,4G
4333,3656,Android,5G
4334,3657,Android,3G
4335,3658,Android,4G
4336,3659,Web,5G
4337,3659,iOS,4G
4338,3660,Android,3G
4339,3661,Android,4G
4340,3661,Android,4G
4341,3662,Android,WiFi
4342,3663,Android,WiFi
4343,3664,Android,4G
4344,3665,iOS,WiFi
4345,3666,Android,4G
4346,3667,Android,5G
4347,3668,Android,WiFi
4348,3669,iOS,4G
4349,3670,Android,WiFi
4350,3671,Android,4G
4351,3672,Android,4G
4352,3673,Android,4G
4353,3674,iOS,5G
4354,3675,iOS,4G
4355,3676,Android,4G
4356,3677,Android,4G
4357,3678,Android,4G
4358,3679,Android,4G
4359,3680,iOS,4G
4360,3681,Android,WiFi
4361,3681,Android,5G
4362,3682,Android,5G
4363,3683,Android,5G
4364,3684,Android,WiFi
4365,3685,Web,5G
4366,3685,iOS,4G
4367,3686,Android,4G
4368,3686,Web,5G
4369,3687,Android,4G
4370,3688,Android,5G
4371,3689,Android,3G
4372,3689,Android,5G
4373,3690,Android,4G
4374,3690,Android,5G
4375,3691,iOS,WiFi
4376,3691,Android,4G
4377,3692,Android,4G
4378,3693,Android,WiFi
4379,3694,Android,WiFi
4380,3694,Android,5G
4381,3695,Android,4G
4382,3695,Android,4G
4383,3696,Android,4G
4384,3697,Android,5G
4385,3698,iOS,4G
4386,3698,Android,5G
4387,3699,Android,4G
4388,3700,iOS,5G
4389,3700,Android,4G
4390,3701,Android,5G
4391,3701,Android,WiFi
4392,3702,Android,WiFi
4393,3703,Android,WiFi
4394,3704,Android,4G
4395,3705,iOS,4G
4396,3706,Android,WiFi
4397,3707,Android,4G
4398,3707,iOS,4G
4399,3708,Android,WiFi
4400,3708,Android,4G
4401,3709,Web,3G
4402,3709,Android,4G
4403,3710,Android,4G
4404,3710,Android,4G
4405,3711,Android,4G
4406,3711,Android,WiFi
4407,3712,Android,4G
4408,3713,iOS,5G
4409,3714,Android,4G
4410,3714,Android,WiFi
4411,3715,iOS,4G
4412,3716,Android,4G
4413,3717,Android,WiFi
4414,3718,Android,4G
4415,3719,Android,4G
4416,3720,iOS,4G
4417,3721,iOS,WiFi
4418,3722,Android,4G
4419,3723,Android,4G
4420,3724,iOS,4G
4421,3724,Android,5G
4422,3725,Android,4G
4423,3726,Web,4G
4424,3727,Android,5G
4425,3727,iOS,5G
4426,3728,Android,WiFi
4427,3729,Android,5G
4428,3730,Android,WiFi
4429,3731,Android,WiFi
4430,3732,Android,WiFi
4431,3732,Android,5G
4432,3733,Android,5G
4433,3734,Android,5G
4434,3735,Android,4G
4435,3736,Android,4G
4436,3736,iOS,WiFi
4437,3737,Android,4G
4438,3738,Android,4G
4439,3739,Android,4G
4440,3740,Android,WiFi
4441,3741,Android,4G
4442,3741,Android,5G
4443,3742,Android,3G
4444,3743,Android,4G
4445,3744,Android,5G
4446,3745,iOS,5G
4447,3745,Android,4G
4448,3746,iOS,5G
4449,3747,Android,4G
4450,3748,Android,5G
4451,3749,Android,WiFi
4452,3749,iOS,WiFi
4453,3750,Android,4G
4454,3750,Android,4G
4455,3751,Android,5G
4456,3751,iOS,4G
4457,3752,Android,4G
4458,3753,Android,4G
4459,3754,iOS,5G
4460,3755,Android,5G
4461,3756,Android,WiFi
4462,3757,Android,4G
4463,3758,Android,4G
4464,3759,iOS,WiFi
4465,3759,Android,5G
4466,3760,iOS,WiFi
4467,3761,iOS,4G
4468,3762,Android,WiFi
4469,3763,Android,4G
4470,3764,Android,5G
4471,3765,iOS,WiFi
4472,3766,Android,4G
4473,3766,Android,4G
4474,3767,Android,4G
4475,3768,Android,5G
4476,3768,Android,WiFi
4477,3769,iOS,4G
4478,3769,Android,5G
4479,3770,Android,3G
4480,3771,Android,4G
4481,3772,Android,4G
4482,3773,Android,4G
4483,3774,Android,4G
4484,3774,Android,4G
4485,3775,Android,4G
4486,3776,Android,5G
4487,3777,Web,4G
4488,3778,Android,4G
4489,3779,Android,5G
4490,3780,Android,5G
4491,3781,iOS,4G
4492,3781,Android,4G
4493,3782,Android,WiFi
4494,3783,Android,5G
4495,3783,Android,4G
4496,3784,Android,4G
4497,3785,Android,4G
4498,3786,Android,5G
4499,3787,Android,5G
4500,3788,Android,WiFi
4501,3789,Android,3G
4502,3790,iOS,4G
4503,3791,iOS,4G
4504,3792,Android,5G
4505,3793,Android,WiFi
4506,3794,Android,3G
4507,3794,Android,3G
4508,3795,Android,5G
4509,3796,iOS,4G
4510,3796,iOS,WiFi
4511,3797,iOS,4G
4512,3798,Android,5G
4513,3799,Android,WiFi
4514,3800,iOS,5G
4515,3801,iOS,WiFi
4516,3802,Android,WiFi
4517,3803,Android,WiFi
4518,3804,Android,4G
4519,3805,iOS,3G
4520,3806,Android,WiFi
4521,3807,Android,4G
4522,3808,Android,5G
4523,3809,Android,5G
4524,3810,Android,5G
4525,3811,Android,4G
4526,3812,Android,4G
4527,3813,Android,5G
4528,3814,Android,WiFi
4529,3815,Android,5G
4530,3816,Android,5G
4531,3817,Android,4G
4532,3817,Android,4G
4533,3818,Android,4G
4534,3819,Android,WiFi
4535,3820,iOS,4G
4536,3821,Android,4G
4537,3822,Android,4G
4538,3823,Android,5G
4539,3823,Android,5G
4540,3824,Web,WiFi
4541,3825,Android,WiFi
4542,3825,Android,4G
4543,3826,iOS,WiFi
4544,3827,Android,4G
4545,3828,iOS,5G
4546,3829,iOS,4G
4547,3830,iOS,4G
4548,3831,iOS,WiFi
4549,3832,Android,4G
4550,3833,Android,4G
4551,3834,Android,5G
4552,3835,Android,4G
4553,3836,iOS,4G
4554,3837,Android,5G
4555,3838,iOS,5G
4556,3839,Android,4G
4557,3839,Android,4G
4558,3840,Android,WiFi
4559,3841,Android,4G
4560,3842,Android,4G
4561,3842,Android,4G
4562,3843,Android,5G
4563,3844,Android,5G
4564,3845,iOS,4G
4565,3846,Android,4G
4566,3847,Android,4G
4567,3848,Android,4G
4568,3849,Android,5G
4569,3850,Android,4G
4570,3851,Android,5G
4571,3851,Android,WiFi
4572,3852,Android,4G
4573,3853,Android,5G
4574,3854,Android,5G
4575,3855,Android,4G
4576,3856,Android,4G
4577,3856,Android,4G
4578,3857,Android,4G
4579,3858,Android,5G
4580,3859,Android,4G
4581,3860,Android,4G
4582,3861,Android,WiFi
4583,3861,Android,3G
4584,3862,Android,WiFi
4585,3863,Android,3G
4586,3864,Android,WiFi
4587,3865,iOS,5G
4588,3866,Android,4G
4589,3866,Android,4G
4590,3867,Android,4G
4591,3868,Android,WiFi
4592,3869,Android,4G
4593,3870,iOS,WiFi
4594,3871,iOS,4G
4595,3872,iOS,WiFi
4596,3873,iOS,4G
4597,3874,iOS,5G
4598,3875,iOS,4G
4599,3876,iOS,WiFi
4600,3877,Android,4G
4601,3878,Android,WiFi
4602,3879,Android,WiFi
4603,3880,Android,4G
4604,3881,Android,4G
4605,3881,Android,5G
4606,3882,iOS,4G
4607,3882,iOS,5G
4608,3883,Android,WiFi
4609,3883,Android,4G
4610,3884,Android,4G
4611,3885,Android,5G
4612,3886,Android,WiFi
4613,3886,Android,4G
4614,3887,Android,5G
4615,3888,Android,5G
4616,3889,Android,4G
4617,3889,Android,4G
4618,3890,Web,4G
4619,3891,iOS,4G
4620,3892,iOS,4G
4621,3892,Android,4G
4622,3893,Android,5G
4623,3894,Android,4G
4624,3895,Android,5G
4625,3895,iOS,5G
4626,3896,Android,4G
4627,3897,Android,4G
4628,3898,Android,4G
4629,3899,Android,5G
4630,3900,iOS,WiFi
4631,3901,Android,4G
4632,3902,Android,5G
4633,3903,Android,4G
4634,3904,Android,5G
4635,3905,Android,4G
4636,3906,Android,4G
4637,3907,Android,4G
4638,3908,Android,3G
4639,3908,Android,4G
4640,3909,Android,5G
4641,3910,Android,WiFi
4642,3911,Android,WiFi
4643,3912,Web,5G
4644,3912,iOS,5G
4645,3913,Android,5G
4646,3914,Android,WiFi
4647,3914,Android,5G
4648,3915,Android,4G
4649,3916,Android,4G
4650,3917,Android,WiFi
4651,3918,iOS,4G
4652,3919,Android,4G
4653,3920,Android,4G
4654,3921,Android,4G
4655,3922,Android,5G
4656,3923,Android,3G
4657,3924,Android,4G
4658,3924,Android,4G
4659,3925,Android,4G
4660,3926,Android,4G
4661,3927,Android,4G
4662,3928,Android,5G
4663,3929,Android,3G
4664,3930,Android,4G
4665,3931,Android,4G
4666,3932,iOS,4G
4667,3932,iOS,WiFi
4668,3933,iOS,4G
4669,3934,Android,WiFi
4670,3935,Android,4G
4671,3936,Android,5G
4672,3936,Android,3G
4673,3937,Android,WiFi
4674,3938,iOS,5G
4675,3939,Android,4G
4676,3939,Android,4G
4677,3940,Android,4G
4678,3941,Android,5G
4679,3942,Web,5G
4680,3943,Android,WiFi
4681,3944,Android,4G
4682,3944,Android,4G
4683,3945,Android,5G
4684,3945,Android,5G
4685,3946,Android,WiFi
4686,3947,Android,4G
4687,3947,iOS,4G
4688,3948,iOS,4G
4689,3949,Android,5G
4690,3950,Web,4G
4691,3951,Android,5G
4692,3951,Android,4G
4693,3952,Android,4G
4694,3952,Android,4G
4695,3953,Android,5G
4696,3954,Android,5G
4697,3955,Android,4G
4698,3956,Android,4G
4699,3957,iOS,4G
4700,3957,Android,4G
4701,3958,Android,WiFi
4702,3959,Android,WiFi
4703,3960,iOS,3G
4704,3960,Android,5G
4705,3961,Web,5G
4706,3962,Web,5G
4707,3963,iOS,4G
4708,3964,Android,5G
4709,3965,iOS,4G
4710,3966,Android,5G
4711,3967,iOS,WiFi
4712,3968,Android,4G
4713,3969,Android,WiFi
4714,3970,Android,4G
4715,3970,iOS,5G
4716,3971,Android,WiFi
4717,3972,Android,WiFi
4718,3973,Android,4G
4719,3974,Android,4G
4720,3975,iOS,5G
4721,3976,Android,WiFi
4722,3977,Android,4G
4723,3978,iOS,4G
4724,3979,Android,4G
4725,3979,Android,WiFi
4726,3980,iOS,4G
4727,3981,Android,5G
4728,3982,Android,5G
4729,3983,Android,4G
4730,3983,Android,4G
4731,3984,Android,4G
4732,3985,Android,4G
4733,3986,Android,4G
4734,3987,Android,4G
4735,3988,iOS,5G
4736,3988,Android,5G
4737,3989,Android,5G
4738,3989,Android,3G
4739,3990,Android,4G
4740,3991,iOS,4G
4741,3992,iOS,4G
4742,3993,Android,4G
4743,3994,Android,WiFi
4744,3995,Android,4G
4745,3996,Android,WiFi
4746,3996,iOS,4G
4747,3997,Android,WiFi
4748,3998,Android,5G
4749,3999,Android,5G
4750,4000,iOS,5G
4751,4001,iOS,4G
4752,4002,Android,WiFi
4753,4003,Android,4G
4754,4004,Android,5G
4755,4005,Android,4G
4756,4006,Android,4G
4757,4006,Android,4G
4758,4007,Android,3G
4759,4008,iOS,WiFi
4760,4008,Android,4G
4761,4009,Android,5G
4762,4010,Android,4G
4763,4011,iOS,4G
4764,4011,Android,4G
4765,4012,Android,5G
4766,4013,Android,WiFi
4767,4014,Android,3G
4768,4015,Android,5G
4769,4016,Android,4G
4770,4017,iOS,WiFi
4771,4018,iOS,4G
4772,4019,Android,WiFi
4773,4020,Android,5G
4774,4020,Android,WiFi
4775,4021,Android,3G
4776,4022,Android,WiFi
4777,4023,iOS,WiFi
4778,4024,Android,5G
4779,4025,Android,4G
4780,4026,Android,4G
4781,4027,Android,WiFi
4782,4027,Android,5G
4783,4028,Android,WiFi
4784,4029,Android,5G
4785,4030,iOS,4G
4786,4031,Android,5G
4787,4031,Android,4G
4788,4032,Android,5G
4789,4033,Android,5G
4790,4034,Android,4G
4791,4034,Android,4G
4792,4035,Android,4G
4793,4036,iOS,5G
4794,4036,iOS,WiFi
4795,4037,Android,5G
4796,4038,Android,5G
4797,4039,Android,5G
4798,4040,Android,5G
4799,4040,iOS,5G
4800,4041,iOS,WiFi
4801,4042,Web,4G
4802,4043,Android,5G
4803,4044,Android,4G
4804,4045,Android,4G
4805,4046,Android,WiFi
4806,4046,Android,5G
4807,4047,Android,WiFi
4808,4048,Android,5G
4809,4049,Android,5G
4810,4050,Android,5G
4811,4051,iOS,4G
4812,4051,Android,5G
4813,4052,Android,5G
4814,4053,iOS,4G
4815,4054,Android,3G
4816,4055,iOS,4G
4817,4056,Android,WiFi
4818,4057,Android,WiFi
4819,4057,Android,5G
4820,4058,Android,WiFi
4821,4058,Android,WiFi
4822,4059,Android,4G
4823,4060,Android,WiFi
4824,4061,Android,WiFi
4825,4061,Android,4G
4826,4062,Android,5G
4827,4063,Web,5G
4828,4064,Android,WiFi
4829,4065,Android,4G
4830,4066,Android,4G
4831,4066,Android,WiFi
4832,4067,Android,5G
4833,4068,Android,5G
4834,4069,iOS,4G
4835,4070,iOS,5G
4836,4071,Android,3G
4837,4072,Android,4G
4838,4073,Android,5G
4839,4073,iOS,4G
4840,4074,Android,4G
4841,4075,Android,5G
4842,4076,Android,4G
4843,4077,Android,WiFi
4844,4078,Android,WiFi
4845,4079,iOS,WiFi
4846,4080,Android,WiFi
4847,4081,Android,5G
4848,4082,iOS,WiFi
4849,4083,Android,WiFi
4850,4084,Android,4G
4851,4085,Android,4G
4852,4086,iOS,4G
4853,4087,Android,WiFi
4854,4088,Android,4G
4855,4089,Web,4G
4856,4090,Android,5G
4857,4091,Android,5G
4858,4092,iOS,WiFi
4859,4093,Android,4G
4860,4094,Android,4G
4861,4095,Android,5G
4862,4096,Android,WiFi
4863,4097,Android,4G
4864,4097,Android,3G
4865,4098,Android,4G
4866,4099,Android,WiFi
4867,4100,Android,4G
4868,4101,Android,5G
4869,4101,Android,5G
4870,4102,Android,4G
4871,4103,Android,5G
4872,4104,Android,WiFi
4873,4105,Android,5G
4874,4105,Android,WiFi
4875,4106,iOS,4G
4876,4107,Android,4G
4877,4108,Android,4G
4878,4109,Android,WiFi
4879,4110,Android,5G
4880,4111,Android,WiFi
4881,4112,Android,WiFi
4882,4113,Android,5G
4883,4114,iOS,4G
4884,4115,Android,WiFi
4885,4116,Web,5G
4886,4117,iOS,WiFi
4887,4118,Android,5G
4888,4119,Android,5G
4889,4120,Android,5G
4890,4121,Android,4G
4891,4121,Web,5G
4892,4122,Android,4G
4893,4123,Android,4G
4894,4124,Android,4G
4895,4125,iOS,5G
4896,4125,Android,5G
4897,4126,Android,5G
4898,4127,Android,4G
4899,4128,Android,4G
4900,4129,Android,4G
4901,4129,Android,5G
4902,4130,Android,4G
4903,4131,Android,4G
4904,4132,Android,5G
4905,4133,Android,4G
4906,4133,Android,5G
4907,4134,Android,WiFi
4908,4134,Android,5G
4909,4135,Android,4G
4910,4136,Android,4G
4911,4137,Android,4G
4912,4138,iOS,4G
4913,4139,Android,5G
4914,4140,Android,4G
4915,4141,iOS,WiFi
4916,4141,Android,WiFi
4917,4142,Android,4G
4918,4143,Android,5G
4919,4144,Android,WiFi
4920,4145,Android,5G
4921,4146,iOS,4G
4922,4147,Android,4G
4923,4148,Android,4G
4924,4149,Web,WiFi
4925,4150,Android,4G
4926,4151,Android,WiFi
4927,4151,Android,WiFi
4928,4152,Android,5G
4929,4153,Android,3G
4930,4154,Android,5G
4931,4155,Android,5G
4932,4156,iOS,5G
4933,4157,iOS,4G
4934,4158,Android,WiFi
4935,4159,Android,4G
4936,4159,Android,5G
4937,4160,Android,3G
4938,4161,Android,4G
4939,4162,iOS,4G
4940,4163,Android,WiFi
4941,4163,Android,4G
4942,4164,Android,4G
4943,4164,Android,WiFi
4944,4165,iOS,5G
4945,4166,iOS,3G
4946,4167,Android,4G
4947,4167,Android,5G
4948,4168,Android,4G
4949,4169,Android,4G
4950,4170,Android,4G
4951,4171,Android,5G
4952,4172,Android,3G
4953,4173,Android,4G
4954,4174,Android,4G
4955,4175,iOS,4G
4956,4176,Android,5G
4957,4177,Android,5G
4958,4178,iOS,4G
4959,4179,Web,4G
4960,4180,Android,4G
4961,4180,Android,4G
4962,4181,iOS,WiFi
4963,4182,Android,4G
4964,4183,Android,5G
4965,4184,iOS,4G
4966,4185,Android,WiFi
4967,4185,Android,4G
4968,4186,Android,WiFi
4969,4187,Android,WiFi
4970,4188,Android,WiFi
4971,4189,Android,4G
4972,4190,Android,4G
4973,4191,Android,4G
4974,4191,Android,5G
4975,4192,Android,5G
4976,4192,Android,5G
4977,4193,Android,4G
4978,4194,Android,WiFi
4979,4195,Android,4G
4980,4196,Android,3G
4981,4196,Android,5G
4982,4197,Android,5G
4983,4198,iOS,5G
4984,4199,Android,4G
4985,4200,Android,5G
4986,4201,Android,4G
4987,4202,Android,3G
4988,4203,Android,5G
4989,4204,Android,4G
4990,4205,Android,5G
4991,4206,Android,4G
4992,4206,Android,WiFi
4993,4207,Android,4G
4994,4208,Android,4G
4995,4208,Android,4G
4996,4209,Web,WiFi
4997,4210,Web,5G
4998,4211,iOS,4G
4999,4212,iOS,4G
5000,4213,Android,4G
5001,4214,iOS,4G
5002,4215,Android,WiFi
5003,4216,iOS,5G
5004,4217,Android,5G
5005,4218,Android,4G
5006,4219,Android,5G
5007,4220,Android,4G
5008,4220,Android,5G
5009,4221,Android,4G
5010,4222,Android,3G
5011,4223,Android,3G
5012,4223,Android,3G
5013,4224,Android,5G
5014,4225,Android,4G
5015,4225,Android,5G
5016,4226,Android,5G
5017,4226,Android,4G
5018,4227,Android,4G
5019,4228,Android,4G
5020,4229,Android,4G
5021,4229,Android,5G
5022,4230,Android,4G
5023,4231,Android,WiFi
5024,4232,iOS,4G
5025,4233,Android,4G
5026,4234,Android,WiFi
5027,4235,Android,5G
5028,4235,Android,4G
5029,4236,Android,5G
5030,4237,Android,5G
5031,4238,iOS,4G
5032,4239,Android,4G
5033,4240,Web,4G
5034,4241,Android,5G
5035,4242,Android,4G
5036,4242,iOS,5G
5037,4243,Android,4G
5038,4244,iOS,4G
5039,4245,Android,5G
5040,4246,iOS,5G
5041,4246,Android,5G
5042,4247,Android,5G
5043,4248,Android,WiFi
5044,4249,iOS,4G
5045,4250,Android,4G
5046,4251,Android,4G
5047,4252,Android,WiFi
5048,4253,Android,WiFi
5049,4254,iOS,WiFi
5050,4255,Android,4G
5051,4256,Android,4G
5052,4256,Android,4G
5053,4257,Android,4G
5054,4258,Android,4G
5055,4259,iOS,4G
5056,4260,Android,5G
5057,4261,Android,WiFi
5058,4261,Android,4G
5059,4262,iOS,4G
5060,4263,Android,WiFi
5061,4264,Android,5G
5062,4265,Android,5G
5063,4266,Android,4G
5064,4267,iOS,WiFi
5065,4268,Android,4G
5066,4269,iOS,4G
5067,4269,Android,4G
5068,4270,iOS,4G
5069,4271,Android,WiFi
5070,4272,Android,WiFi
5071,4273,Android,5G
5072,4274,Android,5G
5073,4274,Android,4G
5074,4275,Android,4G
5075,4276,iOS,5G
5076,4277,Android,5G
5077,4278,Android,4G
5078,4279,Android,5G
5079,4280,Android,WiFi
5080,4281,Android,WiFi
5081,4282,Android,5G
5082,4283,Android,5G
5083,4284,iOS,5G
5084,4284,Android,4G
5085,4285,Android,4G
5086,4286,Android,4G
5087,4287,Android,4G
5088,4288,Android,4G
5089,4288,iOS,5G
5090,4289,Android,5G
5091,4290,iOS,4G
5092,4291,iOS,4G
5093,4292,Android,4G
5094,4292,Android,4G
5095,4293,Android,4G
5096,4294,Android,5G
5097,4295,Android,5G
5098,4296,Android,5G
5099,4297,iOS,WiFi
5100,4297,Android,4G
5101,4298,Android,WiFi
5102,4299,Android,4G
5103,4300,Web,WiFi
5104,4301,Android,WiFi
5105,4302,Android,4G
5106,4302,Android,WiFi
5107,4303,Android,4G
5108,4304,iOS,5G
5109,4305,Android,4G
5110,4306,Android,5G
5111,4307,Android,5G
5112,4308,Android,WiFi
5113,4309,Android,4G
5114,4310,iOS,WiFi
5115,4311,Android,WiFi
5116,4312,Android,4G
5117,4313,Android,5G
5118,4313,Android,5G
5119,4314,iOS,4G
5120,4315,Android,5G
5121,4315,Android,3G
5122,4316,Android,4G
5123,4317,Web,4G
5124,4318,Android,5G
5125,4319,Android,4G
5126,4319,Android,4G
5127,4320,Android,4G
5128,4320,Android,5G
5129,4321,Android,5G
5130,4322,iOS,5G
5131,4323,Android,5G
5132,4324,Android,WiFi
5133,4325,Android,4G
5134,4326,Android,WiFi
5135,4327,Android,4G
5136,4328,iOS,5G
5137,4329,iOS,4G
5138,4330,Android,5G
5139,4331,Android,WiFi
5140,4332,Web,WiFi
5141,4333,Android,5G
5142,4334,iOS,4G
5143,4335,Android,5G
5144,4336,Android,4G
5145,4337,Android,4G
5146,4338,Android,3G
5147,4339,Android,4G
5148,4340,iOS,4G
5149,4341,Android,4G
5150,4342,Android,4G
5151,4343,Android,5G
5152,4344,Android,5G
5153,4345,iOS,5G
5154,4346,Android,4G
5155,4347,Android,4G
5156,4347,Android,4G
5157,4348,iOS,4G
5158,4349,Android,4G
5159,4350,Android,5G
5160,4351,iOS,5G
5161,4352,Android,5G
5162,4353,Android,5G
5163,4353,Android,4G
5164,4354,Android,5G
5165,4354,iOS,4G
5166,4355,Android,5G
5167,4356,iOS,5G
5168,4357,iOS,4G
5169,4358,Android,4G
5170,4359,Android,4G
5171,4360,Android,4G
5172,4361,Android,4G
5173,4361,Android,WiFi
5174,4362,Android,WiFi
5175,4363,Android,WiFi
5176,4364,Android,WiFi
5177,4365,iOS,5G
5178,4365,Android,5G
5179,4366,iOS,4G
5180,4366,Android,4G
5181,4367,Android,5G
5182,4368,Android,4G
5183,4369,iOS,5G
5184,4369,Android,5G
5185,4370,Android,4G
5186,4371,Android,4G
5187,4372,Android,4G
5188,4373,Android,4G
5189,4374,iOS,WiFi
5190,4375,Android,5G
5191,4376,Android,WiFi
5192,4377,Android,WiFi
5193,4378,Android,4G
5194,4379,Android,4G
5195,4380,Android,4G
5196,4381,Android,5G
5197,4382,Android,5G
5198,4383,Android,WiFi
5199,4384,Android,4G
5200,4385,Android,5G
5201,4386,Android,5G
5202,4387,Android,4G
5203,4388,iOS,3G
5204,4389,Web,4G
5205,4390,Android,WiFi
5206,4391,Android,5G
5207,4392,iOS,5G
5208,4393,Android,4G
5209,4394,Android,4G
5210,4395,Android,5G
5211,4396,Android,4G
5212,4397,Android,WiFi
5213,4398,Android,WiFi
5214,4399,Android,4G
5215,4400,Android,4G
5216,4401,iOS,4G
5217,4402,Android,4G
5218,4403,Android,4G
5219,4403,Android,4G
5220,4404,iOS,5G
5221,4405,Android,4G
5222,4406,Android,4G
5223,4406,Android,4G
5224,4407,Android,3G
5225,4408,Android,4G
5226,4409,Android,4G
5227,4410,Android,WiFi
5228,4411,Android,4G
5229,4412,iOS,4G
5230,4413,Android,WiFi
5231,4414,Android,5G
5232,4415,Android,5G
5233,4416,Android,4G
5234,4417,iOS,WiFi
5235,4418,Android,3G
5236,4419,Android,4G
5237,4420,iOS,4G
5238,4421,Android,5G
5239,4422,iOS,5G
5240,4423,Android,4G
5241,4424,iOS,5G
5242,4425,Android,4G
5243,4426,iOS,4G
5244,4427,iOS,5G
5245,4428,Android,4G
5246,4429,Android,5G
5247,4430,iOS,5G
5248,4431,Android,5G
5249,4431,iOS,4G
5250,4432,iOS,4G
5251,4433,Android,WiFi
5252,4434,Android,4G
5253,4434,iOS,5G
5254,4435,Android,5G
5255,4435,Android,4G
5256,4436,Web,3G
5257,4437,Android,5G
5258,4438,Android,4G
5259,4439,Android,5G
5260,4440,Android,5G
5261,4441,Android,4G
5262,4442,Android,WiFi
5263,4443,Android,WiFi
5264,4444,Android,5G
5265,4445,Android,5G
5266,4445,Android,4G
5267,4446,Android,5G
5268,4447,Android,WiFi
5269,4448,Android,4G
5270,4449,Android,4G
5271,4450,Android,4G
5272,4451,Android,5G
5273,4452,Android,4G
5274,4453,Android,WiFi
5275,4453,Android,4G
5276,4454,Android,WiFi
5277,4454,Android,WiFi
5278,4455,iOS,5G
5279,4456,Android,5G
5280,4457,iOS,WiFi
5281,4458,iOS,4G
5282,4458,iOS,5G
5283,4459,Android,4G
5284,4460,iOS,3G
5285,4460,Android,WiFi
5286,4461,Android,5G
5287,4462,Android,4G
5288,4463,Android,4G
5289,4463,iOS,4G
5290,4464,Android,WiFi
5291,4465,Android,WiFi
5292,4465,Android,WiFi
5293,4466,Android,4G
5294,4467,Android,4G
5295,4468,iOS,5G
5296,4468,Android,4G
5297,4469,Android,WiFi
5298,4469,iOS,3G
5299,4470,iOS,5G
5300,4471,Android,WiFi
5301,4472,Android,5G
5302,4473,iOS,WiFi
5303,4474,Android,WiFi
5304,4475,Android,4G
5305,4476,Android,4G
5306,4477,Android,5G
5307,4478,iOS,5G
5308,4479,Android,4G
5309,4480,Android,5G
5310,4481,Android,5G
5311,4482,Android,4G
5312,4483,iOS,4G
5313,4484,iOS,4G
5314,4485,iOS,4G
5315,4486,Android,WiFi
5316,4487,Android,4G
5317,4488,Android,4G
5318,4489,Android,WiFi
5319,4489,Android,4G
5320,4490,iOS,5G
5321,4490,iOS,4G
5322,4491,Android,5G
5323,4492,Android,4G
5324,4492,Web,4G
5325,4493,Android,4G
5326,4494,Android,4G
5327,4495,Android,3G
5328,4496,Android,5G
5329,4497,Android,4G
5330,4498,Android,4G
5331,4499,Android,5G
5332,4500,Android,WiFi
5333,4501,iOS,5G
5334,4502,Android,5G
5335,4503,Android,4G
5336,4504,Android,4G
5337,4505,Android,WiFi
5338,4506,Android,WiFi
5339,4507,Android,WiFi
5340,4508,Android,4G
5341,4509,Android,WiFi
5342,4510,Android,4G
5343,4511,Web,5G
5344,4511,Android,4G
5345,4512,Android,4G
5346,4513,Android,4G
5347,4514,iOS,4G
5348,4515,Android,5G
5349,4516,iOS,5G
5350,4517,Android,5G
5351,4517,iOS,4G
5352,4518,Android,4G
5353,4519,Android,WiFi
5354,4520,Android,4G
5355,4521,iOS,4G
5356,4522,Android,5G
5357,4523,Android,4G
5358,4524,iOS,4G
5359,4525,iOS,4G
5360,4526,Android,5G
5361,4527,Android,5G
5362,4528,iOS,4G
5363,4529,Android,4G
5364,4530,Android,5G
5365,4531,Android,5G
5366,4531,iOS,WiFi
5367,4532,Android,WiFi
5368,4533,Android,4G
5369,4534,Android,5G
5370,4535,iOS,5G
5371,4536,Android,4G
5372,4537,Web,5G
5373,4538,Android,4G
5374,4539,Android,5G
5375,4540,Android,5G
5376,4541,Android,4G
5377,4542,Android,5G
5378,4543,Android,4G
5379,4544,Android,5G
5380,4544,iOS,4G
5381,4545,Android,WiFi
5382,4546,iOS,WiFi
5383,4547,Android,4G
5384,4548,Android,5G
5385,4549,Android,WiFi
5386,4549,Android,4G
5387,4550,Android,4G
5388,4551,Android,3G
5389,4552,Android,WiFi
5390,4553,iOS,WiFi
5391,4554,Android,4G
5392,4554,Android,4G
5393,4555,Android,4G
5394,4556,Android,3G
5395,4557,Android,4G
5396,4557,Android,5G
5397,4558,Android,5G
5398,4558,Web,WiFi
5399,4559,Android,4G
5400,4559,Android,4G
5401,4560,Android,4G
5402,4560,Android,4G
5403,4561,Android,5G
5404,4561,iOS,WiFi
5405,4562,iOS,5G
5406,4563,Android,4G
5407,4564,Android,5G
5408,4565,Android,4G
5409,4566,Android,WiFi
5410,4567,Android,5G
5411,4568,Android,4G
5412,4569,Android,WiFi
5413,4570,Android,4G
5414,4571,iOS,WiFi
5415,4572,Android,3G
5416,4573,Android,5G
5417,4574,Android,WiFi
5418,4575,Android,4G
5419,4576,Android,5G
5420,4577,iOS,5G
5421,4578,Android,4G
5422,4579,Android,WiFi
5423,4580,Android,4G
5424,4581,Android,5G
5425,4582,iOS,4G
5426,4583,Android,5G
5427,4583,Android,5G
5428,4584,Android,WiFi
5429,4585,Android,4G
5430,4586,Android,5G
5431,4587,Android,4G
5432,4588,Android,4G
5433,4589,Android,5G
5434,4590,Android,5G
5435,4591,Android,4G
5436,4592,Android,5G
5437,4593,Android,WiFi
5438,4594,Android,5G
5439,4595,iOS,WiFi
5440,4596,iOS,4G
5441,4597,iOS,5G
5442,4598,Android,4G
5443,4598,iOS,WiFi
5444,4599,iOS,4G
5445,4600,Android,WiFi
5446,4601,Android,4G
5447,4602,Android,4G
5448,4603,Android,WiFi
5449,4603,Android,WiFi
5450,4604,Android,4G
5451,4604,Android,4G
5452,4605,Android,WiFi
5453,4606,iOS,WiFi
5454,4607,Android,4G
5455,4607,iOS,WiFi
5456,4608,Android,4G
5457,4609,Android,WiFi
5458,4610,Android,4G
5459,4611,Android,5G
5460,4612,Android,4G
5461,4613,Android,5G
5462,4614,Android,WiFi
5463,4614,Android,5G
5464,4615,Android,4G
5465,4616,iOS,4G
5466,4616,Android,5G
5467,4617,Android,WiFi
5468,4618,iOS,4G
5469,4618,iOS,4G
5470,4619,Android,5G
5471,4620,iOS,3G
5472,4621,Android,4G
5473,4622,Android,5G
5474,4623,Android,4G
5475,4623,Android,4G
5476,4624,Android,WiFi
5477,4625,Android,4G
5478,4625,Android,5G
5479,4626,Android,5G
5480,4627,Android,5G
5481,4628,Android,4G
5482,4629,Android,WiFi
5483,4630,Android,5G
5484,4631,iOS,5G
5485,4632,Android,5G
5486,4633,Android,4G
5487,4634,iOS,4G
5488,4635,Android,WiFi
5489,4636,Android,4G
5490,4637,Android,5G
5491,4638,Android,4G
5492,4639,iOS,4G
5493,4640,Android,WiFi
5494,4641,Android,5G
5495,4642,Android,WiFi
5496,4643,Android,WiFi
5497,4644,Android,5G
5498,4644,Android,4G
5499,4645,Android,3G
5500,4646,Android,4G
5501,4646,Android,5G
5502,4647,Android,WiFi
5503,4648,Android,4G
5504,4649,Android,WiFi
5505,4650,Android,4G
5506,4650,Android,4G
5507,4651,Android,4G
5508,4652,iOS,4G
5509,4653,iOS,4G
5510,4654,iOS,5G
5511,4654,Android,4G
5512,4655,Android,WiFi
5513,4656,Android,4G
5514,4657,Android,5G
5515,4658,Android,4G
5516,4659,Android,4G
5517,4660,Android,3G
5518,4661,Android,5G
5519,4662,Android,WiFi
5520,4663,Android,5G
5521,4664,Android,WiFi
5522,4665,iOS,5G
5523,4666,Android,5G
5524,4667,iOS,4G
5525,4668,Android,5G
5526,4669,Android,WiFi
5527,4670,Android,WiFi
5528,4671,Android,4G
5529,4671,Android,3G
5530,4672,Android,4G
5531,4673,Android,5G
5532,4674,Android,4G
5533,4674,Android,5G
5534,4675,Android,4G
5535,4676,Android,4G
5536,4677,Android,5G
5537,4678,iOS,4G
5538,4679,Android,4G
5539,4680,iOS,3G
5540,4681,Android,4G
5541,4682,Web,4G
5542,4683,iOS,5G
5543,4684,iOS,5G
5544,4685,Android,4G
5545,4686,iOS,4G
5546,4686,Android,4G
5547,4687,Android,5G
5548,4688,Android,5G
5549,4689,Android,5G
5550,4690,Android,3G
5551,4691,Android,WiFi
5552,4692,Android,4G
5553,4693,Android,5G
5554,4694,Android,WiFi
5555,4695,iOS,4G
5556,4696,iOS,4G
5557,4697,Android,4G
5558,4698,Android,5G
5559,4699,Android,5G
5560,4700,Android,5G
5561,4701,iOS,WiFi
5562,4702,Android,5G
5563,4703,iOS,WiFi
5564,4704,Android,WiFi
5565,4705,iOS,4G
5566,4706,Android,5G
5567,4707,Android,WiFi
5568,4708,Android,4G
5569,4709,Android,5G
5570,4710,Android,WiFi
5571,4711,iOS,5G
5572,4712,Android,5G
5573,4712,Android,5G
5574,4713,iOS,5G
5575,4713,Android,4G
5576,4714,Android,4G
5577,4715,iOS,4G
5578,4716,Android,5G
5579,4716,Android,5G
5580,4717,Android,4G
5581,4718,Android,WiFi
5582,4719,Android,5G
5583,4720,iOS,WiFi
5584,4721,Android,4G
5585,4722,Android,5G
5586,4723,Android,4G
5587,4724,iOS,4G
5588,4724,Android,4G
5589,4725,Android,5G
5590,4726,Android,WiFi
5591,4727,Android,5G
5592,4727,iOS,5G
5593,4728,Android,4G
5594,4729,Android,5G
5595,4730,Android,5G
5596,4730,Android,4G
5597,4731,Android,3G
5598,4732,Android,4G
5599,4733,Android,5G
5600,4734,Android,WiFi
5601,4735,Android,5G
5602,4736,Android,4G
5603,4737,iOS,5G
5604,4738,Web,5G
5605,4739,iOS,4G
5606,4740,Android,4G
5607,4741,Android,WiFi
5608,4742,iOS,WiFi
5609,4743,Android,4G
5610,4744,Android,4G
5611,4745,Android,5G
5612,4746,Android,WiFi
5613,4746,Android,5G
5614,4747,Android,4G
5615,4748,Android,5G
5616,4749,Android,3G
5617,4750,iOS,5G
5618,4751,Android,WiFi
5619,4751,Android,WiFi
5620,4752,iOS,4G
5621,4753,Android,5G
5622,4754,iOS,WiFi
5623,4755,Android,5G
5624,4756,Android,4G
5625,4757,Android,4G
5626,4758,Android,4G
5627,4759,Android,WiFi
5628,4760,Android,4G
5629,4760,Android,5G
5630,4761,iOS,4G
5631,4762,Android,5G
5632,4763,iOS,4G
5633,4764,Android,WiFi
5634,4765,Android,WiFi
5635,4766,Android,5G
5636,4767,Android,4G
5637,4768,Android,5G
5638,4769,iOS,5G
5639,4770,Android,WiFi
5640,4770,Android,5G
5641,4771,Android,4G
5642,4771,Android,5G
5643,4772,Android,5G
5644,4773,Android,WiFi
5645,4774,Android,5G
5646,4775,iOS,4G
5647,4776,Android,WiFi
5648,4776,Android,4G
5649,4777,Android,4G
5650,4778,Android,4G
5651,4779,Android,5G
5652,4780,Android,5G
5653,4781,Android,4G
5654,4782,iOS,4G
5655,4783,Android,5G
5656,4784,iOS,5G
5657,4785,Android,WiFi
5658,4786,Android,4G
5659,4787,Android,5G
5660,4788,Android,5G
5661,4789,Android,4G
5662,4790,iOS,WiFi
5663,4791,iOS,4G
5664,4792,Android,5G
5665,4793,Android,5G
5666,4794,Android,WiFi
5667,4795,Android,5G
5668,4796,Android,WiFi
5669,4797,Android,4G
5670,4798,Android,4G
5671,4799,iOS,WiFi
5672,4800,Web,5G
5673,4801,Android,4G
5674,4802,iOS,5G
5675,4802,Android,5G
5676,4803,Android,5G
5677,4804,Android,4G
5678,4805,Android,4G
5679,4805,Android,4G
5680,4806,Android,5G
5681,4807,iOS,4G
5682,4807,Android,4G
5683,4808,Android,WiFi
5684,4809,Android,5G
5685,4810,iOS,WiFi
5686,4811,Android,WiFi
5687,4812,Android,4G
5688,4813,Android,5G
5689,4813,Android,WiFi
5690,4814,Android,5G
5691,4815,Android,5G
5692,4816,Android,5G
5693,4817,Android,5G
5694,4818,iOS,4G
5695,4819,Android,WiFi
5696,4819,Android,5G
5697,4820,Android,5G
5698,4821,Android,5G
5699,4822,iOS,WiFi
5700,4823,Android,5G
5701,4824,Android,5G
5702,4825,iOS,5G
5703,4825,Android,WiFi
5704,4826,Android,4G
5705,4827,Android,5G
5706,4828,Android,4G
5707,4828,Android,4G
5708,4829,Android,5G
5709,4830,Android,4G
5710,4831,Android,4G
5711,4831,Android,5G
5712,4832,Android,4G
5713,4833,Android,4G
5714,4834,Android,4G
5715,4835,Android,4G
5716,4836,Android,4G
5717,4837,Android,4G
5718,4838,Android,4G
5719,4839,Android,5G
5720,4840,Android,4G
5721,4841,Android,4G
5722,4841,Web,WiFi
5723,4842,Android,5G
5724,4843,Android,4G
5725,4844,Android,4G
5726,4845,Android,WiFi
5727,4845,iOS,WiFi
5728,4846,Android,4G
5729,4847,iOS,5G
5730,4848,Android,4G
5731,4849,Android,4G
5732,4850,Android,5G
5733,4851,Android,4G
5734,4852,Android,4G
5735,4853,Android,4G
5736,4854,Android,4G
5737,4855,iOS,4G
5738,4856,iOS,5G
5739,4857,Android,5G
5740,4858,Android,4G
5741,4859,Android,5G
5742,4860,Android,5G
5743,4861,iOS,WiFi
5744,4862,Android,5G
5745,4863,iOS,4G
5746,4864,Android,WiFi
5747,4864,iOS,5G
5748,4865,Android,4G
5749,4866,iOS,4G
5750,4867,Android,4G
5751,4868,Android,5G
5752,4869,Android,5G
5753,4869,Android,4G
5754,4870,Android,WiFi
5755,4871,iOS,5G
5756,4872,Android,4G
5757,4873,Android,5G
5758,4874,Android,4G
5759,4875,Android,4G
5760,4876,Android,WiFi
5761,4877,Android,4G
5762,4878,Android,WiFi
5763,4878,iOS,4G
5764,4879,Web,3G
5765,4880,Android,5G
5766,4881,Android,5G
5767,4882,Android,5G
5768,4883,iOS,5G
5769,4883,Android,4G
5770,4884,Android,WiFi
5771,4885,Android,4G
5772,4886,Android,4G
5773,4887,Android,5G
5774,4888,Android,3G
5775,4889,Android,4G
5776,4890,Android,4G
5777,4891,Android,5G
5778,4892,iOS,5G
5779,4893,Android,WiFi
5780,4894,Android,4G
5781,4895,Web,4G
5782,4896,Android,4G
5783,4897,Android,3G
5784,4898,Android,WiFi
5785,4899,Android,WiFi
5786,4900,Android,5G
5787,4901,iOS,WiFi
5788,4901,Android,4G
5789,4902,iOS,5G
5790,4903,Android,3G
5791,4904,Android,5G
5792,4905,Android,5G
5793,4906,Android,4G
5794,4906,Android,3G
5795,4907,Android,5G
5796,4908,Android,WiFi
5797,4909,Android,5G
5798,4910,Android,5G
5799,4911,iOS,4G
5800,4911,Android,4G
5801,4912,Android,5G
5802,4913,iOS,5G
5803,4914,Android,4G
5804,4915,Android,4G
5805,4916,iOS,4G
5806,4917,Web,5G
5807,4918,Android,4G
5808,4919,Web,WiFi
5809,4920,iOS,4G
5810,4921,Android,4G
5811,4922,Android,4G
5812,4923,Android,WiFi
5813,4924,Android,4G
5814,4925,Android,5G
5815,4925,Android,4G
5816,4926,iOS,4G
5817,4927,Android,4G
5818,4928,Android,4G
5819,4928,Android,5G
5820,4929,Android,WiFi
5821,4930,Android,WiFi
5822,4931,Android,5G
5823,4932,Android,4G
5824,4933,iOS,4G
5825,4933,Android,4G
5826,4934,iOS,4G
5827,4935,Web,4G
5828,4936,Android,5G
5829,4937,Android,4G
5830,4937,Android,4G
5831,4938,iOS,WiFi
5832,4938,Android,4G
5833,4939,Android,4G
5834,4940,Android,5G
5835,4941,Android,WiFi
5836,4942,Android,5G
5837,4943,Android,4G
5838,4944,Android,5G
5839,4945,Android,WiFi
5840,4946,iOS,5G
5841,4947,Web,5G
5842,4948,iOS,4G
5843,4949,Android,4G
5844,4950,Android,5G
5845,4951,Android,5G
5846,4952,Android,4G
5847,4953,Android,4G
5848,4953,Android,5G
5849,4954,iOS,4G
5850,4955,iOS,4G
5851,4956,iOS,5G
5852,4956,iOS,4G
5853,4957,Android,WiFi
5854,4958,Android,WiFi
5855,4959,Android,5G
5856,4960,Android,5G
5857,4961,Android,5G
5858,4962,Android,5G
5859,4963,iOS,5G
5860,4963,Android,4G
5861,4964,Android,4G
5862,4965,Android,4G
5863,4966,Android,5G
5864,4967,Android,4G
5865,4968,Android,4G
5866,4969,Android,5G
5867,4970,Android,4G
5868,4971,Android,4G
5869,4972,Android,5G
5870,4973,Android,5G
5871,4973,Android,4G
5872,4974,iOS,WiFi
5873,4975,Android,3G
5874,4976,Android,3G
5875,4977,iOS,4G
5876,4978,Android,5G
5877,4979,Android,4G
5878,4980,Android,WiFi
5879,4981,Android,WiFi
5880,4982,iOS,4G
5881,4982,Android,3G
5882,4983,Android,5G
5883,4984,Android,5G
5884,4984,Android,WiFi
5885,4985,iOS,4G
5886,4986,Android,WiFi
5887,4987,iOS,5G
5888,4987,Android,4G
5889,4988,Android,4G
5890,4989,Android,4G
5891,4990,Android,4G
5892,4991,Android,4G
5893,4991,Android,WiFi
5894,4992,Android,4G
5895,4993,Android,5G
5896,4994,iOS,4G
5897,4994,Android,5G
5898,4995,Android,4G
5899,4995,Android,3G
5900,4996,Android,4G
5901,4997,Android,4G
5902,4998,Android,WiFi
5903,4999,Android,4G
5904,4999,Android,4G
5905,5000,Android,3G
5906,5001,Android,4G
5907,5002,Android,4G
5908,5002,Android,4G
5909,5003,Android,5G
5910,5004,Android,4G
5911,5004,Android,4G
5912,5005,Android,4G
5913,5006,Android,4G
5914,5007,Android,4G
5915,5008,Android,WiFi
5916,5009,Android,4G
5917,5009,Android,5G
5918,5010,Android,5G
5919,5011,Android,5G
5920,5012,Android,5G
5921,5012,Android,4G
5922,5013,Android,3G
5923,5014,Android,4G
5924,5014,iOS,4G
5925,5015,Android,WiFi
5926,5016,Android,5G
5927,5016,iOS,5G
5928,5017,iOS,3G
5929,5018,Android,4G
5930,5019,Android,4G
5931,5020,Android,WiFi
5932,5021,Android,4G
5933,5022,iOS,5G
5934,5023,Android,WiFi
5935,5024,Android,5G
5936,5024,Android,WiFi
5937,5025,Android,5G
5938,5026,iOS,4G
5939,5026,Android,4G
5940,5027,Android,5G
5941,5028,iOS,4G
5942,5028,Android,4G
5943,5029,Android,WiFi
5944,5030,Android,3G
5945,5031,Web,5G
5946,5032,Android,WiFi
5947,5033,Android,4G
5948,5034,Android,4G
5949,5035,Android,4G
5950,5035,Android,5G
5951,5036,Android,4G
5952,5037,iOS,WiFi
5953,5037,iOS,WiFi
5954,5038,Android,5G
5955,5038,Android,5G
5956,5039,iOS,5G
5957,5040,Android,5G
5958,5041,Android,5G
5959,5042,Android,4G
5960,5043,Web,4G
5961,5044,Android,WiFi
5962,5045,Android,4G
5963,5045,iOS,4G
5964,5046,Android,4G
5965,5046,Android,WiFi
5966,5047,Android,4G
5967,5048,Android,4G
5968,5049,iOS,WiFi
5969,5049,Android,WiFi
5970,5050,Android,WiFi
5971,5051,Android,4G
5972,5052,Android,5G
5973,5052,Android,4G
5974,5053,iOS,5G
5975,5053,Android,4G
5976,5054,Android,WiFi
5977,5055,Android,5G
5978,5056,Android,WiFi
5979,5057,Android,WiFi
5980,5057,Android,4G
5981,5058,Android,4G
5982,5059,Android,4G
5983,5060,Android,5G
5984,5061,Android,4G
5985,5061,Android,4G
5986,5062,Android,4G
5987,5063,Android,4G
5988,5063,iOS,WiFi
5989,5064,iOS,4G
5990,5065,Android,5G
5991,5066,Android,4G
5992,5067,Android,WiFi
5993,5068,Android,5G
5994,5068,iOS,WiFi
5995,5069,Android,WiFi
5996,5069,Android,4G
5997,5070,Android,4G
5998,5070,Android,4G
5999,5071,Android,4G
6000,5072,Android,5G
6001,5072,Android,5G
6002,5073,Android,4G
6003,5074,Android,WiFi
6004,5075,Android,5G
6005,5076,iOS,3G
6006,5077,Android,4G
6007,5078,iOS,4G
6008,5079,Android,WiFi
6009,5080,iOS,WiFi
6010,5081,iOS,5G
6011,5082,Android,4G
6012,5083,Android,5G
6013,5084,Android,WiFi
6014,5085,Android,5G
6015,5086,Android,3G
6016,5087,Android,WiFi
6017,5088,Android,4G
6018,5089,Android,5G
6019,5089,iOS,5G
6020,5090,Android,4G
6021,5091,Android,WiFi
6022,5092,Android,4G
6023,5093,iOS,4G
6024,5094,Android,4G
6025,5095,Android,3G
6026,5096,Android,3G
6027,5097,Android,5G
6028,5098,Android,4G
6029,5099,Android,4G
6030,5099,Android,5G
6031,5100,Android,5G
6032,5101,Android,4G
6033,5102,Android,4G
6034,5103,Android,4G
6035,5103,Android,4G
6036,5104,iOS,4G
6037,5105,Android,5G
6038,5105,Android,5G
6039,5106,iOS,WiFi
6040,5106,Android,WiFi
6041,5107,Android,5G
6042,5108,Android,4G
6043,5108,iOS,4G
6044,5109,Web,WiFi
6045,5110,iOS,4G
6046,5111,iOS,4G
6047,5111,Android,4G
6048,5112,iOS,4G
6049,5113,Android,5G
6050,5114,iOS,4G
6051,5115,iOS,4G
6052,5116,Android,5G
6053,5117,Android,5G
6054,5118,Android,5G
6055,5119,iOS,5G
6056,5120,Android,5G
6057,5121,Android,WiFi
6058,5121,Android,4G
6059,5122,iOS,4G
6060,5123,Android,3G
6061,5124,iOS,5G
6062,5125,Android,5G
6063,5126,iOS,5G
6064,5127,Android,4G
6065,5127,iOS,5G
6066,5128,Android,5G
6067,5128,iOS,WiFi
6068,5129,Android,4G
6069,5130,Android,WiFi
6070,5131,Android,4G
6071,5131,iOS,5G
6072,5132,Android,4G
6073,5133,Android,4G
6074,5134,Android,4G
6075,5135,Android,WiFi
6076,5136,Android,4G
6077,5137,Android,5G
6078,5138,iOS,5G
6079,5139,Android,4G
6080,5140,Android,5G
6081,5141,Android,4G
6082,5141,Android,3G
6083,5142,Android,4G
6084,5143,Android,5G
6085,5144,Android,WiFi
6086,5145,Android,4G
6087,5146,iOS,5G
6088,5147,Android,4G
6089,5148,Android,4G
6090,5148,Android,WiFi
6091,5149,Android,WiFi
6092,5150,Android,5G
6093,5151,Android,4G
6094,5152,Android,4G
6095,5153,Android,4G
6096,5154,Android,5G
6097,5155,Android,4G
6098,5156,Android,WiFi
6099,5157,Android,5G
6100,5158,Android,WiFi
6101,5159,Android,4G
6102,5159,Android,4G
6103,5160,Android,WiFi
6104,5161,Android,WiFi
6105,5161,Android,4G
6106,5162,Android,4G
6107,5163,Android,4G
6108,5164,Android,4G
6109,5165,Android,4G
6110,5166,Android,WiFi
6111,5167,Android,4G
6112,5168,Android,4G
6113,5169,Android,4G
6114,5169,Android,WiFi
6115,5170,Android,4G
6116,5171,Android,5G
6117,5172,Android,4G
6118,5173,Android,4G
6119,5173,Android,4G
6120,5174,Android,4G
6121,5175,iOS,3G
6122,5175,Web,4G
6123,5176,Android,4G
6124,5177,Android,5G
6125,5178,Android,5G
6126,5179,Android,5G
6127,5179,Android,4G
6128,5180,Android,4G
6129,5181,Android,4G
6130,5182,Android,4G
6131,5183,Android,4G
6132,5184,Android,4G
6133,5185,Android,WiFi
6134,5186,Android,4G
6135,5187,Android,4G
6136,5188,iOS,5G
6137,5189,Android,WiFi
6138,5190,Android,5G
6139,5191,Android,4G
6140,5192,Android,4G
6141,5193,iOS,5G
6142,5193,iOS,WiFi
6143,5194,Android,4G
6144,5195,Android,WiFi
6145,5196,Android,4G
6146,5197,Android,WiFi
6147,5198,Android,5G
6148,5199,Android,4G
6149,5199,Android,5G
6150,5200,Web,WiFi
6151,5201,Android,4G
6152,5202,Android,WiFi
6153,5203,Android,5G
6154,5204,Android,4G
6155,5205,Android,WiFi
6156,5206,Android,4G
6157,5207,Android,4G
6158,5208,Android,5G
6159,5209,Android,4G
6160,5210,iOS,5G
6161,5211,iOS,4G
6162,5212,Android,WiFi
6163,5212,Android,5G
6164,5213,Android,WiFi
6165,5214,Android,4G
6166,5215,Android,5G
6167,5216,Android,WiFi
6168,5216,Android,4G
6169,5217,Android,4G
6170,5218,Android,WiFi
6171,5219,iOS,5G
6172,5220,Android,4G
6173,5220,Android,4G
6174,5221,Android,4G
6175,5221,Android,4G
6176,5222,Android,4G
6177,5223,Android,5G
6178,5224,Android,4G
6179,5224,Android,5G
6180,5225,Android,WiFi
6181,5226,Android,4G
6182,5227,Android,4G
6183,5228,Android,WiFi
6184,5228,Android,4G
6185,5229,Android,4G
6186,5230,Android,4G
6187,5231,Android,5G
6188,5232,Android,5G
6189,5233,iOS,3G
6190,5233,Android,WiFi
6191,5234,Android,WiFi
6192,5235,Android,5G
6193,5235,Android,3G
6194,5236,Android,4G
6195,5237,Android,4G
6196,5238,Android,WiFi
6197,5238,Android,WiFi
6198,5239,Android,4G
6199,5240,Android,5G
6200,5241,Android,5G
6201,5241,Android,4G
6202,5242,iOS,4G
6203,5243,Android,WiFi
6204,5244,Android,4G
6205,5245,Android,4G
6206,5246,Android,WiFi
6207,5247,Android,4G
6208,5248,Android,4G
6209,5249,iOS,4G
6210,5249,Android,WiFi
6211,5250,Android,4G
6212,5250,Android,5G
6213,5251,Android,5G
6214,5252,iOS,5G
6215,5252,Android,4G
6216,5253,Android,4G
6217,5254,Android,3G
6218,5255,Android,5G
6219,5256,Android,WiFi
6220,5256,Android,4G
6221,5257,iOS,4G
6222,5258,Android,5G
6223,5259,Android,4G
6224,5260,Android,4G
6225,5261,iOS,WiFi
6226,5262,Android,5G
6227,5263,Android,4G
6228,5264,Android,4G
6229,5265,Android,4G
6230,5266,Android,5G
6231,5267,Android,WiFi
6232,5268,Android,5G
6233,5269,Web,5G
6234,5270,Android,4G
6235,5270,Android,WiFi
6236,5271,Android,5G
6237,5272,Android,5G
6238,5272,Android,5G
6239,5273,Android,4G
6240,5273,Android,5G
6241,5274,iOS,WiFi
6242,5274,Android,5G
6243,5275,Android,WiFi
6244,5276,iOS,WiFi
6245,5277,Android,5G
6246,5278,Android,4G
6247,5279,iOS,4G
6248,5280,iOS,WiFi
6249,5281,iOS,4G
6250,5282,Android,WiFi
6251,5283,iOS,4G
6252,5284,iOS,5G
6253,5285,Android,5G
6254,5285,iOS,WiFi
6255,5286,Android,4G
6256,5287,Android,WiFi
6257,5288,iOS,4G
6258,5289,Android,4G
6259,5290,Android,5G
6260,5290,Android,4G
6261,5291,Android,WiFi
6262,5292,Android,4G
6263,5293,Android,5G
6264,5294,Android,5G
6265,5295,Android,WiFi
6266,5296,iOS,WiFi
6267,5297,Android,WiFi
6268,5297,Android,4G
6269,5298,Android,4G
6270,5299,Android,5G
6271,5300,Android,4G
6272,5301,iOS,4G
6273,5302,iOS,4G
6274,5303,Android,4G
6275,5304,Android,WiFi
6276,5305,Android,5G
6277,5306,iOS,4G
6278,5307,Android,WiFi
6279,5308,Android,WiFi
6280,5309,Android,WiFi
6281,5310,Android,4G
6282,5311,iOS,5G
6283,5312,Android,4G
6284,5313,Android,4G
6285,5314,Android,5G
6286,5314,Android,4G
6287,5315,iOS,WiFi
6288,5316,Android,3G
6289,5317,Android,4G
6290,5318,Android,5G
6291,5319,Android,WiFi
6292,5319,Android,5G
6293,5320,Android,5G
6294,5321,Android,WiFi
6295,5322,iOS,WiFi
6296,5322,Android,3G
6297,5323,Android,WiFi
6298,5324,Android,WiFi
6299,5325,iOS,4G
6300,5326,Android,WiFi
6301,5327,Android,3G
6302,5328,Android,4G
6303,5328,Android,4G
6304,5329,iOS,WiFi
6305,5330,Android,4G
6306,5330,iOS,4G
6307,5331,iOS,5G
6308,5331,Android,4G
6309,5332,Android,4G
6310,5333,Android,5G
6311,5333,iOS,5G
6312,5334,Android,WiFi
6313,5335,iOS,4G
6314,5335,Android,WiFi
6315,5336,Android,WiFi
6316,5337,Android,WiFi
6317,5338,Android,WiFi
6318,5339,Android,WiFi
6319,5339,Android,5G
6320,5340,Android,4G
6321,5341,Android,WiFi
6322,5342,Android,WiFi
6323,5343,iOS,4G
6324,5343,iOS,4G
6325,5344,Android,5G
6326,5345,Android,4G
6327,5346,Android,WiFi
6328,5347,Android,4G
6329,5347,Android,3G
6330,5348,Android,4G
6331,5348,Android,5G
6332,5349,iOS,4G
6333,5349,Android,4G
6334,5350,iOS,4G
6335,5351,Android,WiFi
6336,5352,Web,WiFi
6337,5353,iOS,4G
6338,5354,Android,4G
6339,5355,iOS,5G
6340,5356,Android,4G
6341,5357,Android,WiFi
6342,5357,iOS,4G
6343,5358,Android,4G
6344,5359,Android,5G
6345,5360,iOS,5G
6346,5360,Android,5G
6347,5361,Android,4G
6348,5361,Android,5G
6349,5362,Android,WiFi
6350,5362,Android,5G
6351,5363,iOS,4G
6352,5363,Android,4G
6353,5364,Android,4G
6354,5365,Android,4G
6355,5365,Android,5G
6356,5366,Android,5G
6357,5367,Android,4G
6358,5368,Android,4G
6359,5369,iOS,3G
6360,5369,Android,5G
6361,5370,Android,3G
6362,5371,Android,4G
6363,5372,Android,5G
6364,5373,Android,5G
6365,5374,Android,WiFi
6366,5375,Android,4G
6367,5376,Android,WiFi
6368,5377,Android,4G
6369,5378,Android,4G
6370,5378,Android,WiFi
6371,5379,Android,5G
6372,5380,Android,4G
6373,5381,Android,4G
6374,5382,Android,WiFi
6375,5383,Android,WiFi
6376,5384,Android,4G
6377,5385,iOS,5G
6378,5386,iOS,4G
6379,5387,Android,4G
6380,5388,iOS,4G
6381,5389,Android,5G
6382,5390,Android,3G
6383,5391,iOS,5G
6384,5392,Android,4G
6385,5393,Android,4G
6386,5394,Android,WiFi
6387,5395,Android,WiFi
6388,5396,Android,4G
6389,5397,Android,4G
6390,5398,Android,4G
6391,5399,iOS,5G
6392,5399,Android,WiFi
6393,5400,Android,WiFi
6394,5401,Android,5G
6395,5401,Android,5G
6396,5402,iOS,WiFi
6397,5402,Android,4G
6398,5403,Android,5G
6399,5403,Android,4G
6400,5404,iOS,4G
6401,5405,iOS,5G
6402,5406,Android,4G
6403,5407,Web,4G
6404,5408,iOS,WiFi
6405,5409,Android,5G
6406,5410,iOS,4G
6407,5411,Android,WiFi
6408,5412,Android,5G
6409,5413,Android,4G
6410,5413,Android,5G
6411,5414,Android,WiFi
6412,5414,Android,4G
6413,5415,Android,5G
6414,5415,Android,4G
6415,5416,Android,5G
6416,5417,Android,3G
6417,5418,Android,3G
6418,5418,Android,3G
6419,5419,Android,4G
6420,5420,iOS,5G
6421,5421,Android,5G
6422,5422,Android,4G
6423,5423,Android,5G
6424,5424,Android,4G
6425,5425,Android,4G
6426,5426,Android,4G
6427,5426,iOS,5G
6428,5427,iOS,WiFi
6429,5428,iOS,4G
6430,5429,Android,WiFi
6431,5430,Android,5G
6432,5431,Android,5G
6433,5432,Android,WiFi
6434,5433,Android,4G
6435,5434,iOS,4G
6436,5435,Android,5G
6437,5436,Android,4G
6438,5436,Android,WiFi
6439,5437,Android,4G
6440,5438,Android,5G
6441,5439,Android,4G
6442,5440,Android,4G
6443,5441,Android,WiFi
6444,5442,iOS,5G
6445,5443,iOS,WiFi
6446,5444,Android,WiFi
6447,5445,iOS,4G
6448,5446,iOS,4G
6449,5446,Android,5G
6450,5447,Android,4G
6451,5448,Android,4G
6452,5449,Android,4G
6453,5450,Android,4G
6454,5451,iOS,4G
6455,5452,Android,5G
6456,5453,Android,4G
6457,5454,Android,3G
6458,5455,iOS,WiFi
6459,5456,Android,WiFi
6460,5457,iOS,WiFi
6461,5458,iOS,4G
6462,5459,Android,5G
6463,5460,iOS,5G
6464,5461,Web,4G
6465,5462,Android,4G
6466,5463,Android,4G
6467,5464,Android,5G
6468,5465,Android,4G
6469,5466,iOS,4G
6470,5467,Android,WiFi
6471,5468,Android,4G
6472,5469,Android,4G
6473,5470,Android,4G
6474,5471,Android,4G
6475,5472,iOS,3G
6476,5473,Android,5G
6477,5474,Web,3G
6478,5475,Android,WiFi
6479,5476,Android,4G
6480,5477,iOS,5G
6481,5478,Android,5G
6482,5479,Android,4G
6483,5479,iOS,WiFi
6484,5480,Android,4G
6485,5481,iOS,4G
6486,5482,Android,4G
6487,5483,Android,5G
6488,5484,Android,4G
6489,5485,Web,WiFi
6490,5486,Android,WiFi
6491,5487,Android,4G
6492,5488,Android,5G
6493,5488,Android,4G
6494,5489,Android,4G
6495,5490,Android,WiFi
6496,5491,Android,4G
6497,5492,Android,WiFi
6498,5493,Android,WiFi
6499,5494,Android,5G
6500,5495,Android,5G
6501,5495,Android,4G
6502,5496,Android,4G
6503,5497,iOS,5G
6504,5498,Android,4G
6505,5498,Android,4G
6506,5499,Android,4G
6507,5500,Android,WiFi
6508,5501,Android,WiFi
6509,5502,Android,4G
6510,5503,Android,5G
6511,5504,Android,4G
6512,5505,Android,3G
6513,5506,Android,4G
6514,5507,iOS,4G
6515,5507,Android,4G
6516,5508,Android,5G
6517,5509,Android,WiFi
6518,5510,Android,3G
6519,5510,Android,WiFi
6520,5511,iOS,4G
6521,5512,iOS,5G
6522,5513,Android,4G
6523,5514,Android,4G
6524,5515,Android,5G
6525,5516,Android,WiFi
6526,5516,iOS,4G
6527,5517,Android,WiFi
6528,5518,iOS,5G
6529,5519,Web,WiFi
6530,5520,Android,4G
6531,5521,Android,WiFi
6532,5522,Android,4G
6533,5523,Android,5G
6534,5524,Android,4G
6535,5524,Android,5G
6536,5525,Android,4G
6537,5526,Android,WiFi
6538,5527,Android,4G
6539,5528,iOS,4G
6540,5529,Android,5G
6541,5530,Android,4G
6542,5531,Android,4G
6543,5532,iOS,4G
6544,5532,Android,4G
6545,5533,Android,WiFi
6546,5534,Android,WiFi
6547,5535,Web,4G
6548,5536,Android,WiFi
6549,5537,Android,4G
6550,5538,Android,4G
6551,5538,Android,4G
6552,5539,Android,5G
6553,5540,Android,WiFi
6554,5541,Android,4G
6555,5542,iOS,5G
6556,5543,Android,5G
6557,5544,Android,5G
6558,5545,Android,5G
6559,5546,Android,4G
6560,5547,Android,5G
6561,5548,Android,5G
6562,5548,Android,5G
6563,5549,Android,WiFi
6564,5550,Android,4G
6565,5551,iOS,WiFi
6566,5552,Android,4G
6567,5552,iOS,4G
6568,5553,Android,5G
6569,5554,Android,4G
6570,5555,iOS,4G
6571,5556,Android,4G
6572,5557,Android,4G
6573,5558,Android,WiFi
6574,5559,Android,WiFi
6575,5559,Android,WiFi
6576,5560,Android,WiFi
6577,5560,Android,5G
6578,5561,Web,4G
6579,5562,Android,5G
6580,5563,Android,5G
6581,5564,Android,5G
6582,5565,Android,5G
6583,5566,Android,4G
6584,5567,iOS,5G
6585,5568,iOS,4G
6586,5569,Android,5G
6587,5570,iOS,5G
6588,5571,Android,5G
6589,5572,Android,4G
6590,5573,iOS,4G
6591,5574,iOS,4G
6592,5575,Android,5G
6593,5575,Android,3G
6594,5576,Android,5G
6595,5577,Android,4G
6596,5578,Android,WiFi
6597,5578,Android,4G
6598,5579,Android,4G
6599,5580,Android,WiFi
6600,5581,iOS,4G
6601,5582,Android,5G
6602,5583,Android,5G
6603,5584,Android,WiFi
6604,5585,Android,5G
6605,5586,iOS,5G
6606,5586,Android,4G
6607,5587,Android,4G
6608,5588,Android,4G
6609,5589,Android,WiFi
6610,5589,Android,4G
6611,5590,Android,4G
6612,5591,Android,4G
6613,5592,Android,4G
6614,5593,iOS,WiFi
6615,5594,Android,4G
6616,5594,Android,WiFi
6617,5595,Android,5G
6618,5596,Android,5G
6619,5597,Android,WiFi
6620,5598,Android,5G
6621,5599,iOS,WiFi
6622,5600,Android,4G
6623,5601,Android,4G
6624,5602,Android,WiFi
6625,5603,Android,WiFi
6626,5604,iOS,5G
6627,5605,Android,4G
6628,5605,Android,4G
6629,5606,Android,5G
6630,5607,Android,4G
6631,5608,Android,4G
6632,5609,Android,5G
6633,5610,Android,5G
6634,5610,iOS,4G
6635,5611,Android,4G
6636,5612,Android,4G
6637,5613,Android,4G
6638,5614,Android,WiFi
6639,5615,Android,4G
6640,5616,Android,3G
6641,5617,iOS,4G
6642,5618,iOS,4G
6643,5619,Android,WiFi
6644,5620,Android,4G
6645,5620,Android,WiFi
6646,5621,Android,5G
6647,5621,Android,4G
6648,5622,iOS,WiFi
6649,5623,iOS,4G
6650,5624,Android,4G
6651,5624,Android,4G
6652,5625,Android,5G
6653,5626,Android,WiFi
6654,5626,Android,WiFi
6655,5627,iOS,4G
6656,5627,Android,4G
6657,5628,Android,4G
6658,5629,Android,4G
6659,5630,Android,WiFi
6660,5631,Android,WiFi
6661,5632,Android,5G
6662,5632,Android,5G
6663,5633,Android,4G
6664,5634,Android,WiFi
6665,5635,Android,4G
6666,5636,Android,4G
6667,5637,Android,4G
6668,5638,Android,4G
6669,5638,Android,3G
6670,5639,Android,4G
6671,5640,Android,5G
6672,5641,Android,5G
6673,5641,Android,4G
6674,5642,Android,5G
6675,5643,Android,WiFi
6676,5644,Android,4G
6677,5645,Web,4G
6678,5646,Android,5G
6679,5647,Android,3G
6680,5648,Android,3G
6681,5649,Android,5G
6682,5650,iOS,4G
6683,5651,Android,5G
6684,5651,Android,4G
6685,5652,Android,4G
6686,5653,Android,4G
6687,5654,Android,5G
6688,5655,iOS,WiFi
6689,5656,Android,4G
6690,5657,Android,4G
6691,5657,Android,5G
6692,5658,Android,WiFi
6693,5659,Android,4G
6694,5660,Android,4G
6695,5661,Android,5G
6696,5662,Android,4G
6697,5663,Android,4G
6698,5664,Android,5G
6699,5665,iOS,3G
6700,5666,iOS,4G
6701,5667,Android,4G
6702,5668,Android,5G
6703,5669,Android,5G
6704,5670,Android,4G
6705,5670,iOS,WiFi
6706,5671,Android,4G
6707,5672,iOS,3G
6708,5673,iOS,WiFi
6709,5674,Android,WiFi
6710,5675,Android,3G
6711,5676,Android,WiFi
6712,5677,Android,5G
6713,5678,Android,4G
6714,5679,iOS,4G
6715,5680,Android,4G
6716,5681,Android,4G
6717,5682,Android,5G
6718,5683,Android,WiFi
6719,5684,Android,3G
6720,5684,Android,4G
6721,5685,iOS,5G
6722,5685,Android,4G
6723,5686,iOS,WiFi
6724,5687,Web,4G
6725,5688,iOS,5G
6726,5689,Android,WiFi
6727,5690,Web,4G
6728,5690,Android,5G
6729,5691,Android,WiFi
6730,5691,Android,4G
6731,5692,iOS,5G
6732,5693,Android,5G
6733,5694,Android,WiFi
6734,5695,Android,WiFi
6735,5695,iOS,4G
6736,5696,Android,4G
6737,5697,Android,4G
6738,5698,iOS,5G
6739,5699,Android,4G
6740,5700,Android,5G
6741,5701,Android,5G
6742,5702,Web,5G
6743,5703,Android,5G
6744,5704,Android,5G
6745,5704,Android,4G
6746,5705,Android,5G
6747,5706,Android,4G
6748,5707,Android,5G
6749,5707,Android,4G
6750,5708,Android,4G
6751,5708,Android,4G
6752,5709,Android,4G
6753,5710,Android,WiFi
6754,5710,Android,WiFi
6755,5711,iOS,4G
6756,5712,Android,4G
6757,5713,iOS,WiFi
6758,5714,Android,4G
6759,5715,Android,4G
6760,5716,Web,5G
6761,5717,Android,4G
6762,5718,Android,4G
6763,5719,Android,WiFi
6764,5720,Web,WiFi
6765,5721,Android,3G
6766,5722,Android,WiFi
6767,5722,Web,5G
6768,5723,Android,WiFi
6769,5724,Android,5G
6770,5724,iOS,WiFi
6771,5725,Android,WiFi
6772,5725,Android,4G
6773,5726,iOS,WiFi
6774,5727,Android,4G
6775,5728,Android,WiFi
6776,5729,Android,5G
6777,5730,Android,5G
6778,5731,Android,WiFi
6779,5732,iOS,4G
6780,5733,Android,4G
6781,5733,Android,WiFi
6782,5734,Android,5G
6783,5734,Android,5G
6784,5735,iOS,4G
6785,5735,iOS,4G
6786,5736,Android,4G
6787,5737,Android,4G
6788,5737,Web,WiFi
6789,5738,Android,5G
6790,5738,Web,4G
6791,5739,Web,4G
6792,5739,Android,3G
6793,5740,Android,WiFi
6794,5741,iOS,4G
6795,5742,Android,4G
6796,5742,Android,4G
6797,5743,Android,4G
6798,5743,Android,4G
6799,5744,Android,WiFi
6800,5745,Android,3G
6801,5746,iOS,4G
6802,5746,Android,4G
6803,5747,Android,5G
6804,5748,iOS,4G
6805,5749,Android,4G
6806,5750,iOS,5G
6807,5751,Android,4G
6808,5752,iOS,5G
6809,5753,Android,4G
6810,5754,iOS,5G
6811,5754,Android,3G
6812,5755,Android,5G
6813,5756,Android,4G
6814,5757,Android,4G
6815,5758,Android,WiFi
6816,5759,Android,5G
6817,5759,Android,4G
6818,5760,Android,5G
6819,5761,iOS,4G
6820,5762,Android,WiFi
6821,5763,Android,WiFi
6822,5764,iOS,4G
6823,5765,Android,4G
6824,5766,Android,WiFi
6825,5767,Android,5G
6826,5768,Android,4G
6827,5768,Android,3G
6828,5769,Android,WiFi
6829,5770,Android,4G
6830,5771,Android,4G
6831,5771,Web,4G
6832,5772,Android,4G
6833,5772,Android,4G
6834,5773,Android,5G
6835,5774,Android,5G
6836,5775,Android,5G
6837,5776,iOS,4G
6838,5777,Android,5G
6839,5778,iOS,5G
6840,5779,iOS,5G
6841,5780,Android,5G
6842,5781,Android,4G
6843,5782,Android,WiFi
6844,5783,iOS,5G
6845,5784,Android,5G
6846,5785,Android,4G
6847,5786,Android,4G
6848,5787,Android,WiFi
6849,5788,Android,5G
6850,5789,Android,4G
6851,5790,Android,4G
6852,5791,Android,4G
6853,5792,Android,WiFi
6854,5792,iOS,WiFi
6855,5793,Android,5G
6856,5794,Android,4G
6857,5795,Android,3G
6858,5796,iOS,4G
6859,5796,Android,5G
6860,5797,Android,5G
6861,5798,Android,4G
6862,5799,iOS,4G
6863,5800,Android,4G
6864,5801,iOS,4G
6865,5802,Android,5G
6866,5803,Android,4G
6867,5804,Android,4G
6868,5805,Android,5G
6869,5806,Android,5G
6870,5807,Android,5G
6871,5807,Android,WiFi
6872,5808,Android,4G
6873,5809,Android,4G
6874,5810,Android,WiFi
6875,5811,iOS,4G
6876,5812,Android,WiFi
6877,5813,Android,WiFi
6878,5814,Android,WiFi
6879,5815,Android,WiFi
6880,5816,Android,WiFi
6881,5816,Android,4G
6882,5817,Android,4G
6883,5818,iOS,5G
6884,5819,Android,4G
6885,5820,Android,WiFi
6886,5820,Android,5G
6887,5821,Android,5G
6888,5822,Android,5G
6889,5823,Android,4G
6890,5824,Android,4G
6891,5825,Android,4G
6892,5826,Android,3G
6893,5827,Android,5G
6894,5828,Android,5G
6895,5829,Android,WiFi
6896,5830,Android,4G
6897,5831,Android,4G
6898,5832,Android,WiFi
6899,5832,iOS,3G
6900,5833,Android,WiFi
6901,5834,iOS,4G
6902,5834,Android,4G
6903,5835,Android,4G
6904,5836,iOS,5G
6905,5837,iOS,5G
6906,5837,Android,3G
6907,5838,Android,WiFi
6908,5839,Android,4G
6909,5840,iOS,4G
6910,5841,iOS,4G
6911,5842,Android,4G
6912,5843,Android,4G
6913,5844,Android,WiFi
6914,5845,Android,4G
6915,5846,Android,4G
6916,5847,Android,4G
6917,5848,Android,4G
6918,5848,Android,WiFi
6919,5849,Android,WiFi
6920,5849,Android,5G
6921,5850,Android,5G
6922,5851,Android,5G
6923,5852,Android,4G
6924,5853,iOS,4G
6925,5853,Android,5G
6926,5854,Android,WiFi
6927,5855,Android,4G
6928,5856,Android,4G
6929,5857,Android,WiFi
6930,5858,iOS,5G
6931,5859,Android,5G
6932,5859,Android,5G
6933,5860,iOS,4G
6934,5861,Android,4G
6935,5862,Android,WiFi
6936,5863,Android,4G
6937,5864,iOS,5G
6938,5865,Android,5G
6939,5866,Android,WiFi
6940,5867,Android,WiFi
6941,5868,Android,4G
6942,5869,Android,4G
6943,5870,iOS,5G
6944,5871,Android,4G
6945,5872,Android,5G
6946,5873,iOS,5G
6947,5874,Android,4G
6948,5874,Android,5G
6949,5875,iOS,5G
6950,5876,iOS,4G
6951,5877,Android,4G
6952,5878,Android,WiFi
6953,5878,Android,4G
6954,5879,Android,5G
6955,5880,iOS,4G
6956,5880,iOS,4G
6957,5881,Android,5G
6958,5882,Android,5G
6959,5882,Android,4G
6960,5883,Android,WiFi
6961,5884,Android,5G
6962,5885,Android,5G
6963,5886,Android,WiFi
6964,5887,Android,4G
6965,5888,Android,4G
6966,5888,iOS,4G
6967,5889,Android,4G
6968,5890,Android,3G
6969,5891,Android,4G
6970,5891,Android,5G
6971,5892,Android,5G
6972,5892,Android,5G
6973,5893,Android,5G
6974,5894,Android,4G
6975,5894,iOS,WiFi
6976,5895,Android,5G
6977,5896,Android,4G
6978,5897,Android,WiFi
6979,5898,Android,5G
6980,5899,Android,4G
6981,5900,Android,4G
6982,5900,Android,WiFi
6983,5901,Android,WiFi
6984,5902,iOS,5G
6985,5903,iOS,4G
6986,5904,Android,3G
6987,5904,Android,4G
6988,5905,Android,4G
6989,5905,Android,5G
6990,5906,Android,5G
6991,5906,Android,5G
6992,5907,Android,5G
6993,5908,Android,4G
6994,5909,Android,4G
6995,5910,iOS,4G
6996,5911,Android,5G
6997,5912,Android,4G
6998,5913,Android,WiFi
6999,5913,Android,5G
7000,5914,Android,WiFi
7001,5914,Android,3G
7002,5915,iOS,5G
7003,5916,Android,4G
7004,5916,Web,5G
7005,5917,iOS,5G
7006,5917,Android,5G
7007,5918,iOS,4G
7008,5918,Web,4G
7009,5919,Android,3G
7010,5920,Android,WiFi
7011,5921,Android,WiFi
7012,5922,Android,5G
7013,5923,Android,4G
7014,5924,Android,4G
7015,5925,iOS,WiFi
7016,5926,Android,5G
7017,5927,Android,5G
7018,5928,Android,4G
7019,5929,Android,4G
7020,5929,iOS,4G
7021,5930,Android,4G
7022,5931,Android,4G
7023,5932,Android,5G
7024,5933,Android,WiFi
7025,5934,Android,WiFi
7026,5935,Android,5G
7027,5936,Android,4G
7028,5936,Android,4G
7029,5937,Android,WiFi
7030,5938,Android,5G
7031,5939,Android,WiFi
7032,5940,Android,4G
7033,5941,Android,4G
7034,5941,Android,WiFi
7035,5942,Android,4G
7036,5943,iOS,WiFi
7037,5944,Android,4G
7038,5945,Android,5G
7039,5945,Android,4G
7040,5946,Android,4G
7041,5946,Android,4G
7042,5947,iOS,4G
7043,5948,Android,3G
7044,5948,Android,5G
7045,5949,Android,5G
7046,5949,Android,5G
7047,5950,Android,4G
7048,5951,iOS,WiFi
7049,5952,iOS,4G
7050,5953,Android,WiFi
7051,5954,Android,4G
7052,5955,Android,5G
7053,5956,Android,3G
7054,5957,Android,4G
7055,5958,Android,4G
7056,5958,Android,4G
7057,5959,iOS,5G
7058,5960,Android,4G
7059,5961,Android,4G
7060,5962,Android,4G
7061,5963,Android,WiFi
7062,5964,iOS,5G
7063,5965,Android,4G
7064,5965,Android,5G
7065,5966,Android,WiFi
7066,5967,Android,WiFi
7067,5968,Android,3G
7068,5968,Android,4G
7069,5969,Android,4G
7070,5970,Android,5G
7071,5971,Android,4G
7072,5972,Web,4G
7073,5973,Android,5G
7074,5973,iOS,4G
7075,5974,iOS,4G
7076,5975,Android,5G
7077,5976,iOS,5G
7078,5977,Android,3G
7079,5978,Android,WiFi
7080,5979,Android,WiFi
7081,5979,Android,4G
7082,5980,Android,4G
7083,5981,Android,4G
7084,5982,Android,4G
7085,5983,Android,WiFi
7086,5984,Android,WiFi
7087,5985,Android,WiFi
7088,5986,Android,5G
7089,5987,Android,WiFi
7090,5988,Android,WiFi
7091,5989,Android,5G
7092,5990,Android,4G
7093,5991,iOS,4G
7094,5992,Android,5G
7095,5993,Android,5G
7096,5994,iOS,4G
7097,5995,Android,4G
7098,5996,Android,5G
7099,5996,Android,WiFi
7100,5997,iOS,5G
7101,5998,Android,4G
7102,5999,Android,4G
7103,5999,Android,4G
7104,6000,iOS,4G
7105,6001,iOS,WiFi
7106,6002,Web,WiFi
7107,6002,iOS,5G
7108,6003,Android,4G
7109,6004,Android,WiFi
7110,6004,iOS,WiFi
7111,6005,Android,4G
7112,6006,Android,4G
7113,6007,Android,4G
7114,6008,Android,4G
7115,6009,Android,WiFi
7116,6010,Android,WiFi
7117,6011,Android,WiFi
7118,6012,Android,WiFi
7119,6013,Android,4G
7120,6014,Android,5G
7121,6015,Android,5G
7122,6016,iOS,5G
7123,6017,Android,WiFi
7124,6018,Android,WiFi
7125,6019,Android,4G
7126,6019,Android,4G
7127,6020,Android,5G
7128,6021,iOS,4G
7129,6022,Android,5G
7130,6023,Android,WiFi
7131,6024,iOS,5G
7132,6025,iOS,4G
7133,6026,Android,5G
7134,6027,Android,5G
7135,6028,Android,4G
7136,6029,Web,WiFi
7137,6030,Android,5G
7138,6031,Android,WiFi
7139,6032,Android,4G
7140,6033,Android,WiFi
7141,6033,iOS,5G
7142,6034,Android,4G
7143,6035,Web,5G
7144,6036,iOS,4G
7145,6037,iOS,4G
7146,6038,Android,WiFi
7147,6039,Android,WiFi
7148,6040,Android,WiFi
7149,6041,Android,4G
7150,6042,iOS,4G
7151,6043,iOS,5G
7152,6044,Android,WiFi
7153,6045,Android,5G
7154,6046,Android,5G
7155,6047,Android,WiFi
7156,6048,Android,5G
7157,6049,iOS,4G
7158,6050,iOS,5G
7159,6051,iOS,4G
7160,6052,Android,5G
7161,6053,Web,5G
7162,6054,Android,4G
7163,6055,Android,5G
7164,6055,iOS,4G
7165,6056,Android,4G
7166,6056,Android,5G
7167,6057,Android,WiFi
7168,6058,Android,4G
7169,6059,Android,5G
7170,6060,Android,WiFi
7171,6061,Android,4G
7172,6062,iOS,5G
7173,6063,Android,WiFi
7174,6064,Android,WiFi
7175,6065,Android,4G
7176,6066,Android,5G
7177,6067,Android,5G
7178,6068,Android,4G
7179,6069,Android,WiFi
7180,6070,Android,4G
7181,6071,Android,5G
7182,6072,Android,WiFi
7183,6073,Android,WiFi
7184,6074,Android,5G
7185,6075,Android,4G
7186,6076,Android,WiFi
7187,6077,iOS,4G
7188,6078,Android,5G
7189,6079,Android,4G
7190,6080,iOS,4G
7191,6081,Web,WiFi
7192,6082,iOS,5G
7193,6083,Web,WiFi
7194,6084,iOS,WiFi
7195,6084,Android,4G
7196,6085,Android,5G
7197,6086,Android,4G
7198,6087,Android,WiFi
7199,6088,Android,4G
7200,6089,Android,4G
7201,6090,Android,5G
7202,6091,iOS,4G
7203,6091,Android,4G
7204,6092,Web,4G
7205,6093,Android,WiFi
7206,6094,Android,5G
7207,6095,Android,5G
7208,6096,Android,4G
7209,6097,Android,4G
7210,6098,Android,4G
7211,6098,Android,4G
7212,6099,Android,5G
7213,6100,Android,4G
7214,6101,Android,4G
7215,6102,iOS,WiFi
7216,6103,Android,4G
7217,6104,Android,3G
7218,6105,Android,5G
7219,6106,Android,5G
7220,6107,Android,4G
7221,6108,Android,3G
7222,6109,Android,5G
7223,6110,iOS,4G
7224,6111,iOS,5G
7225,6112,Web,4G
7226,6113,Android,WiFi
7227,6114,iOS,5G
7228,6115,Android,WiFi
7229,6116,Android,4G
7230,6116,Android,5G
7231,6117,Android,4G
7232,6118,Android,5G
7233,6119,Android,5G
7234,6120,Web,4G
7235,6121,Android,5G
7236,6122,Android,4G
7237,6123,Web,5G
7238,6124,Android,4G
7239,6124,Web,5G
7240,6125,Android,4G
7241,6126,Android,4G
7242,6127,Android,3G
7243,6128,Android,4G
7244,6129,Android,4G
7245,6130,Web,WiFi
7246,6131,iOS,4G
7247,6131,Android,WiFi
7248,6132,iOS,4G
7249,6133,Android,5G
7250,6134,Android,5G
7251,6135,Android,4G
7252,6136,Android,4G
7253,6137,Android,WiFi
7254,6138,Web,5G
7255,6139,Android,5G
7256,6140,iOS,WiFi
7257,6141,Android,5G
7258,6142,Android,WiFi
7259,6143,iOS,4G
7260,6144,iOS,5G
7261,6145,Android,4G
7262,6146,Android,WiFi
7263,6147,Android,4G
7264,6148,Android,WiFi
7265,6149,Android,5G
7266,6150,Android,4G
7267,6151,Android,4G
7268,6152,Android,WiFi
7269,6153,iOS,4G
7270,6154,Android,4G
7271,6155,Android,5G
7272,6156,Android,4G
7273,6157,Android,5G
7274,6158,Android,5G
7275,6159,Android,4G
7276,6159,iOS,5G
7277,6160,Android,5G
7278,6161,Android,4G
7279,6162,Android,WiFi
7280,6162,Android,4G
7281,6163,Android,5G
7282,6164,Android,WiFi
7283,6164,Android,4G
7284,6165,iOS,5G
7285,6166,Android,4G
7286,6167,Android,4G
7287,6168,Android,5G
7288,6169,Android,WiFi
7289,6170,Android,5G
7290,6170,Android,4G
7291,6171,Android,3G
7292,6172,Android,4G
7293,6172,iOS,5G
7294,6173,Android,4G
7295,6174,Android,4G
7296,6175,Android,5G
7297,6176,Android,WiFi
7298,6176,Android,WiFi
7299,6177,Android,WiFi
7300,6178,iOS,4G
7301,6179,Android,5G
7302,6180,Android,4G
7303,6181,Android,4G
7304,6182,Android,4G
7305,6183,Android,5G
7306,6184,Android,5G
7307,6185,Android,5G
7308,6186,Android,WiFi
7309,6187,Android,4G
7310,6188,Android,4G
7311,6189,Android,5G
7312,6190,Android,4G
7313,6191,Android,WiFi
7314,6192,Android,WiFi
7315,6192,Web,5G
7316,6193,Android,5G
7317,6193,Android,5G
7318,6194,iOS,4G
7319,6195,Android,WiFi
7320,6196,Web,5G
7321,6197,iOS,4G
7322,6198,Android,4G
7323,6199,Android,WiFi
7324,6200,Android,4G
7325,6201,Android,4G
7326,6201,Android,WiFi
7327,6202,Android,4G
7328,6203,Android,4G
7329,6204,Android,4G
7330,6205,Android,5G
7331,6206,Android,4G
7332,6206,Android,5G
7333,6207,iOS,4G
7334,6207,Android,4G
7335,6208,Android,4G
7336,6209,Android,WiFi
7337,6209,Android,5G
7338,6210,Android,4G
7339,6211,Android,4G
7340,6212,iOS,5G
7341,6213,Android,5G
7342,6214,Android,4G
7343,6214,Android,5G
7344,6215,Android,WiFi
7345,6216,Android,5G
7346,6217,Android,WiFi
7347,6218,Android,4G
7348,6219,Web,4G
7349,6220,Android,4G
7350,6220,Android,4G
7351,6221,iOS,5G
7352,6222,Android,WiFi
7353,6223,Android,4G
7354,6224,Android,5G
7355,6224,iOS,5G
7356,6225,Android,4G
7357,6225,Android,4G
7358,6226,Android,4G
7359,6227,Android,4G
7360,6228,iOS,5G
7361,6229,Android,5G
7362,6230,Android,5G
7363,6231,iOS,5G
7364,6232,Android,4G
7365,6233,iOS,5G
7366,6234,Android,4G
7367,6235,Android,4G
7368,6236,iOS,WiFi
7369,6237,Android,4G
7370,6237,Android,5G
7371,6238,iOS,5G
7372,6239,Android,4G
7373,6239,Android,4G
7374,6240,Android,5G
7375,6241,Android,5G
7376,6241,Android,4G
7377,6242,Android,5G
7378,6242,Android,3G
7379,6243,Web,WiFi
7380,6244,Android,5G
7381,6245,Android,5G
7382,6246,Android,4G
7383,6246,Android,5G
7384,6247,Android,WiFi
7385,6248,Android,4G
7386,6248,Android,4G
7387,6249,iOS,5G
7388,6250,Android,4G
7389,6251,Android,4G
7390,6252,Android,4G
7391,6252,iOS,4G
7392,6253,Android,4G
7393,6254,Web,5G
7394,6255,Android,WiFi
7395,6256,Android,5G
7396,6257,Android,5G
7397,6258,Android,WiFi
7398,6259,Android,4G
7399,6260,Android,5G
7400,6260,Android,4G
7401,6261,Android,4G
7402,6262,Android,4G
7403,6263,Android,4G
7404,6264,Android,5G
7405,6265,Android,5G
7406,6266,Android,4G
7407,6267,Android,4G
7408,6268,Android,5G
7409,6269,Android,4G
7410,6270,iOS,WiFi
7411,6271,Android,WiFi
7412,6272,iOS,WiFi
7413,6273,iOS,4G
7414,6273,Android,5G
7415,6274,iOS,WiFi
7416,6275,Android,WiFi
7417,6276,iOS,5G
7418,6277,Android,3G
7419,6277,iOS,4G
7420,6278,Android,WiFi
7421,6278,iOS,4G
7422,6279,Android,4G
7423,6280,iOS,WiFi
7424,6281,Android,4G
7425,6281,Android,4G
7426,6282,Android,4G
7427,6283,Android,5G
7428,6284,Android,4G
7429,6285,Android,WiFi
7430,6286,Android,4G
7431,6287,Android,5G
7432,6288,iOS,5G
7433,6289,Android,WiFi
7434,6290,Android,WiFi
7435,6290,Android,4G
7436,6291,Android,4G
7437,6291,Android,4G
7438,6292,Android,5G
7439,6293,Android,4G
7440,6293,Android,5G
7441,6294,Android,5G
7442,6295,Android,3G
7443,6296,iOS,5G
7444,6297,iOS,4G
7445,6298,Android,5G
7446,6299,Android,4G
7447,6300,iOS,5G
7448,6301,Android,4G
7449,6301,Android,5G
7450,6302,Android,4G
7451,6303,Android,4G
7452,6304,Android,3G
7453,6304,iOS,3G
7454,6305,Android,WiFi
7455,6306,iOS,4G
7456,6307,Android,4G
7457,6308,Android,4G
7458,6309,Android,5G
7459,6309,Web,5G
7460,6310,Android,5G
7461,6311,Android,WiFi
7462,6312,iOS,5G
7463,6313,Android,5G
7464,6314,Android,5G
7465,6315,Android,3G
7466,6316,Android,4G
7467,6316,Android,4G
7468,6317,Android,WiFi
7469,6318,Android,4G
7470,6319,Android,4G
7471,6320,Android,4G
7472,6321,Web,4G
7473,6322,Android,5G
7474,6322,Android,5G
7475,6323,Android,5G
7476,6324,iOS,5G
7477,6325,Android,WiFi
7478,6326,Android,WiFi
7479,6327,Android,5G
7480,6328,Android,5G
7481,6329,Android,4G
7482,6330,Android,5G
7483,6331,Android,4G
7484,6332,Android,4G
7485,6333,Android,5G
7486,6334,Android,5G
7487,6335,Android,4G
7488,6336,iOS,4G
7489,6337,Android,5G
7490,6338,Android,4G
7491,6339,Android,WiFi
7492,6340,Android,5G
7493,6341,Android,5G
7494,6342,Android,4G
7495,6343,iOS,5G
7496,6344,Android,4G
7497,6344,Android,4G
7498,6345,Web,5G
7499,6346,Android,5G
7500,6346,Android,WiFi
7501,6347,Android,5G
7502,6347,Android,5G
7503,6348,Android,5G
7504,6349,iOS,WiFi
7505,6350,Android,WiFi
7506,6351,iOS,5G
7507,6352,Android,5G
7508,6353,Android,4G
7509,6353,Android,4G
7510,6354,iOS,4G
7511,6355,Android,5G
7512,6355,Android,WiFi
7513,6356,Android,WiFi
7514,6356,iOS,5G
7515,6357,Android,5G
7516,6358,Android,5G
7517,6359,Android,4G
7518,6360,Android,4G
7519,6361,Android,5G
7520,6362,Android,4G
7521,6363,Android,4G
7522,6364,Android,4G
7523,6365,Android,4G
7524,6366,Android,WiFi
7525,6367,iOS,WiFi
7526,6368,iOS,4G
7527,6369,iOS,4G
7528,6370,Android,5G
7529,6371,iOS,5G
7530,6372,Android,WiFi
7531,6373,Android,5G
7532,6374,Android,5G
7533,6375,Android,5G
7534,6376,Android,4G
7535,6377,Android,5G
7536,6378,Android,4G
7537,6379,Android,WiFi
7538,6380,Android,4G
7539,6380,Android,4G
7540,6381,Web,5G
7541,6382,Android,4G
7542,6383,Android,4G
7543,6384,iOS,5G
7544,6384,Android,5G
7545,6385,Android,WiFi
7546,6386,iOS,5G
7547,6387,Android,5G
7548,6388,Android,5G
7549,6389,Android,4G
7550,6390,iOS,4G
7551,6390,Android,5G
7552,6391,Web,5G
7553,6392,Android,5G
7554,6393,Android,5G
7555,6394,iOS,5G
7556,6395,Android,5G
7557,6396,Android,4G
7558,6397,Android,4G
7559,6398,Android,5G
7560,6399,Android,5G
7561,6400,iOS,4G
7562,6401,Android,WiFi
7563,6402,Android,4G
7564,6403,Android,5G
7565,6404,Android,WiFi
7566,6405,Android,4G
7567,6406,Android,4G
7568,6407,Android,5G
7569,6408,Android,WiFi
7570,6408,Android,4G
7571,6409,Android,5G
7572,6410,iOS,4G
7573,6411,Android,5G
7574,6412,Android,4G
7575,6413,Android,5G
7576,6413,iOS,4G
7577,6414,Android,4G
7578,6414,Android,4G
7579,6415,Android,4G
7580,6415,iOS,3G
7581,6416,Android,WiFi
7582,6416,Android,5G
7583,6417,Android,5G
7584,6418,Android,5G
7585,6419,Android,4G
7586,6420,Android,5G
7587,6420,Android,4G
7588,6421,Android,5G
7589,6421,Web,4G
7590,6422,Android,4G
7591,6423,Android,5G
7592,6423,Android,4G
7593,6424,Android,5G
7594,6425,Android,4G
7595,6426,Android,4G
7596,6427,iOS,5G
7597,6428,Android,4G
7598,6429,Web,WiFi
7599,6429,Android,5G
7600,6430,Android,3G
7601,6430,Android,4G
7602,6431,Android,4G
7603,6431,Android,WiFi
7604,6432,Android,4G
7605,6432,Android,4G
7606,6433,Android,4G
7607,6433,iOS,4G
7608,6434,Android,WiFi
7609,6435,Android,4G
7610,6436,Android,WiFi
7611,6437,Android,WiFi
7612,6438,Android,4G
7613,6439,Android,5G
7614,6440,Android,5G
7615,6441,Android,5G
7616,6442,Android,5G
7617,6443,Android,4G
7618,6444,Android,3G
7619,6445,iOS,4G
7620,6446,Android,4G
7621,6447,Android,4G
7622,6448,Android,5G
7623,6449,iOS,WiFi
7624,6450,Android,5G
7625,6451,Android,4G
7626,6452,iOS,4G
7627,6452,Web,WiFi
7628,6453,Android,4G
7629,6454,Android,WiFi
7630,6454,Android,4G
7631,6455,Android,WiFi
7632,6456,Android,WiFi
7633,6456,iOS,4G
7634,6457,Android,WiFi
7635,6457,Android,4G
7636,6458,Android,4G
7637,6459,iOS,5G
7638,6460,Android,5G
7639,6461,Android,4G
7640,6462,Android,4G
7641,6463,Android,4G
7642,6464,Android,5G
7643,6465,Android,4G
7644,6466,Android,5G
7645,6467,Android,5G
7646,6468,Android,4G
7647,6468,iOS,4G
7648,6469,Android,4G
7649,6470,Android,4G
7650,6471,Android,4G
7651,6472,Android,4G
7652,6473,Android,4G
7653,6474,Android,4G
7654,6475,Android,4G
7655,6476,Android,4G
7656,6477,Android,4G
7657,6478,Android,5G
7658,6479,Android,WiFi
7659,6480,iOS,4G
7660,6481,Android,4G
7661,6482,Android,4G
7662,6483,Android,4G
7663,6484,Android,5G
7664,6485,iOS,5G
7665,6486,Android,5G
7666,6486,Android,WiFi
7667,6487,Android,4G
7668,6488,Android,5G
7669,6489,iOS,WiFi
7670,6490,iOS,4G
7671,6491,Android,4G
7672,6491,iOS,5G
7673,6492,iOS,4G
7674,6493,Android,WiFi
7675,6494,Android,4G
7676,6495,Android,WiFi
7677,6495,Android,5G
7678,6496,iOS,4G
7679,6497,Web,5G
7680,6498,Android,5G
7681,6499,Android,4G
7682,6500,Android,4G
7683,6501,Android,5G
7684,6501,Android,WiFi
7685,6502,Android,WiFi
7686,6503,Android,4G
7687,6503,Android,4G
7688,6504,Android,4G
7689,6505,Android,5G
7690,6506,Android,5G
7691,6507,Android,4G
7692,6508,Android,WiFi
7693,6509,Android,4G
7694,6510,Android,4G
7695,6511,Android,4G
7696,6512,iOS,5G
7697,6512,Android,4G
7698,6513,Android,4G
7699,6513,iOS,5G
7700,6514,Android,4G
7701,6515,Android,4G
7702,6515,Android,4G
7703,6516,iOS,4G
7704,6517,Android,5G
7705,6518,Android,3G
7706,6519,Android,3G
7707,6520,Android,4G
7708,6521,Android,4G
7709,6522,iOS,4G
7710,6522,Android,3G
7711,6523,Android,WiFi
7712,6523,Android,3G
7713,6524,Android,4G
7714,6524,iOS,WiFi
7715,6525,Android,WiFi
7716,6526,iOS,5G
7717,6526,Android,5G
7718,6527,Android,WiFi
7719,6528,Android,5G
7720,6529,Android,4G
7721,6530,Android,5G
7722,6531,Android,WiFi
7723,6532,iOS,5G
7724,6533,Android,4G
7725,6533,Android,4G
7726,6534,Android,4G
7727,6535,iOS,4G
7728,6535,Android,5G
7729,6536,iOS,5G
7730,6537,Android,5G
7731,6537,Android,4G
7732,6538,Web,WiFi
7733,6539,Android,4G
7734,6540,Android,5G
7735,6540,iOS,5G
7736,6541,Android,4G
7737,6542,Android,WiFi
7738,6543,iOS,WiFi
7739,6544,Android,5G
7740,6544,Android,4G
7741,6545,Android,4G
7742,6546,Android,4G
7743,6547,Android,4G
7744,6547,iOS,4G
7745,6548,iOS,5G
7746,6549,Android,WiFi
7747,6550,Android,4G
7748,6551,Android,3G
7749,6552,Android,5G
7750,6552,Web,WiFi
7751,6553,Android,3G
7752,6553,Android,5G
7753,6554,Android,4G
7754,6555,iOS,4G
7755,6556,Android,4G
7756,6557,Android,5G
7757,6558,Android,5G
7758,6558,Android,4G
7759,6559,Android,5G
7760,6559,Android,4G
7761,6560,iOS,5G
7762,6561,Android,WiFi
7763,6562,Android,4G
7764,6563,Android,WiFi
7765,6564,Android,WiFi
7766,6564,Web,4G
7767,6565,Web,4G
7768,6566,Android,4G
7769,6567,iOS,3G
7770,6567,iOS,4G
7771,6568,iOS,4G
7772,6569,Android,4G
7773,6569,Android,4G
7774,6570,Android,WiFi
7775,6571,Android,WiFi
7776,6572,Android,WiFi
7777,6573,iOS,4G
7778,6574,Android,4G
7779,6575,Android,4G
7780,6576,Android,4G
7781,6577,Android,5G
7782,6578,Android,4G
7783,6578,Android,4G
7784,6579,iOS,4G
7785,6580,iOS,4G
7786,6581,Android,3G
7787,6582,iOS,WiFi
7788,6583,iOS,WiFi
7789,6583,Android,5G
7790,6584,Android,4G
7791,6585,Android,5G
7792,6586,Android,4G
7793,6587,iOS,5G
7794,6588,Android,5G
7795,6589,iOS,5G
7796,6589,Android,4G
7797,6590,Android,5G
7798,6591,Android,4G
7799,6592,Android,WiFi
7800,6592,Android,4G
7801,6593,Android,WiFi
7802,6594,Android,5G
7803,6595,Android,4G
7804,6596,Android,4G
7805,6597,Android,4G
7806,6598,Android,5G
7807,6599,Android,4G
7808,6600,Android,4G
7809,6600,Android,5G
7810,6601,Android,5G
7811,6602,iOS,5G
7812,6603,Android,WiFi
7813,6603,Android,3G
7814,6604,Android,3G
7815,6605,Android,5G
7816,6606,Android,5G
7817,6607,Web,4G
7818,6608,Android,WiFi
7819,6609,iOS,5G
7820,6610,Android,5G
7821,6610,Android,4G
7822,6611,Android,4G
7823,6612,Android,4G
7824,6612,iOS,4G
7825,6613,iOS,5G
7826,6614,Android,WiFi
7827,6615,iOS,4G
7828,6616,Android,5G
7829,6616,Android,4G
7830,6617,Android,5G
7831,6618,Android,4G
7832,6619,Android,WiFi
7833,6620,Android,4G
7834,6621,Android,4G
7835,6622,Android,4G
7836,6623,Android,WiFi
7837,6624,iOS,4G
7838,6624,Android,5G
7839,6625,Android,3G
7840,6626,Android,WiFi
7841,6627,iOS,4G
7842,6628,Android,WiFi
7843,6629,Android,4G
7844,6629,Android,WiFi
7845,6630,Web,4G
7846,6630,Android,WiFi
7847,6631,iOS,4G
7848,6632,Android,5G
7849,6632,Android,4G
7850,6633,Android,5G
7851,6634,Android,WiFi
7852,6634,Android,4G
7853,6635,iOS,4G
7854,6636,Android,WiFi
7855,6637,iOS,4G
7856,6638,Android,WiFi
7857,6638,Android,4G
7858,6639,iOS,WiFi
7859,6640,Android,4G
7860,6640,Web,4G
7861,6641,Android,4G
7862,6642,Android,5G
7863,6643,Android,4G
7864,6644,Android,4G
7865,6644,Android,4G
7866,6645,Android,WiFi
7867,6646,Android,5G
7868,6647,Android,WiFi
7869,6648,Android,4G
7870,6649,Android,WiFi
7871,6650,Android,3G
7872,6651,Android,WiFi
7873,6652,Android,4G
7874,6653,Android,WiFi
7875,6654,iOS,5G
7876,6655,iOS,5G
7877,6656,Android,4G
7878,6657,Android,WiFi
7879,6658,Android,4G
7880,6658,Android,4G
7881,6659,Android,5G
7882,6660,Web,4G
7883,6661,Android,5G
7884,6662,iOS,WiFi
7885,6663,Android,5G
7886,6663,Android,4G
7887,6664,Web,3G
7888,6665,Android,4G
7889,6666,Android,WiFi
7890,6667,Android,4G
7891,6668,iOS,4G
7892,6669,Web,WiFi
7893,6670,Android,WiFi
7894,6671,Android,3G
7895,6672,iOS,4G
7896,6673,Android,4G
7897,6674,Android,WiFi
7898,6675,Android,4G
7899,6676,Android,4G
7900,6677,Android,WiFi
7901,6678,Android,4G
7902,6679,iOS,5G
7903,6679,Android,4G
7904,6680,Android,5G
7905,6680,Android,WiFi
7906,6681,Android,5G
7907,6682,iOS,5G
7908,6683,Android,5G
7909,6684,iOS,4G
7910,6685,Android,5G
7911,6685,Android,5G
7912,6686,Android,WiFi
7913,6687,Android,WiFi
7914,6688,Android,4G
7915,6688,Android,5G
7916,6689,Android,WiFi
7917,6690,Android,5G
7918,6691,Android,5G
7919,6692,Android,4G
7920,6693,Android,4G
7921,6694,Android,5G
7922,6694,Android,4G
7923,6695,Android,4G
7924,6695,Android,5G
7925,6696,Android,WiFi
7926,6696,Android,5G
7927,6697,Android,5G
7928,6698,Android,4G
7929,6698,Android,4G
7930,6699,iOS,5G
7931,6700,Android,WiFi
7932,6701,Android,WiFi
7933,6702,Android,5G
7934,6702,Android,4G
7935,6703,Android,WiFi
7936,6704,Android,4G
7937,6705,Android,5G
7938,6706,Android,4G
7939,6707,Android,WiFi
7940,6708,Android,4G
7941,6709,Android,WiFi
7942,6710,Android,5G
7943,6710,Android,3G
7944,6711,Android,4G
7945,6712,Android,WiFi
7946,6713,iOS,4G
7947,6714,Android,WiFi
7948,6715,Android,5G
7949,6716,Android,5G
7950,6717,Android,4G
7951,6718,Android,5G
7952,6719,iOS,4G
7953,6719,Android,4G
7954,6720,iOS,4G
7955,6721,Android,5G
7956,6722,iOS,5G
7957,6722,Android,4G
7958,6723,Android,4G
7959,6724,Android,5G
7960,6725,iOS,5G
7961,6726,Android,4G
7962,6727,iOS,WiFi
7963,6728,Android,5G
7964,6729,Android,4G
7965,6730,Android,5G
7966,6730,Android,4G
7967,6731,Android,5G
7968,6732,Android,4G
7969,6733,Android,WiFi
7970,6734,Android,4G
7971,6735,Android,4G
7972,6736,Android,WiFi
7973,6737,Android,5G
7974,6738,Android,WiFi
7975,6738,Android,5G
7976,6739,Android,3G
7977,6740,Android,4G
7978,6741,Android,WiFi
7979,6742,iOS,WiFi
7980,6743,Android,WiFi
7981,6744,Android,4G
7982,6745,Android,WiFi
7983,6746,Android,4G
7984,6746,Android,5G
7985,6747,Android,WiFi
7986,6748,Android,5G
7987,6748,Android,5G
7988,6749,Android,4G
7989,6749,Android,4G
7990,6750,Android,WiFi
7991,6751,Android,4G
7992,6752,Android,4G
7993,6753,iOS,4G
7994,6754,Android,WiFi
7995,6754,Android,4G
7996,6755,Android,WiFi
7997,6756,Web,4G
7998,6756,Android,4G
7999,6757,Web,4G
8000,6757,Android,5G
8001,6758,Android,4G
8002,6759,iOS,5G
8003,6760,Android,4G
8004,6761,Android,4G
8005,6762,Android,4G
8006,6762,Android,4G
8007,6763,Android,4G
8008,6764,Android,WiFi
8009,6765,iOS,WiFi
8010,6766,Android,5G
8011,6767,Android,WiFi
8012,6767,Android,4G
8013,6768,Android,5G
8014,6769,Android,4G
8015,6770,Android,5G
8016,6770,Android,4G
8017,6771,Android,4G
8018,6772,iOS,4G
8019,6773,Android,5G
8020,6774,Android,4G
8021,6775,Android,WiFi
8022,6776,Android,4G
8023,6776,Android,4G
8024,6777,Android,WiFi
8025,6778,Android,5G
8026,6779,Android,5G
8027,6780,Android,4G
8028,6781,Android,4G
8029,6782,iOS,4G
8030,6782,Android,4G
8031,6783,Android,4G
8032,6784,Android,4G
8033,6785,Android,5G
8034,6786,Android,4G
8035,6787,iOS,5G
8036,6788,Android,WiFi
8037,6789,Android,4G
8038,6789,Android,WiFi
8039,6790,Web,3G
8040,6791,iOS,4G
8041,6792,Web,5G
8042,6793,Web,4G
8043,6794,iOS,4G
8044,6795,Android,4G
8045,6796,Android,5G
8046,6797,Android,4G
8047,6798,Android,4G
8048,6799,iOS,4G
8049,6800,Android,WiFi
8050,6801,Android,5G
8051,6801,Android,4G
8052,6802,Android,4G
8053,6803,Android,4G
8054,6804,Android,WiFi
8055,6804,Android,4G
8056,6805,iOS,4G
8057,6806,Android,4G
8058,6807,iOS,5G
8059,6807,Android,5G
8060,6808,Android,4G
8061,6809,Android,4G
8062,6809,Android,5G
8063,6810,iOS,5G
8064,6811,Android,4G
8065,6811,Android,5G
8066,6812,Android,4G
8067,6813,iOS,WiFi
8068,6813,iOS,WiFi
8069,6814,Android,4G
8070,6815,Android,4G
8071,6816,Android,WiFi
8072,6816,iOS,4G
8073,6817,Android,5G
8074,6818,iOS,5G
8075,6819,Android,5G
8076,6820,Android,3G
8077,6820,Web,WiFi
8078,6821,Android,WiFi
8079,6822,Android,WiFi
8080,6823,Android,4G
8081,6824,Android,5G
8082,6825,Android,3G
8083,6826,Android,WiFi
8084,6827,Android,4G
8085,6827,Android,5G
8086,6828,Android,4G
8087,6829,iOS,5G
8088,6830,iOS,5G
8089,6831,Android,4G
8090,6831,Android,5G
8091,6832,iOS,5G
8092,6832,Android,4G
8093,6833,Android,5G
8094,6834,Android,5G
8095,6834,iOS,4G
8096,6835,iOS,5G
8097,6836,Android,4G
8098,6837,Android,WiFi
8099,6838,Android,4G
8100,6838,iOS,5G
8101,6839,Android,WiFi
8102,6839,Android,5G
8103,6840,Android,4G
8104,6840,Android,5G
8105,6841,Android,4G
8106,6842,iOS,4G
8107,6843,Android,5G
8108,6844,Android,5G
8109,6845,iOS,WiFi
8110,6846,Android,4G
8111,6847,Android,4G
8112,6848,Android,4G
8113,6849,Android,5G
8114,6850,Android,5G
8115,6851,Android,WiFi
8116,6852,Android,3G
8117,6853,Android,5G
8118,6854,Android,5G
8119,6855,Android,WiFi
8120,6856,iOS,4G
8121,6857,iOS,4G
8122,6858,Android,4G
8123,6859,Android,4G
8124,6860,Android,4G
8125,6861,Android,4G
8126,6862,Android,WiFi
8127,6863,Android,WiFi
8128,6864,Android,5G
8129,6865,Android,WiFi
8130,6866,Android,4G
8131,6867,Android,5G
8132,6868,iOS,5G
8133,6868,Android,4G
8134,6869,Android,5G
8135,6870,Android,WiFi
8136,6870,Android,5G
8137,6871,Android,5G
8138,6872,iOS,5G
8139,6872,Android,WiFi
8140,6873,Android,5G
8141,6874,Android,WiFi
8142,6874,Android,4G
8143,6875,Android,4G
8144,6875,iOS,5G
8145,6876,Android,5G
8146,6877,Android,5G
8147,6878,Android,4G
8148,6879,iOS,5G
8149,6879,Android,5G
8150,6880,Android,5G
8151,6881,iOS,5G
8152,6881,Android,4G
8153,6882,Android,4G
8154,6883,iOS,5G
8155,6884,iOS,5G
8156,6885,iOS,5G
8157,6886,iOS,4G
8158,6887,iOS,5G
8159,6887,Android,4G
8160,6888,Android,4G
8161,6889,Android,WiFi
8162,6890,Android,5G
8163,6890,iOS,4G
8164,6891,Android,5G
8165,6891,Android,WiFi
8166,6892,Android,5G
8167,6893,Android,4G
8168,6893,Android,5G
8169,6894,iOS,WiFi
8170,6895,Android,4G
8171,6896,Android,4G
8172,6897,Android,WiFi
8173,6897,Android,5G
8174,6898,Android,5G
8175,6899,Android,4G
8176,6900,iOS,WiFi
8177,6900,Android,4G
8178,6901,Android,4G
8179,6902,Android,5G
8180,6903,iOS,5G
8181,6904,Android,4G
8182,6905,Android,5G
8183,6906,Android,5G
8184,6907,Android,5G
8185,6908,iOS,4G
8186,6908,iOS,4G
8187,6909,Android,4G
8188,6910,Android,4G
8189,6911,Web,WiFi
8190,6912,Android,4G
8191,6913,Android,WiFi
8192,6913,Web,4G
8193,6914,Android,WiFi
8194,6914,Android,4G
8195,6915,Android,WiFi
8196,6916,Android,4G
8197,6917,Android,4G
8198,6918,Android,4G
8199,6919,Android,4G
8200,6920,Web,WiFi
8201,6921,Android,5G
8202,6922,Android,WiFi
8203,6923,Android,4G
8204,6924,iOS,4G
8205,6925,iOS,5G
8206,6925,Android,WiFi
8207,6926,Android,4G
8208,6926,Android,5G
8209,6927,Android,4G
8210,6928,Android,5G
8211,6929,Android,4G
8212,6930,iOS,5G
8213,6931,Android,4G
8214,6932,iOS,5G
8215,6933,Android,4G
8216,6933,Android,5G
8217,6934,Android,WiFi
8218,6935,Android,WiFi
8219,6936,Android,5G
8220,6936,Android,5G
8221,6937,Android,5G
8222,6938,Android,5G
8223,6939,Android,4G
8224,6940,Android,4G
8225,6941,Android,5G
8226,6942,iOS,4G
8227,6943,Android,WiFi
8228,6944,iOS,4G
8229,6945,iOS,4G
8230,6946,Android,WiFi
8231,6947,iOS,4G
8232,6947,Android,4G
8233,6948,Android,4G
8234,6948,Android,5G
8235,6949,Android,4G
8236,6950,Android,4G
8237,6951,Android,5G
8238,6952,Android,4G
8239,6953,Android,5G
8240,6954,Android,5G
8241,6955,iOS,WiFi
8242,6956,Android,WiFi
8243,6957,Android,4G
8244,6958,Android,4G
8245,6958,iOS,4G
8246,6959,iOS,5G
8247,6960,iOS,4G
8248,6961,Android,4G
8249,6961,Android,4G
8250,6962,Android,5G
8251,6963,iOS,4G
8252,6964,Android,4G
8253,6964,iOS,WiFi
8254,6965,Web,4G
8255,6966,Android,4G
8256,6967,Android,5G
8257,6967,Android,5G
8258,6968,Android,4G
8259,6969,Android,WiFi
8260,6970,Android,5G
8261,6971,Android,4G
8262,6972,Android,4G
8263,6973,Android,4G
8264,6974,Android,4G
8265,6974,Android,5G
8266,6975,Android,4G
8267,6976,iOS,4G
8268,6976,Android,4G
8269,6977,Android,5G
8270,6978,Android,4G
8271,6979,iOS,WiFi
8272,6980,Android,4G
8273,6981,Android,4G
8274,6982,Android,4G
8275,6983,iOS,5G
8276,6984,Android,5G
8277,6985,Android,4G
8278,6986,Android,WiFi
8279,6987,Android,4G
8280,6988,Android,WiFi
8281,6989,Android,WiFi
8282,6990,Android,5G
8283,6991,Android,5G
8284,6991,iOS,4G
8285,6992,Android,5G
8286,6993,Android,5G
8287,6993,Android,WiFi
8288,6994,iOS,4G
8289,6995,Android,3G
8290,6996,Android,5G
8291,6997,iOS,WiFi
8292,6998,Android,WiFi
8293,6999,Android,5G
8294,7000,iOS,5G
8295,7001,iOS,4G
8296,7002,Android,WiFi
8297,7003,Android,4G
8298,7003,Android,WiFi
8299,7004,Android,4G
8300,7005,Android,5G
8301,7006,Android,4G
8302,7007,iOS,4G
8303,7008,Android,WiFi
8304,7008,Android,4G
8305,7009,Android,WiFi
8306,7010,Android,5G
8307,7010,Web,WiFi
8308,7011,iOS,4G
8309,7012,Android,5G
8310,7013,Android,4G
8311,7014,Android,4G
8312,7015,iOS,5G
8313,7016,Android,5G
8314,7016,Android,4G
8315,7017,Web,5G
8316,7018,Android,WiFi
8317,7019,Android,WiFi
8318,7020,Android,5G
8319,7021,Android,WiFi
8320,7022,iOS,4G
8321,7023,iOS,WiFi
8322,7023,Android,5G
8323,7024,iOS,4G
8324,7025,Android,4G
8325,7025,Android,4G
8326,7026,Android,5G
8327,7027,Android,4G
8328,7027,Android,4G
8329,7028,Android,4G
8330,7029,iOS,4G
8331,7030,Android,4G
8332,7031,Android,3G
8333,7032,iOS,WiFi
8334,7033,iOS,5G
8335,7034,Android,4G
8336,7035,Android,WiFi
8337,7036,iOS,4G
8338,7036,Android,5G
8339,7037,Android,5G
8340,7038,Android,4G
8341,7039,Android,4G
8342,7040,iOS,4G
8343,7040,Web,WiFi
8344,7041,Android,4G
8345,7042,Android,WiFi
8346,7043,Android,5G
8347,7044,Android,5G
8348,7045,Android,4G
8349,7045,iOS,3G
8350,7046,Android,5G
8351,7047,Android,4G
8352,7048,Android,WiFi
8353,7048,Android,WiFi
8354,7049,Web,WiFi
8355,7050,Android,5G
8356,7051,Android,4G
8357,7052,Android,5G
8358,7052,Android,4G
8359,7053,Android,WiFi
8360,7054,Android,4G
8361,7055,Android,4G
8362,7056,Android,WiFi
8363,7057,Android,WiFi
8364,7058,Android,5G
8365,7059,iOS,4G
8366,7060,Android,5G
8367,7061,Android,5G
8368,7062,Android,WiFi
8369,7063,Android,4G
8370,7064,Android,WiFi
8371,7064,Android,4G
8372,7065,Android,WiFi
8373,7065,Android,4G
8374,7066,Android,4G
8375,7067,Android,4G
8376,7068,iOS,4G
8377,7069,iOS,5G
8378,7069,Android,4G
8379,7070,Android,WiFi
8380,7071,Android,5G
8381,7072,Android,4G
8382,7073,Android,WiFi
8383,7074,Android,4G
8384,7075,Android,4G
8385,7076,Android,4G
8386,7076,Android,WiFi
8387,7077,Android,5G
8388,7078,iOS,5G
8389,7079,iOS,4G
8390,7080,Android,4G
8391,7081,Android,4G
8392,7081,Android,4G
8393,7082,iOS,4G
8394,7083,Android,4G
8395,7084,Android,WiFi
8396,7085,Android,4G
8397,7085,Android,WiFi
8398,7086,Android,4G
8399,7087,Android,4G
8400,7088,Android,4G
8401,7089,Android,WiFi
8402,7090,Android,5G
8403,7091,iOS,WiFi
8404,7091,Android,4G
8405,7092,Android,4G
8406,7093,Web,WiFi
8407,7093,iOS,4G
8408,7094,Android,5G
8409,7095,Android,WiFi
8410,7096,Android,5G
8411,7096,Android,5G
8412,7097,Android,4G
8413,7098,Android,4G
8414,7099,Android,5G
8415,7100,Android,4G
8416,7101,Web,WiFi
8417,7102,Android,4G
8418,7102,Android,4G
8419,7103,iOS,4G
8420,7104,iOS,5G
8421,7105,Android,3G
8422,7106,iOS,WiFi
8423,7107,Android,5G
8424,7108,Android,4G
8425,7109,Android,5G
8426,7110,Android,4G
8427,7111,Android,4G
8428,7112,Android,WiFi
8429,7113,Android,4G
8430,7114,Android,5G
8431,7115,Android,5G
8432,7116,Android,4G
8433,7116,Android,4G
8434,7117,iOS,5G
8435,7117,iOS,5G
8436,7118,Android,5G
8437,7118,Android,5G
8438,7119,Android,5G
8439,7120,Web,5G
8440,7120,iOS,5G
8441,7121,iOS,5G
8442,7122,Web,5G
8443,7122,Android,4G
8444,7123,iOS,4G
8445,7124,Android,4G
8446,7125,iOS,4G
8447,7125,Android,5G
8448,7126,Android,4G
8449,7127,Android,5G
8450,7128,Android,4G
8451,7129,Android,5G
8452,7130,Android,4G
8453,7130,iOS,5G
8454,7131,iOS,WiFi
8455,7132,Android,WiFi
8456,7132,iOS,4G
8457,7133,Android,5G
8458,7134,Web,4G
8459,7135,Android,4G
8460,7136,Web,WiFi
8461,7137,Android,4G
8462,7138,Android,5G
8463,7138,Android,5G
8464,7139,iOS,WiFi
8465,7140,Android,4G
8466,7141,Android,4G
8467,7142,Android,WiFi
8468,7143,Android,5G
8469,7143,Android,4G
8470,7144,Android,5G
8471,7145,iOS,WiFi
8472,7145,iOS,4G
8473,7146,iOS,5G
8474,7147,Android,4G
8475,7148,Android,5G
8476,7149,Android,WiFi
8477,7150,Android,5G
8478,7150,iOS,5G
8479,7151,Android,4G
8480,7152,Android,5G
8481,7153,Android,4G
8482,7154,Android,5G
8483,7155,Web,4G
8484,7156,Android,3G
8485,7157,Android,WiFi
8486,7158,Android,4G
8487,7158,Android,5G
8488,7159,Android,5G
8489,7160,Android,4G
8490,7161,Web,5G
8491,7162,Android,WiFi
8492,7162,Android,4G
8493,7163,Android,WiFi
8494,7164,Android,4G
8495,7165,Android,4G
8496,7166,Web,5G
8497,7167,Android,4G
8498,7168,Android,4G
8499,7169,Android,4G
8500,7170,Android,5G
8501,7171,Android,4G
8502,7171,iOS,4G
8503,7172,Android,4G
8504,7172,Android,4G
8505,7173,Android,4G
8506,7173,Android,5G
8507,7174,Android,5G
8508,7175,Android,3G
8509,7175,Android,4G
8510,7176,Android,4G
8511,7177,Android,5G
8512,7178,Android,4G
8513,7178,Android,WiFi
8514,7179,Android,5G
8515,7180,Android,4G
8516,7181,Android,5G
8517,7181,Android,4G
8518,7182,Android,5G
8519,7183,iOS,4G
8520,7184,Android,4G
8521,7185,Android,5G
8522,7186,iOS,4G
8523,7187,iOS,4G
8524,7187,Android,WiFi
8525,7188,Android,4G
8526,7189,Android,5G
8527,7190,iOS,5G
8528,7191,Android,4G
8529,7192,Android,WiFi
8530,7193,Android,5G
8531,7194,iOS,5G
8532,7195,Android,4G
8533,7195,Web,5G
8534,7196,Android,4G
8535,7197,Android,4G
8536,7198,Android,5G
8537,7199,Android,5G
8538,7199,Android,4G
8539,7200,Android,4G
8540,7201,Android,4G
8541,7201,Android,5G
8542,7202,Android,WiFi
8543,7203,Android,4G
8544,7204,Android,WiFi
8545,7205,Android,WiFi
8546,7205,iOS,4G
8547,7206,Android,4G
8548,7207,Android,4G
8549,7208,Android,WiFi
8550,7209,Android,5G
8551,7210,Android,WiFi
8552,7211,Android,5G
8553,7212,iOS,5G
8554,7213,Android,WiFi
8555,7214,Android,4G
8556,7215,Android,5G
8557,7216,Android,WiFi
8558,7217,Android,4G
8559,7218,Android,WiFi
8560,7219,Android,4G
8561,7220,Android,5G
8562,7221,Android,4G
8563,7222,Android,4G
8564,7223,iOS,4G
8565,7224,Android,5G
8566,7225,Android,4G
8567,7226,Android,4G
8568,7227,Android,5G
8569,7227,Android,4G
8570,7228,Android,4G
8571,7229,Android,4G
8572,7229,iOS,WiFi
8573,7230,Android,5G
8574,7231,Android,4G
8575,7232,Android,4G
8576,7233,Android,5G
8577,7234,Android,4G
8578,7235,Android,5G
8579,7236,Android,5G
8580,7237,Android,WiFi
8581,7238,Android,5G
8582,7239,Android,4G
8583,7239,Android,5G
8584,7240,Android,5G
8585,7241,Android,4G
8586,7242,Android,5G
8587,7243,iOS,4G
8588,7244,Android,4G
8589,7245,Android,4G
8590,7246,Android,4G
8591,7247,iOS,4G
8592,7248,Android,4G
8593,7249,Android,4G
8594,7250,Android,4G
8595,7251,Android,4G
8596,7252,Android,5G
8597,7253,Android,4G
8598,7253,Web,WiFi
8599,7254,Android,4G
8600,7255,Android,3G
8601,7256,Android,5G
8602,7257,Android,5G
8603,7257,Android,4G
8604,7258,Android,WiFi
8605,7259,Android,4G
8606,7260,Android,WiFi
8607,7261,Android,4G
8608,7262,iOS,5G
8609,7263,iOS,4G
8610,7264,Android,4G
8611,7265,Android,4G
8612,7266,Android,WiFi
8613,7267,Android,4G
8614,7267,Android,5G
8615,7268,Android,WiFi
8616,7269,Android,5G
8617,7270,Android,5G
8618,7271,Android,WiFi
8619,7272,iOS,WiFi
8620,7273,Android,5G
8621,7273,Android,4G
8622,7274,iOS,4G
8623,7275,Android,4G
8624,7276,iOS,5G
8625,7277,Android,4G
8626,7278,Web,4G
8627,7279,Android,4G
8628,7280,Android,WiFi
8629,7281,Android,4G
8630,7282,Android,3G
8631,7283,iOS,5G
8632,7284,Android,4G
8633,7284,Android,5G
8634,7285,Android,4G
8635,7285,Android,5G
8636,7286,Android,4G
8637,7287,Android,WiFi
8638,7288,Android,4G
8639,7289,Android,3G
8640,7290,Android,WiFi
8641,7291,Android,WiFi
8642,7292,iOS,WiFi
8643,7293,Android,5G
8644,7294,iOS,5G
8645,7295,Android,4G
8646,7296,Android,4G
8647,7297,Android,3G
8648,7298,iOS,5G
8649,7299,iOS,WiFi
8650,7300,iOS,4G
8651,7301,Android,4G
8652,7302,Android,WiFi
8653,7303,Android,4G
8654,7303,Android,WiFi
8655,7304,Android,4G
8656,7305,Android,WiFi
8657,7306,Android,WiFi
8658,7307,Android,4G
8659,7308,Android,WiFi
8660,7309,Android,WiFi
8661,7309,iOS,4G
8662,7310,Android,4G
8663,7311,Android,4G
8664,7311,iOS,4G
8665,7312,iOS,4G
8666,7313,Android,5G
8667,7314,Android,5G
8668,7315,Android,4G
8669,7316,iOS,WiFi
8670,7316,Android,5G
8671,7317,Android,4G
8672,7318,Android,5G
8673,7319,Android,4G
8674,7319,Android,4G
8675,7320,Android,4G
8676,7321,Android,WiFi
8677,7322,Android,4G
8678,7322,Android,4G
8679,7323,Android,5G
8680,7324,Android,4G
8681,7324,Android,WiFi
8682,7325,Android,4G
8683,7326,iOS,4G
8684,7327,Android,4G
8685,7328,iOS,4G
8686,7328,iOS,5G
8687,7329,Android,5G
8688,7330,iOS,4G
8689,7330,Android,5G
8690,7331,iOS,WiFi
8691,7332,Android,WiFi
8692,7333,Android,WiFi
8693,7333,Android,4G
8694,7334,Android,4G
8695,7334,iOS,4G
8696,7335,iOS,5G
8697,7336,Android,5G
8698,7336,Android,5G
8699,7337,Android,WiFi
8700,7338,Android,4G
8701,7339,iOS,4G
8702,7340,Android,4G
8703,7341,Android,4G
8704,7342,Android,WiFi
8705,7343,Android,WiFi
8706,7344,Android,5G
8707,7345,Android,4G
8708,7346,Android,WiFi
8709,7347,Android,WiFi
8710,7348,Android,5G
8711,7349,Android,WiFi
8712,7350,Android,WiFi
8713,7351,iOS,5G
8714,7351,Android,4G
8715,7352,Android,4G
8716,7353,Android,5G
8717,7353,Android,4G
8718,7354,Android,4G
8719,7355,Android,4G
8720,7356,iOS,4G
8721,7357,Android,WiFi
8722,7358,Android,4G
8723,7359,Android,WiFi
8724,7360,Web,4G
8725,7361,iOS,5G
8726,7362,Android,WiFi
8727,7363,Android,5G
8728,7364,Android,4G
8729,7365,Android,WiFi
8730,7365,Android,5G
8731,7366,iOS,5G
8732,7366,Android,5G
8733,7367,Android,5G
8734,7368,Android,5G
8735,7369,Android,5G
8736,7370,Android,WiFi
8737,7371,Android,5G
8738,7371,iOS,3G
8739,7372,Android,WiFi
8740,7373,Android,4G
8741,7374,Android,4G
8742,7375,Android,4G
8743,7376,iOS,4G
8744,7377,Android,5G
8745,7377,iOS,WiFi
8746,7378,iOS,4G
8747,7378,Android,4G
8748,7379,Android,5G
8749,7380,Android,4G
8750,7381,Android,4G
8751,7381,iOS,WiFi
8752,7382,Android,5G
8753,7383,Android,4G
8754,7384,Android,4G
8755,7385,Android,5G
8756,7386,Android,WiFi
8757,7387,Android,5G
8758,7387,Android,4G
8759,7388,Android,5G
8760,7389,Android,WiFi
8761,7390,Android,4G
8762,7391,Android,4G
8763,7392,iOS,4G
8764,7393,Android,WiFi
8765,7394,iOS,4G
8766,7395,Android,4G
8767,7396,iOS,5G
8768,7397,Android,WiFi
8769,7398,Android,5G
8770,7398,iOS,WiFi
8771,7399,Android,5G
8772,7399,Android,WiFi
8773,7400,Android,WiFi
8774,7401,Android,4G
8775,7401,Android,4G
8776,7402,Android,4G
8777,7403,Android,4G
8778,7404,Android,WiFi
8779,7405,Android,4G
8780,7406,Android,5G
8781,7407,iOS,WiFi
8782,7408,Android,4G
8783,7409,Android,4G
8784,7409,Android,5G
8785,7410,Web,5G
8786,7411,Android,4G
8787,7412,iOS,5G
8788,7413,iOS,4G
8789,7414,Android,WiFi
8790,7414,Web,4G
8791,7415,Android,WiFi
8792,7416,Android,WiFi
8793,7417,Android,WiFi
8794,7418,iOS,WiFi
8795,7419,Android,5G
8796,7419,Android,4G
8797,7420,Android,WiFi
8798,7421,Web,WiFi
8799,7422,Android,5G
8800,7423,Android,4G
8801,7424,Android,WiFi
8802,7425,Android,4G
8803,7426,Android,WiFi
8804,7427,Android,5G
8805,7428,iOS,5G
8806,7429,iOS,4G
8807,7430,iOS,4G
8808,7431,Android,4G
8809,7432,Android,WiFi
8810,7432,Android,5G
8811,7433,Android,5G
8812,7434,Android,5G
8813,7435,Android,4G
8814,7436,Android,WiFi
8815,7437,Web,WiFi
8816,7438,Android,WiFi
8817,7439,Android,5G
8818,7440,iOS,5G
8819,7441,iOS,4G
8820,7441,Android,4G
8821,7442,Android,4G
8822,7443,Android,5G
8823,7443,iOS,WiFi
8824,7444,Android,5G
8825,7445,iOS,5G
8826,7446,Android,4G
8827,7446,iOS,4G
8828,7447,Android,WiFi
8829,7447,Android,5G
8830,7448,Android,4G
8831,7448,Android,5G
8832,7449,Android,4G
8833,7450,Android,5G
8834,7451,Android,5G
8835,7452,iOS,4G
8836,7453,Android,4G
8837,7454,Android,4G
8838,7455,iOS,5G
8839,7455,iOS,5G
8840,7456,iOS,4G
8841,7457,Android,WiFi
8842,7458,iOS,3G
8843,7459,Web,4G
8844,7460,Android,WiFi
8845,7460,iOS,5G
8846,7461,Android,5G
8847,7462,Android,5G
8848,7463,Android,WiFi
8849,7464,Android,4G
8850,7465,iOS,5G
8851,7466,iOS,4G
8852,7467,iOS,4G
8853,7468,Android,4G
8854,7469,Android,4G
8855,7470,iOS,4G
8856,7471,iOS,WiFi
8857,7472,Android,5G
8858,7473,iOS,4G
8859,7474,Android,WiFi
8860,7475,Android,5G
8861,7476,iOS,WiFi
8862,7477,Android,WiFi
8863,7477,iOS,5G
8864,7478,Android,WiFi
8865,7478,Android,4G
8866,7479,iOS,5G
8867,7480,iOS,4G
8868,7481,iOS,5G
8869,7482,iOS,4G
8870,7482,iOS,5G
8871,7483,Web,5G
8872,7484,iOS,3G
8873,7485,Android,4G
8874,7486,Android,4G
8875,7487,Android,5G
8876,7488,Android,4G
8877,7489,Android,4G
8878,7490,Android,4G
8879,7491,Android,4G
8880,7492,Android,3G
8881,7492,Android,5G
8882,7493,Android,4G
8883,7494,iOS,WiFi
8884,7495,iOS,WiFi
8885,7496,iOS,5G
8886,7496,Android,5G
8887,7497,Android,WiFi
8888,7498,iOS,WiFi
8889,7498,Web,4G
8890,7499,Android,WiFi
8891,7500,Web,3G
8892,7500,iOS,5G
8893,7501,Android,5G
8894,7502,Android,4G
8895,7503,Android,5G
8896,7504,Android,5G
8897,7505,Android,4G
8898,7506,Android,4G
8899,7506,Android,4G
8900,7507,Android,5G
8901,7507,Android,5G
8902,7508,iOS,4G
8903,7508,Android,5G
8904,7509,Android,5G
8905,7510,iOS,5G
8906,7511,Web,WiFi
8907,7512,Android,5G
8908,7513,Android,WiFi
8909,7514,Android,4G
8910,7515,Android,4G
8911,7515,Android,4G
8912,7516,Android,3G
8913,7516,Android,5G
8914,7517,Android,5G
8915,7518,iOS,5G
8916,7519,Android,4G
8917,7519,iOS,4G
8918,7520,Android,5G
8919,7521,Android,5G
8920,7522,iOS,5G
8921,7522,Android,4G
8922,7523,Android,4G
8923,7524,Android,5G
8924,7525,Android,WiFi
8925,7526,Android,4G
8926,7527,Android,WiFi
8927,7527,Android,5G
8928,7528,iOS,WiFi
8929,7528,Android,5G
8930,7529,Android,4G
8931,7530,Android,4G
8932,7531,Android,WiFi
8933,7532,Android,5G
8934,7533,Android,WiFi
8935,7533,Android,5G
8936,7534,Android,4G
8937,7534,Android,4G
8938,7535,Android,4G
8939,7536,iOS,4G
8940,7537,iOS,4G
8941,7538,Android,4G
8942,7539,iOS,4G
8943,7540,Android,5G
8944,7541,Android,5G
8945,7542,Android,3G
8946,7543,Android,WiFi
8947,7544,Web,4G
8948,7545,Android,4G
8949,7545,Android,3G
8950,7546,iOS,WiFi
8951,7547,Android,4G
8952,7547,Android,4G
8953,7548,iOS,4G
8954,7549,Android,4G
8955,7550,iOS,WiFi
8956,7551,iOS,4G
8957,7552,Android,4G
8958,7553,Android,4G
8959,7554,Android,5G
8960,7554,iOS,4G
8961,7555,Android,WiFi
8962,7555,Android,WiFi
8963,7556,Android,5G
8964,7556,Android,WiFi
8965,7557,Android,5G
8966,7558,Android,4G
8967,7559,Android,5G
8968,7559,Android,5G
8969,7560,Android,4G
8970,7561,Android,5G
8971,7562,Android,WiFi
8972,7563,Android,4G
8973,7564,Android,5G
8974,7565,Android,WiFi
8975,7566,Android,4G
8976,7567,iOS,5G
8977,7568,Android,5G
8978,7569,Android,4G
8979,7570,Android,WiFi
8980,7571,Android,4G
8981,7572,Android,WiFi
8982,7573,Android,4G
8983,7574,Android,4G
8984,7575,Android,WiFi
8985,7576,Android,WiFi
8986,7576,Android,WiFi
8987,7577,iOS,4G
8988,7578,Android,5G
8989,7579,Android,4G
8990,7580,Android,5G
8991,7581,iOS,5G
8992,7582,Android,4G
8993,7583,Android,4G
8994,7583,Android,4G
8995,7584,Android,5G
8996,7585,Android,4G
8997,7586,Android,4G
8998,7587,iOS,5G
8999,7588,Android,4G
9000,7589,Android,4G
9001,7590,Android,4G
9002,7591,Android,4G
9003,7592,Android,5G
9004,7592,Android,5G
9005,7593,Android,5G
9006,7594,Android,4G
9007,7595,Android,WiFi
9008,7596,Android,3G
9009,7597,Android,4G
9010,7598,iOS,WiFi
9011,7599,Android,4G
9012,7600,Android,WiFi
9013,7601,Android,4G
9014,7602,Android,WiFi
9015,7603,Android,5G
9016,7604,Android,4G
9017,7605,Android,4G
9018,7606,Android,4G
9019,7607,Web,4G
9020,7608,Android,5G
9021,7609,Android,4G
9022,7609,Android,WiFi
9023,7610,Android,4G
9024,7611,Android,WiFi
9025,7612,Android,WiFi
9026,7613,Android,5G
9027,7614,Android,4G
9028,7615,iOS,4G
9029,7616,iOS,4G
9030,7617,Android,4G
9031,7618,Android,5G
9032,7619,Android,4G
9033,7620,Android,3G
9034,7621,Android,3G
9035,7622,Android,5G
9036,7623,Android,4G
9037,7624,Android,5G
9038,7625,iOS,4G
9039,7625,iOS,5G
9040,7626,Android,5G
9041,7627,iOS,4G
9042,7628,Android,5G
9043,7629,Android,4G
9044,7630,Android,4G
9045,7631,Android,WiFi
9046,7632,Android,WiFi
9047,7632,Android,5G
9048,7633,iOS,WiFi
9049,7633,Android,4G
9050,7634,Android,5G
9051,7635,Android,4G
9052,7636,iOS,5G
9053,7637,iOS,4G
9054,7638,Android,4G
9055,7639,Android,4G
9056,7640,Android,4G
9057,7641,Android,5G
9058,7642,Android,WiFi
9059,7643,Android,5G
9060,7644,iOS,4G
9061,7645,Android,WiFi
9062,7646,iOS,5G
9063,7647,Android,WiFi
9064,7648,Web,4G
9065,7649,Android,4G
9066,7650,Android,5G
9067,7651,Android,4G
9068,7652,Android,5G
9069,7653,Android,3G
9070,7654,Android,4G
9071,7655,Android,5G
9072,7655,Android,5G
9073,7656,iOS,WiFi
9074,7657,Android,4G
9075,7658,Android,4G
9076,7659,Android,WiFi
9077,7660,Android,5G
9078,7661,Android,WiFi
9079,7662,iOS,5G
9080,7663,Android,WiFi
9081,7663,Android,4G
9082,7664,Android,WiFi
9083,7664,iOS,5G
9084,7665,iOS,4G
9085,7666,iOS,4G
9086,7667,Android,5G
9087,7668,Web,WiFi
9088,7669,Android,5G
9089,7670,Android,4G
9090,7671,iOS,5G
9091,7672,Android,5G
9092,7672,Android,WiFi
9093,7673,Android,WiFi
9094,7674,iOS,5G
9095,7675,Android,5G
9096,7676,Android,WiFi
9097,7677,Android,4G
9098,7677,Android,4G
9099,7678,Android,WiFi
9100,7679,Android,4G
9101,7680,Android,5G
9102,7681,Android,4G
9103,7682,iOS,4G
9104,7683,Android,4G
9105,7684,Web,5G
9106,7685,iOS,5G
9107,7686,Android,5G
9108,7687,Android,3G
9109,7688,Android,4G
9110,7689,Android,3G
9111,7690,Android,4G
9112,7691,Web,WiFi
9113,7692,Android,4G
9114,7692,Android,WiFi
9115,7693,Android,WiFi
9116,7694,iOS,4G
9117,7695,Android,4G
9118,7696,Android,4G
9119,7697,Android,5G
9120,7698,Android,4G
9121,7699,Android,4G
9122,7700,Android,4G
9123,7701,Android,4G
9124,7702,iOS,5G
9125,7702,Android,WiFi
9126,7703,iOS,5G
9127,7704,Android,4G
9128,7705,Android,5G
9129,7705,iOS,5G
9130,7706,iOS,3G
9131,7706,Android,WiFi
9132,7707,Android,4G
9133,7708,iOS,WiFi
9134,7709,Android,4G
9135,7710,Android,5G
9136,7711,Android,5G
9137,7712,Android,4G
9138,7713,Android,5G
9139,7714,Android,4G
9140,7715,iOS,4G
9141,7716,Android,5G
9142,7717,Android,4G
9143,7718,iOS,5G
9144,7718,Android,WiFi
9145,7719,Android,5G
9146,7720,Web,4G
9147,7721,Android,4G
9148,7722,Android,5G
9149,7723,Android,WiFi
9150,7724,Android,4G
9151,7725,Android,5G
9152,7726,Android,WiFi
9153,7726,Android,WiFi
9154,7727,Android,5G
9155,7727,iOS,WiFi
9156,7728,iOS,3G
9157,7729,Android,5G
9158,7730,Android,4G
9159,7731,iOS,4G
9160,7732,iOS,4G
9161,7732,iOS,5G
9162,7733,Android,4G
9163,7734,Android,5G
9164,7734,Android,5G
9165,7735,Android,4G
9166,7736,Android,WiFi
9167,7737,Android,WiFi
9168,7738,Android,4G
9169,7739,Android,4G
9170,7739,Android,WiFi
9171,7740,Android,3G
9172,7741,Android,WiFi
9173,7742,Android,5G
9174,7743,iOS,5G
9175,7744,Android,4G
9176,7744,Android,WiFi
9177,7745,Android,4G
9178,7746,iOS,WiFi
9179,7746,iOS,4G
9180,7747,Android,5G
9181,7747,Android,5G
9182,7748,Android,5G
9183,7749,iOS,4G
9184,7750,iOS,5G
9185,7750,Android,5G
9186,7751,Android,4G
9187,7752,Android,4G
9188,7753,iOS,WiFi
9189,7754,Android,WiFi
9190,7755,iOS,4G
9191,7755,Android,WiFi
9192,7756,iOS,5G
9193,7757,Android,4G
9194,7758,Android,WiFi
9195,7759,Android,4G
9196,7759,Android,5G
9197,7760,Android,5G
9198,7761,Android,4G
9199,7762,Android,4G
9200,7763,Android,4G
9201,7764,iOS,5G
9202,7765,Android,5G
9203,7765,iOS,4G
9204,7766,iOS,WiFi
9205,7767,Android,4G
9206,7768,Android,5G
9207,7768,Android,WiFi
9208,7769,Android,4G
9209,7770,Android,WiFi
9210,7771,Android,5G
9211,7772,iOS,4G
9212,7773,Android,4G
9213,7774,Android,5G
9214,7775,iOS,4G
9215,7775,Android,WiFi
9216,7776,Android,4G
9217,7777,iOS,4G
9218,7778,Android,4G
9219,7779,Android,WiFi
9220,7779,Android,4G
9221,7780,Android,4G
9222,7780,Android,4G
9223,7781,Android,5G
9224,7782,Android,5G
9225,7783,Web,5G
9226,7783,Android,5G
9227,7784,Web,4G
9228,7785,iOS,5G
9229,7786,Android,WiFi
9230,7786,Android,5G
9231,7787,Android,WiFi
9232,7787,iOS,5G
9233,7788,Android,4G
9234,7789,Android,4G
9235,7790,Android,5G
9236,7790,Android,5G
9237,7791,iOS,WiFi
9238,7792,Android,4G
9239,7793,Android,5G
9240,7794,Web,5G
9241,7795,Android,5G
9242,7795,Android,5G
9243,7796,iOS,4G
9244,7797,Android,WiFi
9245,7798,Android,5G
9246,7799,Android,4G
9247,7799,Android,4G
9248,7800,Android,4G
9249,7801,Android,5G
9250,7801,iOS,4G
9251,7802,Android,4G
9252,7803,Android,5G
9253,7803,Android,5G
9254,7804,iOS,WiFi
9255,7805,Android,4G
9256,7806,Android,5G
9257,7807,iOS,5G
9258,7808,Android,4G
9259,7809,Android,5G
9260,7810,Android,WiFi
9261,7811,Android,WiFi
9262,7812,Android,WiFi
9263,7812,Android,5G
9264,7813,Android,4G
9265,7813,Android,4G
9266,7814,Android,4G
9267,7814,Android,WiFi
9268,7815,Android,WiFi
9269,7815,Android,5G
9270,7816,Android,5G
9271,7817,Android,5G
9272,7818,Android,5G
9273,7819,Android,4G
9274,7819,iOS,WiFi
9275,7820,iOS,WiFi
9276,7821,Android,5G
9277,7822,iOS,4G
9278,7822,Android,5G
9279,7823,Android,4G
9280,7824,Android,5G
9281,7825,Android,WiFi
9282,7826,Android,4G
9283,7827,Android,4G
9284,7828,Android,5G
9285,7828,Android,WiFi
9286,7829,iOS,4G
9287,7830,Android,4G
9288,7831,Android,5G
9289,7832,Android,4G
9290,7833,Android,5G
9291,7834,Android,4G
9292,7835,iOS,4G
9293,7836,iOS,WiFi
9294,7837,Android,3G
9295,7838,Android,5G
9296,7839,Android,WiFi
9297,7840,Android,4G
9298,7841,Android,4G
9299,7841,Android,4G
9300,7842,Android,5G
9301,7843,Android,5G
9302,7843,iOS,4G
9303,7844,Android,4G
9304,7845,Android,4G
9305,7845,iOS,4G
9306,7846,Android,4G
9307,7846,iOS,4G
9308,7847,Android,4G
9309,7848,Android,4G
9310,7848,Android,WiFi
9311,7849,iOS,4G
9312,7850,Android,5G
9313,7851,Android,4G
9314,7851,Android,WiFi
9315,7852,Android,WiFi
9316,7853,Android,4G
9317,7854,Android,4G
9318,7855,Android,4G
9319,7856,Android,3G
9320,7857,Android,WiFi
9321,7858,Android,5G
9322,7859,Android,4G
9323,7860,iOS,5G
9324,7861,Android,4G
9325,7861,Android,4G
9326,7862,Android,5G
9327,7863,iOS,4G
9328,7864,Android,4G
9329,7865,Android,WiFi
9330,7866,Android,5G
9331,7867,Android,4G
9332,7868,iOS,WiFi
9333,7869,Android,WiFi
9334,7870,Android,4G
9335,7871,Android,5G
9336,7872,Android,4G
9337,7872,Android,4G
9338,7873,iOS,4G
9339,7874,Android,5G
9340,7874,iOS,4G
9341,7875,iOS,5G
9342,7875,iOS,5G
9343,7876,Android,WiFi
9344,7877,Android,5G
9345,7877,Android,WiFi
9346,7878,Android,5G
9347,7879,iOS,WiFi
9348,7880,Android,4G
9349,7881,Android,WiFi
9350,7882,iOS,3G
9351,7883,Android,5G
9352,7884,Android,WiFi
9353,7884,iOS,5G
9354,7885,Android,4G
9355,7886,Android,WiFi
9356,7887,iOS,4G
9357,7887,Android,WiFi
9358,7888,Android,4G
9359,7889,Android,5G
9360,7890,Android,4G
9361,7890,Android,5G
9362,7891,Android,4G
9363,7891,iOS,4G
9364,7892,Android,WiFi
9365,7893,Android,4G
9366,7893,Android,4G
9367,7894,Android,5G
9368,7895,Android,4G
9369,7896,Android,5G
9370,7897,iOS,WiFi
9371,7897,Android,4G
9372,7898,Android,4G
9373,7899,Android,WiFi
9374,7899,Android,5G
9375,7900,Android,4G
9376,7901,Android,4G
9377,7902,Android,4G
9378,7903,Android,WiFi
9379,7904,iOS,4G
9380,7905,Android,5G
9381,7906,Android,4G
9382,7906,Android,WiFi
9383,7907,Android,4G
9384,7908,Android,WiFi
9385,7909,Android,4G
9386,7910,Android,4G
9387,7911,Android,5G
9388,7912,Android,4G
9389,7913,Android,WiFi
9390,7914,Android,4G
9391,7915,Android,4G
9392,7915,Android,5G
9393,7916,Android,4G
9394,7917,Android,5G
9395,7918,Android,5G
9396,7919,Android,4G
9397,7920,Android,5G
9398,7921,Android,4G
9399,7922,iOS,4G
9400,7923,Android,5G
9401,7924,Android,WiFi
9402,7925,Android,5G
9403,7925,iOS,4G
9404,7926,Android,4G
9405,7927,Android,WiFi
9406,7928,Web,5G
9407,7929,Web,3G
9408,7929,Android,5G
9409,7930,Android,4G
9410,7931,Android,4G
9411,7932,iOS,4G
9412,7933,iOS,4G
9413,7934,Android,4G
9414,7935,Android,WiFi
9415,7936,Android,5G
9416,7937,Android,5G
9417,7938,Android,WiFi
9418,7939,iOS,4G
9419,7940,iOS,4G
9420,7941,Android,4G
9421,7942,Android,4G
9422,7943,iOS,3G
9423,7944,iOS,5G
9424,7945,Android,4G
9425,7946,Android,5G
9426,7947,Android,4G
9427,7948,Android,WiFi
9428,7949,Android,4G
9429,7950,iOS,4G
9430,7951,Android,4G
9431,7952,Android,5G
9432,7953,Android,5G
9433,7954,Android,4G
9434,7954,iOS,5G
9435,7955,Android,5G
9436,7956,Android,4G
9437,7957,Android,4G
9438,7958,Android,4G
9439,7959,Android,4G
9440,7960,Android,4G
9441,7961,Android,WiFi
9442,7962,Android,5G
9443,7963,Android,4G
9444,7964,Android,5G
9445,7965,Android,3G
9446,7965,Android,4G
9447,7966,Android,5G
9448,7967,iOS,5G
9449,7968,Android,WiFi
9450,7969,Android,4G
9451,7970,iOS,WiFi
9452,7971,Android,5G
9453,7972,Android,WiFi
9454,7973,Android,5G
9455,7973,iOS,5G
9456,7974,iOS,4G
9457,7975,Android,4G
9458,7975,Android,4G
9459,7976,Android,3G
9460,7977,Android,WiFi
9461,7978,iOS,4G
9462,7978,Android,4G
9463,7979,Android,5G
9464,7980,Android,4G
9465,7981,Android,5G
9466,7981,iOS,5G
9467,7982,Web,WiFi
9468,7983,Android,WiFi
9469,7983,Android,5G
9470,7984,Android,5G
9471,7985,iOS,4G
9472,7985,iOS,3G
9473,7986,Android,WiFi
9474,7987,Android,4G
9475,7988,Android,4G
9476,7989,Android,5G
9477,7990,Android,5G
9478,7991,Android,WiFi
9479,7992,iOS,4G
9480,7993,Android,4G
9481,7994,iOS,4G
9482,7995,Android,4G
9483,7996,iOS,4G
9484,7997,Android,4G
9485,7998,Web,4G
9486,7998,Android,5G
9487,7999,Android,4G
9488,8000,Android,5G
9489,8001,Android,4G
9490,8001,Android,4G
9491,8002,iOS,4G
9492,8002,Android,4G
9493,8003,iOS,WiFi
9494,8004,iOS,5G
9495,8005,iOS,WiFi
9496,8006,iOS,WiFi
9497,8007,Android,4G
9498,8008,Android,WiFi
9499,8009,iOS,4G
9500,8010,Android,4G
9501,8011,Android,4G
9502,8012,Android,4G
9503,8013,iOS,5G
9504,8014,Android,5G
9505,8015,Android,4G
9506,8015,iOS,4G
9507,8016,Android,5G
9508,8017,iOS,4G
9509,8018,iOS,5G
9510,8019,Android,4G
9511,8020,iOS,5G
9512,8021,Android,4G
9513,8022,Android,3G
9514,8023,Android,4G
9515,8024,Android,4G
9516,8025,Android,WiFi
9517,8026,Android,4G
9518,8027,Android,4G
9519,8028,Android,4G
9520,8029,Android,WiFi
9521,8030,Android,4G
9522,8031,Android,4G
9523,8031,Android,4G
9524,8032,Android,4G
9525,8033,Android,5G
9526,8033,Android,4G
9527,8034,Android,4G
9528,8035,iOS,5G
9529,8036,Android,4G
9530,8037,Android,4G
9531,8038,Android,WiFi
9532,8039,iOS,4G
9533,8040,Android,4G
9534,8041,Android,5G
9535,8042,Android,5G
9536,8043,iOS,5G
9537,8043,Android,WiFi
9538,8044,Android,4G
9539,8045,Android,5G
9540,8046,Android,5G
9541,8047,Android,4G
9542,8048,Android,4G
9543,8048,iOS,WiFi
9544,8049,Android,5G
9545,8050,Android,4G
9546,8050,Android,5G
9547,8051,Android,5G
9548,8052,iOS,WiFi
9549,8053,Android,WiFi
9550,8054,Android,4G
9551,8054,Android,4G
9552,8055,Android,WiFi
9553,8056,iOS,WiFi
9554,8056,iOS,4G
9555,8057,Android,5G
9556,8058,Android,4G
9557,8059,iOS,WiFi
9558,8060,Android,5G
9559,8061,Android,4G
9560,8062,Android,4G
9561,8063,Android,5G
9562,8064,Android,3G
9563,8065,Android,WiFi
9564,8066,Android,WiFi
9565,8067,Android,4G
9566,8068,Android,5G
9567,8069,Android,WiFi
9568,8070,Android,4G
9569,8070,Android,4G
9570,8071,iOS,4G
9571,8072,iOS,5G
9572,8073,Android,5G
9573,8074,Android,WiFi
9574,8074,Android,4G
9575,8075,iOS,4G
9576,8076,iOS,WiFi
9577,8077,iOS,4G
9578,8078,iOS,5G
9579,8079,Android,WiFi
9580,8080,Android,5G
9581,8081,Android,4G
9582,8082,Android,5G
9583,8083,Android,4G
9584,8084,Android,4G
9585,8085,Android,WiFi
9586,8086,Android,WiFi
9587,8087,Android,WiFi
9588,8088,Android,4G
9589,8088,iOS,3G
9590,8089,iOS,4G
9591,8090,iOS,4G
9592,8091,Android,4G
9593,8092,Android,5G
9594,8092,Android,WiFi
9595,8093,iOS,5G
9596,8094,Android,WiFi
9597,8095,Android,4G
9598,8096,iOS,WiFi
9599,8097,Android,WiFi
9600,8097,Android,4G
9601,8098,Android,4G
9602,8099,iOS,WiFi
9603,8100,Android,5G
9604,8101,Android,WiFi
9605,8102,Android,WiFi
9606,8103,Android,4G
9607,8104,Android,5G
9608,8105,Android,WiFi
9609,8106,iOS,4G
9610,8107,Android,5G
9611,8108,Android,5G
9612,8109,Android,4G
9613,8109,Android,WiFi
9614,8110,Android,4G
9615,8111,Android,3G
9616,8112,Android,WiFi
9617,8113,Android,4G
9618,8114,iOS,4G
9619,8114,Android,WiFi
9620,8115,Android,5G
9621,8116,Android,5G
9622,8117,Android,5G
9623,8118,Android,5G
9624,8119,Android,5G
9625,8120,Android,WiFi
9626,8121,Android,4G
9627,8122,Android,5G
9628,8123,iOS,WiFi
9629,8123,Android,5G
9630,8124,Android,4G
9631,8124,Android,5G
9632,8125,Android,5G
9633,8125,Android,4G
9634,8126,Android,WiFi
9635,8127,iOS,4G
9636,8128,Android,4G
9637,8128,iOS,5G
9638,8129,Android,4G
9639,8130,iOS,WiFi
9640,8131,iOS,5G
9641,8131,Android,4G
9642,8132,Android,4G
9643,8133,Android,5G
9644,8134,iOS,WiFi
9645,8135,Android,WiFi
9646,8136,Android,4G
9647,8136,Android,4G
9648,8137,Android,WiFi
9649,8137,Android,4G
9650,8138,iOS,5G
9651,8139,iOS,WiFi
9652,8140,Android,5G
9653,8141,Android,5G
9654,8142,iOS,4G
9655,8143,Android,4G
9656,8144,Android,WiFi
9657,8145,Android,4G
9658,8145,Android,4G
9659,8146,Android,4G
9660,8147,Android,4G
9661,8147,Web,WiFi
9662,8148,Android,4G
9663,8149,Android,4G
9664,8150,Android,4G
9665,8151,Android,4G
9666,8151,Android,5G
9667,8152,Android,4G
9668,8153,Android,4G
9669,8154,Android,WiFi
9670,8155,Android,WiFi
9671,8155,Android,5G
9672,8156,Android,5G
9673,8157,Android,5G
9674,8158,iOS,5G
9675,8159,Web,5G
9676,8160,Android,WiFi
9677,8161,Android,4G
9678,8162,Android,WiFi
9679,8163,iOS,4G
9680,8164,Android,5G
9681,8165,Android,4G
9682,8166,iOS,4G
9683,8167,Android,WiFi
9684,8167,Android,WiFi
9685,8168,iOS,4G
9686,8169,Android,5G
9687,8169,Android,5G
9688,8170,Web,4G
9689,8171,iOS,4G
9690,8172,Android,4G
9691,8172,Android,4G
9692,8173,Android,WiFi
9693,8173,Android,4G
9694,8174,Android,5G
9695,8174,Android,4G
9696,8175,Android,WiFi
9697,8176,iOS,4G
9698,8177,Android,5G
9699,8177,Android,4G
9700,8178,Android,4G
9701,8179,Android,WiFi
9702,8180,Android,5G
9703,8181,Android,WiFi
9704,8182,Android,WiFi
9705,8183,Android,WiFi
9706,8184,Android,5G
9707,8185,Android,WiFi
9708,8186,Android,WiFi
9709,8187,Android,WiFi
9710,8188,Android,5G
9711,8189,Android,WiFi
9712,8190,Android,5G
9713,8191,Android,5G
9714,8192,Android,4G
9715,8193,Android,5G
9716,8193,Android,4G
9717,8194,iOS,WiFi
9718,8194,Android,4G
9719,8195,iOS,5G
9720,8196,Android,3G
9721,8197,Android,4G
9722,8198,Android,5G
9723,8198,Android,4G
9724,8199,Android,4G
9725,8200,iOS,5G
9726,8201,Android,5G
9727,8202,iOS,4G
9728,8202,Android,WiFi
9729,8203,Android,4G
9730,8204,Android,4G
9731,8204,Android,4G
9732,8205,Android,5G
9733,8206,Android,4G
9734,8206,Android,WiFi
9735,8207,Android,3G
9736,8208,Android,4G
9737,8209,Android,4G
9738,8210,Android,5G
9739,8211,Android,5G
9740,8212,Web,5G
9741,8213,Android,WiFi
9742,8214,Android,WiFi
9743,8215,Android,WiFi
9744,8216,iOS,5G
9745,8217,iOS,4G
9746,8218,Android,4G
9747,8219,Android,3G
9748,8220,Android,5G
9749,8221,Android,5G
9750,8222,Android,4G
9751,8222,Android,5G
9752,8223,Android,5G
9753,8224,Android,WiFi
9754,8225,Android,WiFi
9755,8226,iOS,5G
9756,8227,iOS,4G
9757,8228,Android,WiFi
9758,8229,Android,5G
9759,8230,Android,WiFi
9760,8231,Android,4G
9761,8232,iOS,5G
9762,8233,Android,WiFi
9763,8234,Android,5G
9764,8235,Android,4G
9765,8235,iOS,WiFi
9766,8236,iOS,5G
9767,8236,iOS,4G
9768,8237,Android,4G
9769,8238,Android,4G
9770,8238,Android,5G
9771,8239,Android,5G
9772,8240,Android,5G
9773,8241,Android,WiFi
9774,8242,iOS,WiFi
9775,8243,Android,4G
9776,8243,Android,4G
9777,8244,Android,4G
9778,8245,Android,4G
9779,8245,Android,4G
9780,8246,Android,4G
9781,8247,Android,5G
9782,8248,Android,WiFi
9783,8248,Android,4G
9784,8249,Android,4G
9785,8250,Android,5G
9786,8251,Android,4G
9787,8252,iOS,5G
9788,8252,Android,4G
9789,8253,Android,4G
9790,8253,Android,4G
9791,8254,Android,5G
9792,8255,Android,WiFi
9793,8256,iOS,3G
9794,8257,Android,3G
9795,8258,Android,5G
9796,8259,Android,5G
9797,8260,Web,WiFi
9798,8261,Android,4G
9799,8262,Android,4G
9800,8263,iOS,5G
9801,8264,Android,5G
9802,8265,Android,4G
9803,8266,Android,5G
9804,8267,Android,WiFi
9805,8267,Android,5G
9806,8268,Android,WiFi
9807,8268,Android,4G
9808,8269,Android,4G
9809,8270,Android,3G
9810,8271,iOS,4G
9811,8272,Android,WiFi
9812,8272,Android,4G
9813,8273,Android,5G
9814,8274,Android,4G
9815,8275,Android,4G
9816,8276,Web,3G
9817,8277,Android,4G
9818,8278,Android,4G
9819,8279,Android,5G
9820,8280,Android,5G
9821,8281,Android,5G
9822,8282,Android,4G
9823,8283,Android,5G
9824,8284,Web,4G
9825,8285,Android,5G
9826,8286,Android,4G
9827,8287,Android,5G
9828,8288,Android,5G
9829,8289,Android,4G
9830,8290,Android,5G
9831,8291,iOS,5G
9832,8292,Android,WiFi
9833,8292,Android,5G
9834,8293,Android,4G
9835,8294,iOS,5G
9836,8295,iOS,5G
9837,8296,iOS,WiFi
9838,8297,Android,5G
9839,8298,Android,4G
9840,8299,Android,WiFi
9841,8300,Android,4G
9842,8301,Android,5G
9843,8302,Android,4G
9844,8303,Android,5G
9845,8304,Android,WiFi
9846,8304,iOS,4G
9847,8305,Android,4G
9848,8305,iOS,4G
9849,8306,Android,3G
9850,8306,Android,5G
9851,8307,Android,4G
9852,8308,Android,WiFi
9853,8309,Android,4G
9854,8309,Android,3G
9855,8310,Android,4G
9856,8311,Android,WiFi
9857,8312,iOS,5G
9858,8313,Android,4G
9859,8314,Android,WiFi
9860,8315,Android,5G
9861,8315,iOS,4G
9862,8316,Android,4G
9863,8317,Android,5G
9864,8318,Android,3G
9865,8319,Web,5G
9866,8320,Android,4G
9867,8321,Android,4G
9868,8322,Android,4G
9869,8323,Android,5G
9870,8324,iOS,WiFi
9871,8324,Android,4G
9872,8325,Android,4G
9873,8326,Android,5G
9874,8327,Android,4G
9875,8328,iOS,5G
9876,8328,Android,5G
9877,8329,Android,WiFi
9878,8329,iOS,WiFi
9879,8330,Android,5G
9880,8331,Android,4G
9881,8331,Android,4G
9882,8332,Android,4G
9883,8333,Android,5G
9884,8334,iOS,5G
9885,8334,Android,3G
9886,8335,Android,4G
9887,8336,iOS,4G
9888,8337,Android,5G
9889,8338,iOS,5G
9890,8338,Android,3G
9891,8339,Android,4G
9892,8340,Android,4G
9893,8340,Android,4G
9894,8341,Android,5G
9895,8342,Android,WiFi
9896,8342,Android,4G
9897,8343,Android,4G
9898,8344,Android,WiFi
9899,8344,Android,WiFi
9900,8345,Android,4G
9901,8346,Android,WiFi
9902,8347,Android,4G
9903,8348,Android,4G
9904,8348,Android,WiFi
9905,8349,Web,3G
9906,8349,Android,4G
9907,8350,iOS,4G
9908,8351,Android,4G
9909,8352,Android,4G
9910,8353,Android,WiFi
9911,8353,Android,5G
9912,8354,Android,WiFi
9913,8355,Web,4G
9914,8356,Android,4G
9915,8357,Android,4G
9916,8358,iOS,4G
9917,8359,iOS,5G
9918,8360,Android,5G
9919,8361,Web,5G
9920,8362,Android,5G
9921,8363,Android,5G
9922,8364,Android,5G
9923,8365,Android,4G
9924,8366,iOS,WiFi
9925,8367,iOS,5G
9926,8368,Android,4G
9927,8368,Android,WiFi
9928,8369,Android,WiFi
9929,8370,Android,5G
9930,8371,Android,5G
9931,8372,Android,WiFi
9932,8373,Android,5G
9933,8373,Android,4G
9934,8374,Android,3G
9935,8375,Android,4G
9936,8376,iOS,WiFi
9937,8377,Android,4G
9938,8378,Android,5G
9939,8379,iOS,3G
9940,8380,Android,3G
9941,8380,Android,5G
9942,8381,Android,WiFi
9943,8382,Android,4G
9944,8383,Android,4G
9945,8383,Android,WiFi
9946,8384,Android,4G
9947,8384,Android,WiFi
9948,8385,Android,WiFi
9949,8386,iOS,4G
9950,8387,Android,WiFi
9951,8388,iOS,WiFi
9952,8389,Android,WiFi
9953,8390,Android,WiFi
9954,8391,Android,4G
9955,8392,Android,4G
9956,8392,Android,4G
9957,8393,Android,5G
9958,8393,Android,4G
9959,8394,Android,4G
9960,8395,Android,4G
9961,8396,iOS,WiFi
9962,8396,Android,3G
9963,8397,Android,4G
9964,8398,Android,4G
9965,8399,Android,4G
9966,8400,iOS,5G
9967,8401,Android,4G
9968,8402,Android,WiFi
9969,8403,iOS,5G
9970,8403,Android,4G
9971,8404,Android,5G
9972,8405,Android,4G
9973,8406,iOS,5G
9974,8407,iOS,5G
9975,8408,Android,5G
9976,8409,Android,5G
9977,8409,Android,4G
9978,8410,Android,4G
9979,8411,Android,5G
9980,8412,Android,5G
9981,8413,Android,5G
9982,8414,iOS,4G
9983,8415,iOS,4G
9984,8416,Android,WiFi
9985,8416,Android,4G
9986,8417,Android,4G
9987,8418,Android,WiFi
9988,8418,Android,4G
9989,8419,Android,4G
9990,8420,Android,4G
9991,8420,iOS,WiFi
9992,8421,iOS,3G
9993,8422,Android,4G
9994,8423,iOS,WiFi
9995,8423,Android,4G
9996,8424,iOS,4G
9997,8424,iOS,4G
9998,8425,Android,4G
9999,8425,Android,4G
10000,8426,Android,4G
10001,8427,Android,5G
10002,8428,Android,WiFi
10003,8429,Android,5G
10004,8430,Web,5G
10005,8431,Android,4G
10006,8432,Android,5G
10007,8433,Android,4G
10008,8434,Android,WiFi
10009,8435,Android,5G
10010,8435,Android,5G
10011,8436,iOS,WiFi
10012,8437,Android,4G
10013,8438,Android,4G
10014,8439,Android,5G
10015,8440,Android,5G
10016,8440,Android,WiFi
10017,8441,iOS,WiFi
10018,8441,Android,5G
10019,8442,Android,5G
10020,8443,Android,4G
10021,8444,iOS,4G
10022,8445,Android,4G
10023,8446,Android,5G
10024,8447,Android,WiFi
10025,8448,Android,4G
10026,8448,Android,WiFi
10027,8449,iOS,4G
10028,8450,iOS,WiFi
10029,8451,Android,3G
10030,8452,Android,5G
10031,8453,iOS,4G
10032,8453,Android,WiFi
10033,8454,Android,WiFi
10034,8455,Android,4G
10035,8456,Android,5G
10036,8456,Android,WiFi
10037,8457,Android,5G
10038,8458,Android,5G
10039,8459,Android,5G
10040,8459,Android,5G
10041,8460,Android,4G
10042,8461,Android,4G
10043,8462,Android,5G
10044,8463,Android,WiFi
10045,8464,Android,5G
10046,8465,Android,4G
10047,8465,Android,5G
10048,8466,Android,WiFi
10049,8466,Android,5G
10050,8467,Android,4G
10051,8468,Android,5G
10052,8469,iOS,4G
10053,8470,Android,5G
10054,8470,Android,5G
10055,8471,Android,3G
10056,8472,Android,5G
10057,8473,Android,4G
10058,8474,Android,4G
10059,8475,Android,WiFi
10060,8476,Android,WiFi
10061,8477,Android,4G
10062,8478,Android,4G
10063,8479,iOS,4G
10064,8479,Android,5G
10065,8480,Android,4G
10066,8481,Android,4G
10067,8481,Android,4G
10068,8482,Android,5G
10069,8483,Android,5G
10070,8484,Android,WiFi
10071,8485,Android,5G
10072,8486,Android,4G
10073,8487,Android,WiFi
10074,8488,Android,5G
10075,8489,Android,4G
10076,8490,Web,5G
10077,8491,Android,WiFi
10078,8492,Android,3G
10079,8493,Android,WiFi
10080,8494,Android,4G
10081,8495,Android,3G
10082,8496,Web,WiFi
10083,8497,Android,4G
10084,8498,Android,4G
10085,8499,Android,4G
10086,8500,Android,4G
10087,8501,Android,WiFi
10088,8502,Android,4G
10089,8503,Android,4G
10090,8503,Android,WiFi
10091,8504,Android,WiFi
10092,8505,iOS,5G
10093,8506,Android,4G
10094,8507,Android,WiFi
10095,8507,Android,WiFi
10096,8508,Android,4G
10097,8509,Android,WiFi
10098,8510,Android,5G
10099,8511,Android,WiFi
10100,8512,Android,4G
10101,8513,Android,WiFi
10102,8514,iOS,WiFi
10103,8514,iOS,4G
10104,8515,iOS,WiFi
10105,8516,Android,5G
10106,8516,Android,4G
10107,8517,Android,4G
10108,8518,Android,4G
10109,8519,Android,4G
10110,8520,Android,WiFi
10111,8521,iOS,4G
10112,8521,Android,WiFi
10113,8522,Android,5G
10114,8523,Android,5G
10115,8524,Android,WiFi
10116,8525,Android,3G
10117,8526,Android,4G
10118,8527,Android,5G
10119,8528,Android,4G
10120,8528,iOS,4G
10121,8529,iOS,4G
10122,8530,Android,WiFi
10123,8531,Android,4G
10124,8532,Android,WiFi
10125,8533,Android,5G
10126,8534,Android,5G
10127,8535,Android,4G
10128,8535,Android,WiFi
10129,8536,Web,5G
10130,8537,Android,4G
10131,8538,Android,4G
10132,8539,Android,4G
10133,8540,Android,4G
10134,8541,iOS,4G
10135,8542,iOS,3G
10136,8543,iOS,3G
10137,8544,Android,WiFi
10138,8545,Android,WiFi
10139,8546,Android,5G
10140,8547,Android,5G
10141,8548,Android,5G
10142,8549,Android,WiFi
10143,8550,Android,4G
10144,8551,Android,4G
10145,8552,iOS,4G
10146,8553,Android,4G
10147,8554,iOS,5G
10148,8554,Android,4G
10149,8555,Android,3G
10150,8555,Android,4G
10151,8556,Android,WiFi
10152,8557,Android,4G
10153,8558,Android,4G
10154,8559,Android,5G
10155,8560,Web,5G
10156,8561,Android,4G
10157,8562,Android,5G
10158,8562,Android,4G
10159,8563,Web,4G
10160,8564,Android,WiFi
10161,8565,Android,WiFi
10162,8566,Android,5G
10163,8567,Android,WiFi
10164,8568,Android,4G
10165,8569,iOS,WiFi
10166,8570,Android,4G
10167,8571,Android,3G
10168,8572,Android,4G
10169,8573,iOS,WiFi
10170,8574,Android,4G
10171,8575,Android,WiFi
10172,8576,Android,5G
10173,8576,Android,5G
10174,8577,iOS,WiFi
10175,8578,Android,4G
10176,8578,Android,4G
10177,8579,Android,4G
10178,8580,iOS,3G
10179,8580,Android,3G
10180,8581,Android,4G
10181,8582,Android,WiFi
10182,8583,Android,5G
10183,8584,iOS,WiFi
10184,8584,Android,4G
10185,8585,iOS,3G
10186,8586,Android,4G
10187,8587,Android,3G
10188,8587,Android,4G
10189,8588,Android,WiFi
10190,8588,Android,WiFi
10191,8589,iOS,4G
10192,8590,Android,4G
10193,8591,iOS,5G
10194,8591,Android,WiFi
10195,8592,Android,4G
10196,8593,iOS,4G
10197,8594,Android,4G
10198,8595,Android,WiFi
10199,8596,Android,5G
10200,8597,Android,WiFi
10201,8598,Android,4G
10202,8599,iOS,5G
10203,8600,Android,4G
10204,8600,Android,5G
10205,8601,Android,WiFi
10206,8602,Android,4G
10207,8603,Android,5G
10208,8604,Android,5G
10209,8605,Android,4G
10210,8606,Android,WiFi
10211,8607,Android,4G
10212,8608,Android,4G
10213,8609,Android,5G
10214,8609,Android,5G
10215,8610,iOS,4G
10216,8611,Android,WiFi
10217,8612,Android,5G
10218,8613,Android,5G
10219,8614,Android,5G
10220,8615,Web,4G
10221,8616,Android,5G
10222,8617,iOS,WiFi
10223,8618,Android,4G
10224,8618,iOS,WiFi
10225,8619,Android,WiFi
10226,8620,Android,5G
10227,8621,Android,WiFi
10228,8622,Android,4G
10229,8622,iOS,4G
10230,8623,iOS,5G
10231,8624,Android,4G
10232,8624,iOS,4G
10233,8625,Android,WiFi
10234,8626,Android,5G
10235,8627,Android,5G
10236,8628,Android,5G
10237,8629,iOS,5G
10238,8630,iOS,4G
10239,8631,Android,5G
10240,8632,Android,5G
10241,8633,Android,4G
10242,8634,Android,4G
10243,8634,Android,5G
10244,8635,Android,4G
10245,8636,Android,4G
10246,8637,Android,5G
10247,8638,iOS,5G
10248,8639,Android,4G
10249,8640,Android,WiFi
10250,8640,Android,3G
10251,8641,iOS,5G
10252,8641,Android,4G
10253,8642,Android,4G
10254,8643,Android,4G
10255,8644,Android,WiFi
10256,8644,Android,5G
10257,8645,Android,4G
10258,8646,Android,WiFi
10259,8647,Android,4G
10260,8648,iOS,4G
10261,8649,iOS,5G
10262,8650,Android,WiFi
10263,8650,iOS,4G
10264,8651,iOS,WiFi
10265,8652,Android,5G
10266,8653,Android,4G
10267,8653,iOS,WiFi
10268,8654,Android,WiFi
10269,8655,Android,4G
10270,8656,Android,5G
10271,8656,Android,5G
10272,8657,iOS,WiFi
10273,8658,Android,WiFi
10274,8659,Android,4G
10275,8660,Android,WiFi
10276,8661,Android,WiFi
10277,8662,Android,5G
10278,8663,Android,5G
10279,8663,Android,4G
10280,8664,Android,4G
10281,8665,Android,4G
10282,8666,Android,5G
10283,8667,Android,WiFi
10284,8668,Android,5G
10285,8668,Android,5G
10286,8669,Android,4G
10287,8670,Android,5G
10288,8671,iOS,4G
10289,8671,Android,4G
10290,8672,Android,5G
10291,8673,Android,5G
10292,8674,Android,5G
10293,8675,Android,WiFi
10294,8676,Android,4G
10295,8677,Android,4G
10296,8678,Android,WiFi
10297,8678,Android,5G
10298,8679,Android,WiFi
10299,8680,Android,4G
10300,8681,Android,4G
10301,8682,iOS,WiFi
10302,8683,Android,WiFi
10303,8684,Android,4G
10304,8685,iOS,4G
10305,8685,Android,5G
10306,8686,Android,4G
10307,8687,iOS,WiFi
10308,8688,Android,5G
10309,8688,Android,5G
10310,8689,Android,4G
10311,8690,Android,4G
10312,8691,Android,5G
10313,8691,Android,WiFi
10314,8692,Android,4G
10315,8693,Android,3G
10316,8694,Android,5G
10317,8695,iOS,4G
10318,8696,iOS,WiFi
10319,8696,Android,4G
10320,8697,iOS,5G
10321,8698,Android,4G
10322,8699,Android,4G
10323,8700,Web,4G
10324,8700,Web,5G
10325,8701,Android,5G
10326,8701,iOS,5G
10327,8702,Android,5G
10328,8703,Android,4G
10329,8704,Android,3G
10330,8705,Android,5G
10331,8705,Android,WiFi
10332,8706,iOS,5G
10333,8706,Android,4G
10334,8707,Android,5G
10335,8708,Android,5G
10336,8709,Android,4G
10337,8710,Android,4G
10338,8711,Android,5G
10339,8711,Android,3G
10340,8712,Android,WiFi
10341,8713,Android,4G
10342,8714,iOS,3G
10343,8715,Android,4G
10344,8716,Android,5G
10345,8716,Android,5G
10346,8717,Android,4G
10347,8718,Android,4G
10348,8718,iOS,4G
10349,8719,Android,WiFi
10350,8719,Android,4G
10351,8720,Android,4G
10352,8721,Android,4G
10353,8722,Android,4G
10354,8722,Android,WiFi
10355,8723,iOS,4G
10356,8724,iOS,5G
10357,8725,Android,WiFi
10358,8726,iOS,WiFi
10359,8727,iOS,4G
10360,8728,iOS,3G
10361,8729,Android,5G
10362,8729,Android,4G
10363,8730,iOS,4G
10364,8731,Web,WiFi
10365,8731,iOS,4G
10366,8732,Android,3G
10367,8733,Android,5G
10368,8733,Android,4G
10369,8734,Android,3G
10370,8735,Android,4G
10371,8736,iOS,5G
10372,8736,Android,5G
10373,8737,Android,4G
10374,8738,Android,4G
10375,8739,Android,4G
10376,8740,iOS,4G
10377,8741,Android,4G
10378,8742,Android,4G
10379,8743,iOS,4G
10380,8744,Web,5G
10381,8745,Android,4G
10382,8746,Android,4G
10383,8747,Android,5G
10384,8748,Android,4G
10385,8749,Android,4G
10386,8750,Android,4G
10387,8751,iOS,4G
10388,8752,Android,5G
10389,8753,Android,5G
10390,8754,Android,5G
10391,8755,iOS,WiFi
10392,8756,iOS,WiFi
10393,8757,iOS,4G
10394,8757,Android,5G
10395,8758,iOS,3G
10396,8759,Web,4G
10397,8760,Android,5G
10398,8761,Android,4G
10399,8762,Android,WiFi
10400,8763,Android,5G
10401,8764,Android,4G
10402,8765,Android,WiFi
10403,8766,Android,WiFi
10404,8767,iOS,4G
10405,8768,Android,5G
10406,8769,Web,WiFi
10407,8770,iOS,4G
10408,8771,Android,5G
10409,8772,Android,4G
10410,8772,Android,5G
10411,8773,Android,WiFi
10412,8774,Android,4G
10413,8775,Android,4G
10414,8776,iOS,4G
10415,8777,Android,WiFi
10416,8778,Android,4G
10417,8779,Android,5G
10418,8780,Android,4G
10419,8781,iOS,4G
10420,8782,Android,5G
10421,8783,Android,4G
10422,8784,Android,4G
10423,8785,Android,WiFi
10424,8786,iOS,4G
10425,8787,Android,4G
10426,8788,Android,5G
10427,8789,Android,4G
10428,8790,Android,3G
10429,8791,Android,5G
10430,8792,iOS,WiFi
10431,8793,iOS,4G
10432,8793,Android,4G
10433,8794,Android,WiFi
10434,8795,Android,4G
10435,8796,Android,5G
10436,8797,Android,5G
10437,8798,iOS,WiFi
10438,8799,Android,4G
10439,8800,Android,WiFi
10440,8801,Android,5G
10441,8802,Android,5G
10442,8803,iOS,4G
10443,8804,Android,WiFi
10444,8804,iOS,5G
10445,8805,Android,4G
10446,8806,Android,5G
10447,8807,Android,5G
10448,8808,Android,5G
10449,8809,Android,5G
10450,8809,Android,WiFi
10451,8810,Android,4G
10452,8811,Web,4G
10453,8811,Android,WiFi
10454,8812,Android,4G
10455,8813,Android,4G
10456,8814,iOS,3G
10457,8815,Android,5G
10458,8816,Web,WiFi
10459,8817,iOS,4G
10460,8818,Android,4G
10461,8819,Android,WiFi
10462,8820,Android,4G
10463,8821,Android,WiFi
10464,8821,iOS,4G
10465,8822,Android,4G
10466,8822,Android,4G
10467,8823,Web,4G
10468,8824,Android,4G
10469,8825,Android,5G
10470,8826,Android,WiFi
10471,8826,Android,WiFi
10472,8827,Web,4G
10473,8828,Android,3G
10474,8829,Android,5G
10475,8830,Android,4G
10476,8830,Android,WiFi
10477,8831,iOS,4G
10478,8832,Android,4G
10479,8833,Android,5G
10480,8833,Android,WiFi
10481,8834,Android,4G
10482,8835,Android,4G
10483,8835,Android,5G
10484,8836,Android,4G
10485,8837,Android,5G
10486,8838,Android,5G
10487,8839,Android,5G
10488,8840,Android,5G
10489,8841,Android,5G
10490,8842,Android,4G
10491,8843,Android,5G
10492,8844,Android,4G
10493,8845,Android,4G
10494,8846,Android,4G
10495,8847,Android,WiFi
10496,8848,iOS,4G
10497,8849,Android,5G
10498,8849,Android,WiFi
10499,8850,Android,5G
10500,8851,Android,3G
10501,8852,iOS,4G
10502,8853,Android,WiFi
10503,8853,Android,4G
10504,8854,Android,4G
10505,8855,Android,3G
10506,8856,Android,WiFi
10507,8857,Android,4G
10508,8858,Android,4G
10509,8859,Android,5G
10510,8859,Android,WiFi
10511,8860,Android,4G
10512,8861,Android,4G
10513,8862,Android,5G
10514,8863,Android,3G
10515,8863,Android,4G
10516,8864,Android,4G
10517,8865,Android,4G
10518,8866,Web,5G
10519,8867,Android,4G
10520,8868,Android,WiFi
10521,8869,Android,4G
10522,8870,iOS,5G
10523,8871,Android,4G
10524,8872,Android,4G
10525,8873,Android,3G
10526,8873,Android,4G
10527,8874,Android,4G
10528,8874,Android,5G
10529,8875,Android,4G
10530,8876,Android,WiFi
10531,8877,Android,3G
10532,8877,Android,WiFi
10533,8878,Android,WiFi
10534,8879,Android,4G
10535,8880,Android,4G
10536,8881,Android,4G
10537,8882,Android,4G
10538,8882,Android,4G
10539,8883,iOS,WiFi
10540,8884,Android,5G
10541,8885,Android,5G
10542,8886,Android,5G
10543,8887,Android,5G
10544,8888,iOS,4G
10545,8889,Android,5G
10546,8890,Android,4G
10547,8891,Android,4G
10548,8892,iOS,5G
10549,8893,Android,WiFi
10550,8894,iOS,4G
10551,8895,Android,5G
10552,8896,Android,5G
10553,8897,Android,4G
10554,8898,iOS,4G
10555,8899,Android,WiFi
10556,8900,Android,4G
10557,8901,iOS,5G
10558,8902,Android,4G
10559,8903,Android,5G
10560,8904,Android,WiFi
10561,8905,Android,4G
10562,8906,Android,4G
10563,8907,Android,4G
10564,8908,Android,4G
10565,8908,Android,5G
10566,8909,Android,5G
10567,8910,iOS,5G
10568,8911,iOS,4G
10569,8912,Android,4G
10570,8912,Android,4G
10571,8913,Android,4G
10572,8914,iOS,5G
10573,8915,iOS,WiFi
10574,8916,Android,4G
10575,8916,Android,5G
10576,8917,Android,4G
10577,8918,Android,4G
10578,8919,iOS,3G
10579,8920,Android,4G
10580,8921,Android,4G
10581,8921,Android,4G
10582,8922,Android,WiFi
10583,8923,Android,4G
10584,8924,iOS,3G
10585,8925,iOS,4G
10586,8926,Android,5G
10587,8927,Android,WiFi
10588,8928,iOS,WiFi
10589,8929,Android,3G
10590,8929,iOS,5G
10591,8930,Android,4G
10592,8931,iOS,5G
10593,8932,Android,4G
10594,8933,Android,5G
10595,8934,Android,5G
10596,8934,Android,5G
10597,8935,Android,WiFi
10598,8936,iOS,5G
10599,8937,Android,WiFi
10600,8938,Android,5G
10601,8939,Android,WiFi
10602,8940,Android,5G
10603,8941,Android,WiFi
10604,8942,iOS,4G
10605,8943,Android,4G
10606,8943,Android,4G
10607,8944,iOS,WiFi
10608,8945,Android,4G
10609,8946,Android,WiFi
10610,8946,iOS,4G
10611,8947,Android,5G
10612,8948,Android,4G
10613,8949,Android,4G
10614,8950,Android,WiFi
10615,8951,Android,3G
10616,8951,Android,3G
10617,8952,Android,4G
10618,8952,Android,5G
10619,8953,Android,WiFi
10620,8954,Android,4G
10621,8955,Android,4G
10622,8956,Android,4G
10623,8957,iOS,4G
10624,8958,Android,4G
10625,8958,Android,5G
10626,8959,Android,4G
10627,8960,Android,WiFi
10628,8960,Android,4G
10629,8961,Android,4G
10630,8962,iOS,4G
10631,8963,Android,5G
10632,8964,Android,4G
10633,8965,Android,4G
10634,8966,Android,4G
10635,8967,Android,4G
10636,8968,Android,4G
10637,8969,iOS,4G
10638,8970,Android,5G
10639,8971,Android,4G
10640,8972,Android,WiFi
10641,8973,iOS,4G
10642,8974,iOS,5G
10643,8974,Android,5G
10644,8975,Android,4G
10645,8976,Android,5G
10646,8977,Android,4G
10647,8978,iOS,5G
10648,8979,Android,4G
10649,8980,Android,WiFi
10650,8981,Android,4G
10651,8981,Android,WiFi
10652,8982,Android,4G
10653,8982,Android,4G
10654,8983,Android,4G
10655,8984,Android,4G
10656,8985,Android,5G
10657,8986,Android,WiFi
10658,8987,Android,5G
10659,8988,iOS,4G
10660,8989,Android,WiFi
10661,8990,iOS,5G
10662,8991,Web,4G
10663,8992,iOS,4G
10664,8993,Android,4G
10665,8994,Android,4G
10666,8995,Android,5G
10667,8996,Android,4G
10668,8997,Android,5G
10669,8998,iOS,4G
10670,8999,Android,WiFi
10671,8999,Android,5G
10672,9000,Web,4G
10673,9001,Android,WiFi
10674,9002,Web,5G
10675,9003,Web,5G
10676,9004,iOS,4G
10677,9005,Android,4G
10678,9005,Android,5G
10679,9006,Android,3G
10680,9006,Android,WiFi
10681,9007,iOS,4G
10682,9008,Android,5G
10683,9009,Android,5G
10684,9010,iOS,5G
10685,9011,Android,5G
10686,9012,Android,5G
10687,9013,Android,4G
10688,9014,Android,4G
10689,9015,Android,4G
10690,9016,Android,4G
10691,9017,Android,5G
10692,9018,iOS,WiFi
10693,9019,Android,5G
10694,9020,Android,5G
10695,9021,Android,4G
10696,9022,Android,4G
10697,9022,Android,5G
10698,9023,Android,5G
10699,9024,Android,WiFi
10700,9025,Android,4G
10701,9026,Android,4G
10702,9027,iOS,5G
10703,9028,Android,5G
10704,9028,Android,4G
10705,9029,Android,5G
10706,9030,Android,4G
10707,9031,Android,5G
10708,9032,Android,4G
10709,9033,Android,4G
10710,9034,Android,5G
10711,9035,iOS,3G
10712,9036,Android,WiFi
10713,9037,Android,4G
10714,9038,Android,4G
10715,9038,Android,4G
10716,9039,Android,WiFi
10717,9040,Android,4G
10718,9041,Android,WiFi
10719,9042,Android,4G
10720,9043,iOS,5G
10721,9044,Android,4G
10722,9045,Android,5G
10723,9046,Android,5G
10724,9047,Android,WiFi
10725,9048,iOS,4G
10726,9048,Android,5G
10727,9049,Android,4G
10728,9049,Android,5G
10729,9050,iOS,WiFi
10730,9051,Android,WiFi
10731,9052,iOS,4G
10732,9053,Android,5G
10733,9054,iOS,4G
10734,9054,Android,4G
10735,9055,Android,WiFi
10736,9055,iOS,4G
10737,9056,Android,4G
10738,9057,iOS,4G
10739,9057,Android,4G
10740,9058,Android,5G
10741,9059,iOS,5G
10742,9060,Web,3G
10743,9061,iOS,5G
10744,9061,iOS,WiFi
10745,9062,Android,4G
10746,9063,Android,4G
10747,9063,Android,5G
10748,9064,Android,4G
10749,9064,Android,WiFi
10750,9065,Android,4G
10751,9066,Android,3G
10752,9067,Android,WiFi
10753,9068,Android,4G
10754,9069,Android,4G
10755,9070,Android,4G
10756,9071,Android,4G
10757,9072,Android,5G
10758,9073,Android,4G
10759,9074,Android,4G
10760,9075,Android,5G
10761,9075,Android,4G
10762,9076,Android,4G
10763,9077,Android,5G
10764,9078,Android,5G
10765,9079,Android,4G
10766,9080,Android,4G
10767,9081,iOS,5G
10768,9082,Android,4G
10769,9082,Android,4G
10770,9083,iOS,WiFi
10771,9084,iOS,WiFi
10772,9085,Android,4G
10773,9086,Android,4G
10774,9087,iOS,5G
10775,9088,Android,WiFi
10776,9089,Android,5G
10777,9090,iOS,4G
10778,9091,Android,4G
10779,9092,Android,5G
10780,9093,Android,4G
10781,9094,Android,WiFi
10782,9095,Android,WiFi
10783,9096,Web,5G
10784,9097,iOS,WiFi
10785,9098,iOS,WiFi
10786,9099,Android,4G
10787,9100,Android,4G
10788,9100,Android,5G
10789,9101,Android,WiFi
10790,9102,iOS,5G
10791,9103,Android,4G
10792,9104,Android,5G
10793,9105,Android,WiFi
10794,9105,Android,WiFi
10795,9106,Android,4G
10796,9107,iOS,5G
10797,9107,Android,4G
10798,9108,Android,4G
10799,9109,Android,5G
10800,9110,Android,5G
10801,9111,Android,WiFi
10802,9112,iOS,5G
10803,9113,Android,WiFi
10804,9114,Android,4G
10805,9115,Android,4G
10806,9116,Android,3G
10807,9116,Android,4G
10808,9117,iOS,4G
10809,9118,iOS,4G
10810,9119,Android,WiFi
10811,9120,Android,5G
10812,9121,Android,4G
10813,9122,Android,4G
10814,9123,iOS,5G
10815,9124,Android,WiFi
10816,9125,Android,5G
10817,9126,Android,4G
10818,9127,Android,4G
10819,9128,Web,5G
10820,9129,Android,WiFi
10821,9130,Android,5G
10822,9131,Android,5G
10823,9132,iOS,4G
10824,9132,Android,4G
10825,9133,Android,4G
10826,9134,Android,4G
10827,9135,Android,4G
10828,9135,Android,4G
10829,9136,Android,5G
10830,9137,iOS,3G
10831,9138,iOS,4G
10832,9139,Android,4G
10833,9140,Android,5G
10834,9141,Android,4G
10835,9142,Android,4G
10836,9143,Android,WiFi
10837,9144,Android,4G
10838,9145,Android,WiFi
10839,9146,Android,3G
10840,9147,Android,4G
10841,9148,iOS,5G
10842,9149,Android,4G
10843,9150,Android,WiFi
10844,9151,Android,4G
10845,9152,Android,4G
10846,9153,Android,WiFi
10847,9154,iOS,WiFi
10848,9154,iOS,5G
10849,9155,iOS,4G
10850,9156,Android,5G
10851,9157,Android,5G
10852,9158,Android,4G
10853,9159,Android,4G
10854,9160,Android,5G
10855,9161,Android,4G
10856,9162,iOS,4G
10857,9163,Android,4G
10858,9164,Android,4G
10859,9165,Android,4G
10860,9166,Android,4G
10861,9166,Android,4G
10862,9167,Android,5G
10863,9168,Android,5G
10864,9169,Android,WiFi
10865,9170,Android,4G
10866,9170,Android,4G
10867,9171,iOS,4G
10868,9171,Android,WiFi
10869,9172,Android,4G
10870,9172,Android,WiFi
10871,9173,Android,WiFi
10872,9174,Android,4G
10873,9175,Android,4G
10874,9176,Android,5G
10875,9176,Android,5G
10876,9177,Android,5G
10877,9178,iOS,4G
10878,9179,iOS,5G
10879,9179,Android,WiFi
10880,9180,Android,5G
10881,9180,Android,5G
10882,9181,Android,5G
10883,9182,Android,4G
10884,9183,Android,5G
10885,9183,Android,WiFi
10886,9184,Android,WiFi
10887,9185,Android,4G
10888,9185,Web,WiFi
10889,9186,Android,4G
10890,9187,Android,4G
10891,9188,Android,4G
10892,9189,Android,5G
10893,9189,Android,4G
10894,9190,Android,WiFi
10895,9190,Android,WiFi
10896,9191,Android,4G
10897,9192,Android,4G
10898,9192,Android,4G
10899,9193,Android,3G
10900,9194,Android,4G
10901,9195,Android,WiFi
10902,9196,Android,5G
10903,9196,iOS,5G
10904,9197,Android,5G
10905,9197,iOS,4G
10906,9198,Android,5G
10907,9199,Android,5G
10908,9200,Android,3G
10909,9200,Android,4G
10910,9201,Android,WiFi
10911,9202,Android,5G
10912,9203,Android,5G
10913,9204,Android,4G
10914,9204,Android,WiFi
10915,9205,Android,WiFi
10916,9205,iOS,4G
10917,9206,Android,4G
10918,9207,Android,4G
10919,9208,Android,WiFi
10920,9209,iOS,4G
10921,9210,iOS,5G
10922,9211,iOS,5G
10923,9212,Android,4G
10924,9213,Web,4G
10925,9214,Android,WiFi
10926,9214,Android,5G
10927,9215,iOS,4G
10928,9216,iOS,WiFi
10929,9217,iOS,5G
10930,9218,Android,4G
10931,9219,iOS,4G
10932,9220,Android,5G
10933,9220,iOS,5G
10934,9221,Android,5G
10935,9222,Android,5G
10936,9223,Android,WiFi
10937,9223,Android,5G
10938,9224,Android,3G
10939,9225,iOS,4G
10940,9226,iOS,WiFi
10941,9227,Android,5G
10942,9228,iOS,3G
10943,9228,Android,4G
10944,9229,iOS,5G
10945,9230,iOS,5G
10946,9231,Android,5G
10947,9232,iOS,4G
10948,9233,Android,5G
10949,9234,Android,4G
10950,9235,Android,WiFi
10951,9236,Android,4G
10952,9237,Android,4G
10953,9237,Android,5G
10954,9238,Android,4G
10955,9239,iOS,5G
10956,9240,Android,WiFi
10957,9241,iOS,WiFi
10958,9241,iOS,5G
10959,9242,Android,4G
10960,9243,Android,4G
10961,9244,Android,4G
10962,9245,iOS,4G
10963,9246,Android,4G
10964,9246,Android,5G
10965,9247,Android,4G
10966,9248,iOS,5G
10967,9249,Android,4G
10968,9250,Android,4G
10969,9251,Android,WiFi
10970,9252,Android,5G
10971,9253,Android,WiFi
10972,9254,Android,5G
10973,9255,iOS,4G
10974,9256,Android,4G
10975,9256,Android,4G
10976,9257,Android,WiFi
10977,9257,Android,3G
10978,9258,Android,4G
10979,9259,Android,4G
10980,9260,Web,4G
10981,9261,Android,5G
10982,9262,iOS,4G
10983,9263,Android,WiFi
10984,9264,Web,4G
10985,9265,Android,4G
10986,9266,iOS,5G
10987,9267,Android,4G
10988,9268,iOS,5G
10989,9269,Android,4G
10990,9269,iOS,4G
10991,9270,Android,WiFi
10992,9271,Android,5G
10993,9272,Android,5G
10994,9273,Android,4G
10995,9274,Android,4G
10996,9275,Android,4G
10997,9276,Android,4G
10998,9277,Android,WiFi
10999,9277,Android,WiFi
11000,9278,Android,4G
11001,9279,Android,5G
11002,9280,Android,5G
11003,9280,Android,5G
11004,9281,Android,5G
11005,9282,iOS,4G
11006,9283,Android,5G
11007,9284,Android,4G
11008,9284,Android,3G
11009,9285,Android,4G
11010,9286,Android,5G
11011,9287,Android,5G
11012,9288,Android,4G
11013,9289,Android,4G
11014,9290,Android,4G
11015,9291,Android,WiFi
11016,9291,Android,5G
11017,9292,Android,WiFi
11018,9293,iOS,4G
11019,9294,Android,4G
11020,9295,iOS,WiFi
11021,9296,Android,5G
11022,9297,Android,WiFi
11023,9298,Android,5G
11024,9299,iOS,5G
11025,9300,Android,3G
11026,9301,Android,4G
11027,9302,Android,4G
11028,9303,Android,WiFi
11029,9304,Android,5G
11030,9304,Android,5G
11031,9305,Android,4G
11032,9306,iOS,4G
11033,9307,Android,5G
11034,9307,Android,5G
11035,9308,Android,5G
11036,9309,Android,5G
11037,9310,Android,5G
11038,9311,Android,4G
11039,9312,iOS,5G
11040,9313,Android,4G
11041,9314,Android,4G
11042,9315,Android,4G
11043,9316,iOS,4G
11044,9317,Android,5G
11045,9317,Android,5G
11046,9318,Android,4G
11047,9319,Android,WiFi
11048,9320,Android,4G
11049,9321,Android,WiFi
11050,9322,Android,5G
11051,9322,Android,5G
11052,9323,Android,3G
11053,9324,Android,4G
11054,9325,Android,WiFi
11055,9326,Android,4G
11056,9327,Android,5G
11057,9328,Android,5G
11058,9329,Android,5G
11059,9330,Android,5G
11060,9331,Android,4G
11061,9331,iOS,4G
11062,9332,Android,5G
11063,9332,Android,WiFi
11064,9333,Android,5G
11065,9334,Android,WiFi
11066,9334,Android,4G
11067,9335,Android,3G
11068,9336,Android,4G
11069,9337,Android,WiFi
11070,9338,iOS,5G
11071,9338,Android,4G
11072,9339,Android,4G
11073,9339,iOS,4G
11074,9340,Android,4G
11075,9341,Android,4G
11076,9341,Android,4G
11077,9342,Android,4G
11078,9343,Android,5G
11079,9343,Android,3G
11080,9344,Android,5G
11081,9344,Android,WiFi
11082,9345,Android,4G
11083,9346,Android,4G
11084,9347,Android,5G
11085,9348,Android,WiFi
11086,9349,Android,4G
11087,9350,Android,5G
11088,9351,Android,WiFi
11089,9352,iOS,WiFi
11090,9353,Android,4G
11091,9354,iOS,4G
11092,9354,Android,4G
11093,9355,Android,5G
11094,9355,Android,5G
11095,9356,Android,5G
11096,9357,Android,4G
11097,9358,Android,4G
11098,9359,Android,4G
11099,9360,Android,4G
11100,9361,Android,4G
11101,9361,Android,WiFi
11102,9362,Android,5G
11103,9363,Android,4G
11104,9364,iOS,4G
11105,9365,Android,4G
11106,9366,Android,5G
11107,9367,Android,4G
11108,9368,Android,WiFi
11109,9369,Android,4G
11110,9369,iOS,4G
11111,9370,Android,4G
11112,9371,Android,4G
11113,9372,Android,4G
11114,9373,Android,4G
11115,9373,Android,5G
11116,9374,Android,5G
11117,9375,Android,5G
11118,9376,Web,5G
11119,9377,Android,WiFi
11120,9378,Android,5G
11121,9379,Android,5G
11122,9380,Android,WiFi
11123,9381,Android,4G
11124,9382,Android,4G
11125,9383,iOS,4G
11126,9383,Android,4G
11127,9384,Android,5G
11128,9385,Android,4G
11129,9386,Android,5G
11130,9386,Android,WiFi
11131,9387,iOS,5G
11132,9387,Android,4G
11133,9388,Android,5G
11134,9388,Android,5G
11135,9389,Android,5G
11136,9389,Android,5G
11137,9390,Android,WiFi
11138,9391,Android,4G
11139,9392,Android,4G
11140,9393,iOS,5G
11141,9394,iOS,4G
11142,9395,Android,5G
11143,9396,Android,4G
11144,9397,Android,WiFi
11145,9398,Android,WiFi
11146,9399,Android,5G
11147,9400,Android,5G
11148,9401,Android,4G
11149,9402,Android,WiFi
11150,9403,iOS,WiFi
11151,9403,Android,WiFi
11152,9404,Android,WiFi
11153,9404,Android,4G
11154,9405,Android,5G
11155,9405,Android,3G
11156,9406,Android,4G
11157,9406,Android,5G
11158,9407,Android,4G
11159,9408,Android,5G
11160,9409,Android,4G
11161,9410,Android,5G
11162,9411,Android,4G
11163,9412,Android,3G
11164,9413,Android,4G
11165,9414,Web,5G
11166,9415,iOS,5G
11167,9416,Android,4G
11168,9416,Android,4G
11169,9417,Android,WiFi
11170,9417,Android,4G
11171,9418,Android,4G
11172,9418,Android,4G
11173,9419,iOS,4G
11174,9419,Android,5G
11175,9420,Android,5G
11176,9420,iOS,4G
11177,9421,Android,4G
11178,9422,Android,5G
11179,9423,Android,4G
11180,9423,iOS,4G
11181,9424,Android,4G
11182,9425,Web,5G
11183,9426,Android,4G
11184,9427,Android,4G
11185,9428,iOS,4G
11186,9429,iOS,4G
11187,9430,Android,WiFi
11188,9431,iOS,WiFi
11189,9432,iOS,5G
11190,9433,Android,5G
11191,9434,Android,4G
11192,9435,Android,5G
11193,9435,Android,WiFi
11194,9436,Android,5G
11195,9437,Android,4G
11196,9438,Android,4G
11197,9439,Android,5G
11198,9440,Android,4G
11199,9441,Android,WiFi
11200,9442,Android,5G
11201,9443,Android,5G
11202,9443,Android,4G
11203,9444,iOS,WiFi
11204,9444,Android,WiFi
11205,9445,Android,5G
11206,9446,Android,WiFi
11207,9447,iOS,4G
11208,9448,Android,4G
11209,9449,iOS,WiFi
11210,9450,Android,WiFi
11211,9450,Android,4G
11212,9451,Android,4G
11213,9452,Android,4G
11214,9452,Android,WiFi
11215,9453,iOS,4G
11216,9454,Android,5G
11217,9454,Android,5G
11218,9455,Android,5G
11219,9456,iOS,WiFi
11220,9457,Android,5G
11221,9457,iOS,WiFi
11222,9458,Android,4G
11223,9459,Android,5G
11224,9460,Android,5G
11225,9461,Android,4G
11226,9462,iOS,WiFi
11227,9463,iOS,4G
11228,9464,Android,WiFi
11229,9465,iOS,4G
11230,9466,iOS,4G
11231,9467,iOS,4G
11232,9468,Android,5G
11233,9469,iOS,WiFi
11234,9469,Android,4G
11235,9470,iOS,WiFi
11236,9470,Android,4G
11237,9471,iOS,WiFi
11238,9472,Android,WiFi
11239,9472,Android,5G
11240,9473,iOS,WiFi
11241,9473,iOS,5G
11242,9474,Android,5G
11243,9475,Android,5G
11244,9476,Android,5G
11245,9476,Android,WiFi
11246,9477,iOS,WiFi
11247,9478,Android,5G
11248,9479,Android,4G
11249,9480,Android,5G
11250,9481,Android,5G
11251,9482,Android,WiFi
11252,9483,Android,5G
11253,9484,Android,4G
11254,9485,Android,WiFi
11255,9486,iOS,4G
11256,9487,Android,4G
11257,9488,Android,4G
11258,9489,Android,5G
11259,9490,Android,WiFi
11260,9491,Android,4G
11261,9492,iOS,4G
11262,9493,Android,4G
11263,9494,Android,4G
11264,9495,iOS,4G
11265,9495,iOS,WiFi
11266,9496,iOS,WiFi
11267,9497,iOS,4G
11268,9498,Android,WiFi
11269,9499,Android,4G
11270,9499,Android,5G
11271,9500,Android,WiFi
11272,9501,Android,5G
11273,9502,Android,4G
11274,9503,iOS,4G
11275,9504,Android,5G
11276,9504,Android,4G
11277,9505,Android,5G
11278,9506,iOS,5G
11279,9507,Android,4G
11280,9508,Android,5G
11281,9509,Android,WiFi
11282,9510,Android,4G
11283,9511,Web,WiFi
11284,9512,Android,WiFi
11285,9513,Android,4G
11286,9514,Android,4G
11287,9515,Android,5G
11288,9516,iOS,4G
11289,9517,Android,WiFi
11290,9518,iOS,3G
11291,9519,iOS,5G
11292,9520,Android,5G
11293,9521,Android,4G
11294,9522,Android,5G
11295,9523,iOS,5G
11296,9524,iOS,WiFi
11297,9524,Android,WiFi
11298,9525,Android,5G
11299,9526,Android,5G
11300,9527,Android,5G
11301,9528,Android,5G
11302,9529,Android,WiFi
11303,9530,Android,4G
11304,9531,Android,4G
11305,9532,Android,WiFi
11306,9533,Android,5G
11307,9533,Android,5G
11308,9534,Android,WiFi
11309,9535,Android,5G
11310,9536,Android,4G
11311,9537,Android,5G
11312,9538,Android,WiFi
11313,9539,Android,4G
11314,9540,iOS,WiFi
11315,9541,Android,4G
11316,9541,Android,WiFi
11317,9542,Android,WiFi
11318,9543,Android,5G
11319,9543,Android,4G
11320,9544,Android,4G
11321,9545,Android,5G
11322,9545,Android,4G
11323,9546,Android,4G
11324,9546,Android,5G
11325,9547,Android,4G
11326,9548,Android,WiFi
11327,9549,Android,WiFi
11328,9549,Android,5G
11329,9550,iOS,WiFi
11330,9551,iOS,4G
11331,9551,Android,5G
11332,9552,Android,4G
11333,9553,Android,5G
11334,9554,Android,WiFi
11335,9555,Android,WiFi
11336,9556,Android,4G
11337,9557,Android,5G
11338,9558,Android,5G
11339,9558,Android,4G
11340,9559,iOS,4G
11341,9559,Android,5G
11342,9560,Android,5G
11343,9560,Android,5G
11344,9561,Android,5G
11345,9562,Android,WiFi
11346,9563,Android,5G
11347,9564,iOS,4G
11348,9565,Android,5G
11349,9566,Android,4G
11350,9567,Android,5G
11351,9568,Android,4G
11352,9569,Android,4G
11353,9570,Android,5G
11354,9571,iOS,5G
11355,9572,Android,4G
11356,9572,Android,4G
11357,9573,Android,4G
11358,9574,Android,4G
11359,9575,Android,4G
11360,9575,Android,5G
11361,9576,iOS,5G
11362,9576,Android,WiFi
11363,9577,iOS,4G
11364,9578,Android,4G
11365,9579,Android,WiFi
11366,9580,Android,5G
11367,9581,iOS,4G
11368,9581,Android,3G
11369,9582,Android,3G
11370,9583,Android,4G
11371,9584,Android,5G
11372,9585,Android,5G
11373,9585,Android,WiFi
11374,9586,iOS,WiFi
11375,9587,Android,5G
11376,9588,Android,WiFi
11377,9589,Android,4G
11378,9590,Android,5G
11379,9591,Android,WiFi
11380,9592,Android,5G
11381,9593,iOS,4G
11382,9594,Android,3G
11383,9595,Android,4G
11384,9596,Android,5G
11385,9597,Android,WiFi
11386,9598,Android,4G
11387,9598,Android,5G
11388,9599,Android,4G
11389,9600,iOS,5G
11390,9601,Android,4G
11391,9602,Android,5G
11392,9603,Android,WiFi
11393,9603,Android,4G
11394,9604,Web,4G
11395,9605,Android,4G
11396,9606,iOS,4G
11397,9607,Android,4G
11398,9608,Android,5G
11399,9608,Android,4G
11400,9609,Android,5G
11401,9610,Android,WiFi
11402,9610,Android,4G
11403,9611,Android,4G
11404,9611,Android,4G
11405,9612,Android,4G
11406,9613,Android,4G
11407,9613,Android,4G
11408,9614,Android,3G
11409,9615,Android,5G
11410,9615,Android,4G
11411,9616,Android,WiFi
11412,9616,Android,4G
11413,9617,iOS,5G
11414,9617,Android,5G
11415,9618,Android,4G
11416,9619,Android,4G
11417,9620,Android,4G
11418,9621,Android,4G
11419,9622,Android,WiFi
11420,9623,Android,4G
11421,9624,Android,5G
11422,9624,Android,WiFi
11423,9625,Android,4G
11424,9625,Web,4G
11425,9626,Android,4G
11426,9627,Android,5G
11427,9628,Android,WiFi
11428,9629,Android,WiFi
11429,9630,Android,4G
11430,9631,Android,4G
11431,9632,Android,WiFi
11432,9632,Android,4G
11433,9633,Android,WiFi
11434,9633,iOS,4G
11435,9634,Android,5G
11436,9634,Android,4G
11437,9635,Android,5G
11438,9636,Android,4G
11439,9637,Android,5G
11440,9638,iOS,4G
11441,9638,iOS,5G
11442,9639,Android,4G
11443,9640,Android,5G
11444,9640,Android,5G
11445,9641,Android,4G
11446,9642,Android,5G
11447,9642,Android,WiFi
11448,9643,Android,4G
11449,9643,Android,4G
11450,9644,Android,4G
11451,9645,Android,WiFi
11452,9646,Android,5G
11453,9647,Android,4G
11454,9648,Android,5G
11455,9649,iOS,WiFi
11456,9650,Android,4G
11457,9650,Android,4G
11458,9651,Android,4G
11459,9652,Android,4G
11460,9653,Android,4G
11461,9653,Android,5G
11462,9654,Android,5G
11463,9655,Android,4G
11464,9655,Android,5G
11465,9656,Android,4G
11466,9657,iOS,5G
11467,9657,Android,4G
11468,9658,Android,4G
11469,9659,Android,5G
11470,9660,Android,5G
11471,9660,Android,5G
11472,9661,Android,5G
11473,9662,Android,4G
11474,9663,Android,4G
11475,9664,iOS,4G
11476,9665,iOS,3G
11477,9666,iOS,WiFi
11478,9666,Android,5G
11479,9667,iOS,WiFi
11480,9668,Android,5G
11481,9669,Android,4G
11482,9670,Android,5G
11483,9670,Android,5G
11484,9671,iOS,4G
11485,9671,Android,4G
11486,9672,Android,4G
11487,9673,Android,4G
11488,9674,Web,4G
11489,9675,Android,4G
11490,9676,Android,4G
11491,9677,iOS,5G
11492,9677,Android,5G
11493,9678,iOS,3G
11494,9679,Android,4G
11495,9680,Android,4G
11496,9680,Android,4G
11497,9681,Android,4G
11498,9682,Android,4G
11499,9683,iOS,5G
11500,9684,Android,WiFi
11501,9684,Android,4G
11502,9685,Android,5G
11503,9686,Android,4G
11504,9687,Android,WiFi
11505,9688,Android,3G
11506,9689,Android,4G
11507,9690,Android,5G
11508,9691,Android,4G
11509,9692,Android,4G
11510,9692,Android,4G
11511,9693,Android,4G
11512,9694,Android,5G
11513,9695,Android,5G
11514,9696,Android,5G
11515,9697,Android,4G
11516,9697,Android,5G
11517,9698,Android,5G
11518,9699,Android,5G
11519,9700,Android,4G
11520,9701,Android,4G
11521,9702,iOS,WiFi
11522,9703,Android,5G
11523,9704,Android,4G
11524,9705,Android,WiFi
11525,9706,iOS,5G
11526,9707,iOS,5G
11527,9707,Android,5G
11528,9708,Android,WiFi
11529,9709,Android,WiFi
11530,9710,iOS,4G
11531,9711,Web,WiFi
11532,9712,Android,4G
11533,9713,Android,WiFi
11534,9713,Android,4G
11535,9714,Android,4G
11536,9715,Android,4G
11537,9716,Web,4G
11538,9717,Android,WiFi
11539,9717,Android,4G
11540,9718,Android,5G
11541,9719,Android,4G
11542,9720,Web,5G
11543,9720,Android,4G
11544,9721,iOS,4G
11545,9722,Android,4G
11546,9723,Android,4G
11547,9724,Android,5G
11548,9725,Android,5G
11549,9726,Android,5G
11550,9727,Android,WiFi
11551,9728,Android,5G
11552,9729,Android,5G
11553,9730,Android,4G
11554,9731,Android,WiFi
11555,9732,Android,4G
11556,9733,Android,4G
11557,9734,Android,4G
11558,9735,Android,5G
11559,9736,Android,5G
11560,9737,Android,WiFi
11561,9737,Android,5G
11562,9738,Android,4G
11563,9738,Android,4G
11564,9739,Android,4G
11565,9740,Android,5G
11566,9741,iOS,5G
11567,9741,iOS,5G
11568,9742,Android,WiFi
11569,9743,iOS,4G
11570,9743,Android,4G
11571,9744,iOS,4G
11572,9745,Android,5G
11573,9746,Android,4G
11574,9746,iOS,4G
11575,9747,Android,4G
11576,9748,Android,WiFi
11577,9749,iOS,WiFi
11578,9749,Android,4G
11579,9750,iOS,5G
11580,9751,Android,4G
11581,9752,iOS,5G
11582,9753,Android,5G
11583,9753,Android,5G
11584,9754,Android,4G
11585,9755,Android,4G
11586,9756,iOS,5G
11587,9757,Android,5G
11588,9758,Android,5G
11589,9759,Android,4G
11590,9760,Android,4G
11591,9760,Android,5G
11592,9761,Android,4G
11593,9762,Android,5G
11594,9763,Android,4G
11595,9764,Android,5G
11596,9764,Web,4G
11597,9765,iOS,4G
11598,9766,Android,5G
11599,9767,Android,4G
11600,9767,Android,WiFi
11601,9768,iOS,WiFi
11602,9769,iOS,5G
11603,9770,Android,4G
11604,9771,Android,4G
11605,9772,Android,4G
11606,9773,Android,4G
11607,9774,Android,4G
11608,9775,Android,4G
11609,9776,Android,5G
11610,9777,iOS,4G
11611,9778,iOS,4G
11612,9779,Android,4G
11613,9779,Android,4G
11614,9780,Android,4G
11615,9781,Android,5G
11616,9782,Android,4G
11617,9782,Web,5G
11618,9783,Android,4G
11619,9784,Android,4G
11620,9785,Android,5G
11621,9786,Android,4G
11622,9787,Android,4G
11623,9788,Android,5G
11624,9789,iOS,5G
11625,9790,Android,5G
11626,9791,Android,4G
11627,9792,Android,4G
11628,9793,Android,WiFi
11629,9794,Android,4G
11630,9795,Android,4G
11631,9796,iOS,5G
11632,9796,Android,5G
11633,9797,Android,4G
11634,9797,iOS,4G
11635,9798,Android,4G
11636,9799,Android,3G
11637,9800,iOS,5G
11638,9801,Android,4G
11639,9802,Android,5G
11640,9802,Android,4G
11641,9803,Android,4G
11642,9804,Android,4G
11643,9805,Android,4G
11644,9806,Android,5G
11645,9806,Android,5G
11646,9807,Android,WiFi
11647,9808,Android,5G
11648,9808,Android,5G
11649,9809,Android,3G
11650,9810,Android,5G
11651,9811,Android,WiFi
11652,9812,iOS,5G
11653,9813,Android,5G
11654,9814,Web,3G
11655,9815,Android,WiFi
11656,9816,iOS,4G
11657,9817,Android,5G
11658,9817,Android,WiFi
11659,9818,Android,4G
11660,9819,Android,4G
11661,9820,iOS,WiFi
11662,9821,Android,4G
11663,9822,Android,5G
11664,9822,iOS,5G
11665,9823,Android,WiFi
11666,9824,Android,WiFi
11667,9825,Android,4G
11668,9826,Android,5G
11669,9827,iOS,3G
11670,9827,Android,5G
11671,9828,Android,5G
11672,9829,Android,4G
11673,9829,Android,5G
11674,9830,iOS,4G
11675,9831,Android,5G
11676,9832,Android,WiFi
11677,9832,iOS,4G
11678,9833,Android,5G
11679,9834,Android,5G
11680,9835,Android,WiFi
11681,9836,Android,WiFi
11682,9837,Android,3G
11683,9838,Android,4G
11684,9839,Android,3G
11685,9840,Android,5G
11686,9841,Android,5G
11687,9842,Android,5G
11688,9843,iOS,5G
11689,9844,iOS,5G
11690,9844,Web,3G
11691,9845,iOS,4G
11692,9846,Android,4G
11693,9847,iOS,4G
11694,9848,Android,4G
11695,9849,Android,4G
11696,9850,Android,4G
11697,9850,iOS,5G
11698,9851,Android,4G
11699,9852,Android,4G
11700,9853,Android,WiFi
11701,9853,Android,4G
11702,9854,Android,5G
11703,9855,Android,4G
11704,9855,Android,4G
11705,9856,Android,WiFi
11706,9857,Android,WiFi
11707,9857,Android,5G
11708,9858,Android,4G
11709,9859,Android,5G
11710,9859,Android,5G
11711,9860,iOS,5G
11712,9861,iOS,4G
11713,9861,Android,5G
11714,9862,Android,WiFi
11715,9863,Android,WiFi
11716,9864,iOS,WiFi
11717,9865,iOS,3G
11718,9866,Android,4G
11719,9867,Android,3G
11720,9868,iOS,4G
11721,9869,Android,WiFi
11722,9869,Android,4G
11723,9870,Android,4G
11724,9871,Android,5G
11725,9872,Android,5G
11726,9873,Android,5G
11727,9874,Android,3G
11728,9875,Android,5G
11729,9876,iOS,4G
11730,9876,Android,5G
11731,9877,Android,WiFi
11732,9878,Android,4G
11733,9879,Android,5G
11734,9880,Android,4G
11735,9880,Android,5G
11736,9881,Android,4G
11737,9881,Android,WiFi
11738,9882,Android,5G
11739,9883,Web,4G
11740,9883,Android,WiFi
11741,9884,Android,WiFi
11742,9885,iOS,WiFi
11743,9886,Android,WiFi
11744,9887,Android,5G
11745,9887,Android,5G
11746,9888,Android,WiFi
11747,9888,Android,4G
11748,9889,Web,5G
11749,9889,Android,5G
11750,9890,Android,WiFi
11751,9891,Web,WiFi
11752,9892,iOS,4G
11753,9892,Android,4G
11754,9893,Android,4G
11755,9894,Android,4G
11756,9895,Android,4G
11757,9896,Android,5G
11758,9896,Android,4G
11759,9897,Android,4G
11760,9897,Android,5G
11761,9898,Android,4G
11762,9899,Android,4G
11763,9900,iOS,5G
11764,9900,iOS,4G
11765,9901,iOS,5G
11766,9902,Android,4G
11767,9903,Android,4G
11768,9903,iOS,4G
11769,9904,iOS,5G
11770,9905,Android,4G
11771,9906,Android,5G
11772,9906,Android,5G
11773,9907,Android,4G
11774,9908,Android,4G
11775,9909,Android,3G
11776,9910,Android,WiFi
11777,9911,Android,4G
11778,9912,Android,5G
11779,9912,Android,5G
11780,9913,Android,WiFi
11781,9914,Android,5G
11782,9915,Android,WiFi
11783,9916,Android,5G
11784,9917,Android,4G
11785,9918,Android,WiFi
11786,9919,Android,4G
11787,9920,Android,5G
11788,9921,iOS,5G
11789,9922,Android,5G
11790,9923,Android,5G
11791,9924,Android,5G
11792,9925,Android,4G
11793,9926,Android,4G
11794,9926,Android,5G
11795,9927,iOS,3G
11796,9928,Android,4G
11797,9929,Android,WiFi
11798,9930,Android,4G
11799,9930,Android,WiFi
11800,9931,Android,4G
11801,9932,iOS,5G
11802,9933,Android,4G
11803,9934,Android,5G
11804,9935,Android,5G
11805,9936,iOS,4G
11806,9937,Android,WiFi
11807,9938,Android,WiFi
11808,9939,Android,5G
11809,9939,Android,4G
11810,9940,iOS,4G
11811,9940,Android,WiFi
11812,9941,Android,4G
11813,9941,Android,WiFi
11814,9942,iOS,5G
11815,9943,Android,5G
11816,9944,Android,3G
11817,9945,Android,WiFi
11818,9946,Android,4G
11819,9947,Android,4G
11820,9948,Android,WiFi
11821,9949,Android,5G
11822,9950,Android,WiFi
11823,9951,Android,4G
11824,9952,Android,4G
11825,9953,Android,5G
11826,9954,iOS,4G
11827,9955,Android,4G
11828,9956,Web,4G
11829,9957,Android,5G
11830,9958,Android,WiFi
11831,9959,Android,3G
11832,9960,Android,4G
11833,9961,Android,4G
11834,9962,Android,4G
11835,9963,Android,4G
11836,9964,iOS,3G
11837,9965,Android,5G
11838,9966,Android,5G
11839,9967,Android,4G
11840,9968,Android,4G
11841,9969,Android,5G
11842,9969,Android,4G
11843,9970,Android,4G
11844,9971,Android,WiFi
11845,9972,Android,5G
11846,9973,iOS,4G
11847,9974,iOS,5G
11848,9974,Android,4G
11849,9975,Android,5G
11850,9976,Android,4G
11851,9976,Android,4G
11852,9977,Android,4G
11853,9978,Android,WiFi
11854,9979,iOS,WiFi
11855,9980,Android,4G
11856,9981,Android,5G
11857,9982,Android,5G
11858,9982,Android,5G
11859,9983,Android,WiFi
11860,9983,Android,4G
11861,9984,Android,4G
11862,9985,Android,4G
11863,9985,Android,4G
11864,9986,Android,4G
11865,9987,Web,4G
11866,9988,Android,5G
11867,9988,Android,WiFi
11868,9989,Android,WiFi
11869,9990,Android,4G
11870,9991,Web,4G
11871,9992,Android,4G
11872,9992,Android,5G
11873,9993,Android,4G
11874,9994,Android,4G
11875,9995,Android,4G
11876,9996,Android,4G
11877,9997,Android,4G
11878,9998,Android,5G
11879,9999,Android,5G
11880,10000,iOS,5G
11881,10001,Android,3G
11882,10001,Android,WiFi
11883,10002,iOS,4G
11884,10003,Android,4G
11885,10004,iOS,4G
11886,10005,iOS,5G
11887,10005,Android,4G
11888,10006,Android,WiFi
11889,10007,Android,WiFi
11890,10007,iOS,WiFi
11891,10008,iOS,5G
11892,10009,Android,5G
11893,10010,Android,WiFi
11894,10011,Android,5G
11895,10011,Android,4G
11896,10012,Android,4G
11897,10012,Android,WiFi
11898,10013,Android,WiFi
11899,10014,Android,4G
11900,10015,iOS,5G
11901,10015,Android,3G
11902,10016,Android,4G
11903,10017,Android,5G
11904,10017,Android,4G
11905,10018,Android,4G
11906,10019,Android,4G
11907,10019,Android,WiFi
11908,10020,Android,5G
11909,10021,Web,5G
11910,10021,Android,WiFi
11911,10022,Android,WiFi
11912,10023,Android,4G
11913,10024,iOS,5G
11914,10025,Android,5G
11915,10025,Android,3G
11916,10026,iOS,4G
11917,10027,Android,4G
11918,10028,Android,4G
11919,10029,iOS,5G
11920,10030,Android,4G
11921,10031,Android,4G
11922,10032,Android,4G
11923,10033,Android,4G
11924,10034,Android,4G
11925,10035,Android,4G
11926,10036,Android,WiFi
11927,10037,Android,5G
11928,10037,Android,4G
11929,10038,Android,5G
11930,10039,iOS,5G
11931,10040,Android,WiFi
11932,10041,Android,4G
11933,10042,Android,4G
11934,10043,Android,4G
11935,10044,iOS,WiFi
11936,10045,Android,WiFi
11937,10046,Android,4G
11938,10047,Web,4G
11939,10047,Android,4G
11940,10048,Android,4G
11941,10048,iOS,4G
11942,10049,Android,5G
11943,10050,Android,WiFi
11944,10051,Android,4G
11945,10052,Android,5G
11946,10052,Android,4G
11947,10053,Android,4G
11948,10054,Android,4G
11949,10054,Android,5G
11950,10055,Android,5G
11951,10056,iOS,4G
11952,10057,iOS,3G
11953,10057,iOS,4G
11954,10058,Android,4G
11955,10059,Android,5G
11956,10060,Android,4G
11957,10060,Android,5G
11958,10061,Android,5G
11959,10062,Android,5G
11960,10063,Android,4G
11961,10064,Android,4G
11962,10065,Android,4G
11963,10065,Android,4G
11964,10066,Android,4G
11965,10067,iOS,WiFi
11966,10068,Android,3G
11967,10069,Android,4G
11968,10070,Android,WiFi
11969,10071,Android,WiFi
11970,10072,Android,4G
11971,10073,Android,5G
11972,10074,Android,WiFi
11973,10075,Android,5G
11974,10076,Android,5G
11975,10077,Android,4G
11976,10078,Android,5G
11977,10078,Android,WiFi
11978,10079,Android,5G
11979,10080,iOS,4G
11980,10081,Android,WiFi
11981,10082,Android,4G
11982,10083,Android,4G
11983,10084,Android,4G
11984,10085,Android,4G
11985,10085,Android,4G
11986,10086,Android,5G
11987,10087,Android,4G
11988,10088,Android,WiFi
11989,10089,Android,WiFi
11990,10089,Android,WiFi
11991,10090,Android,WiFi
11992,10091,Android,5G
11993,10091,iOS,4G
11994,10092,iOS,5G
11995,10093,Android,4G
11996,10094,Android,4G
11997,10094,Android,4G
11998,10095,Android,5G
11999,10095,iOS,5G
12000,10096,Android,4G
12001,10097,Android,WiFi
12002,10097,Android,4G
12003,10098,Android,4G
12004,10099,Android,5G
12005,10100,Android,4G
12006,10101,iOS,4G
12007,10102,Android,5G
12008,10103,Android,3G
12009,10104,Android,5G
12010,10105,Android,4G
12011,10106,Android,4G
12012,10107,Android,5G
12013,10108,Android,4G
12014,10109,Android,5G
12015,10110,Android,4G
12016,10111,Android,4G
12017,10112,Android,5G
12018,10113,iOS,4G
12019,10114,iOS,4G
12020,10115,Android,WiFi
12021,10116,Android,WiFi
12022,10117,Android,4G
12023,10118,Android,WiFi
12024,10119,Android,5G
12025,10120,Android,4G
12026,10121,Android,4G
12027,10122,Android,5G
12028,10123,iOS,5G
12029,10123,Android,4G
12030,10124,Android,5G
12031,10125,Android,4G
12032,10125,iOS,5G
12033,10126,iOS,4G
12034,10127,Android,5G
12035,10128,iOS,4G
12036,10129,Android,WiFi
12037,10130,Android,4G
12038,10131,Android,4G
12039,10132,Android,5G
12040,10132,Android,WiFi
12041,10133,Android,4G
12042,10134,iOS,WiFi
12043,10135,iOS,WiFi
12044,10136,Android,5G
12045,10137,Android,WiFi
12046,10138,Android,5G
12047,10139,Android,4G
12048,10140,Android,5G
12049,10141,iOS,4G
12050,10142,iOS,4G
12051,10143,Android,5G
12052,10144,Android,4G
12053,10145,Android,4G
12054,10145,Android,5G
12055,10146,iOS,WiFi
12056,10147,Android,5G
12057,10148,Android,4G
12058,10149,Android,4G
12059,10150,Android,5G
12060,10151,Android,4G
12061,10152,Android,5G
12062,10152,Android,WiFi
12063,10153,iOS,4G
12064,10153,Web,5G
12065,10154,Android,5G
12066,10155,Android,5G
12067,10156,Android,4G
12068,10157,Android,5G
12069,10157,Android,WiFi
12070,10158,Android,4G
12071,10159,iOS,4G
12072,10160,Android,5G
12073,10161,Android,3G
12074,10161,Android,WiFi
12075,10162,Android,WiFi
12076,10163,Android,5G
12077,10164,Android,4G
12078,10165,iOS,5G
12079,10165,Android,WiFi
12080,10166,Android,4G
12081,10166,iOS,5G
12082,10167,Android,4G
12083,10168,Android,5G
12084,10169,iOS,4G
12085,10170,Android,WiFi
12086,10171,Android,4G
12087,10172,iOS,WiFi
12088,10173,Android,4G
12089,10174,iOS,4G
12090,10174,Android,4G
12091,10175,iOS,5G
12092,10176,Android,4G
12093,10177,Android,5G
12094,10178,Android,4G
12095,10178,Android,4G
12096,10179,Android,4G
12097,10180,Android,4G
12098,10181,Android,4G
12099,10181,Android,WiFi
12100,10182,Android,4G
12101,10183,iOS,5G
12102,10184,Android,4G
12103,10184,Android,5G
12104,10185,iOS,4G
12105,10185,Android,4G
12106,10186,Android,5G
12107,10186,Android,4G
12108,10187,iOS,5G
12109,10188,iOS,5G
12110,10189,Android,4G
12111,10190,Android,4G
12112,10191,Android,4G
12113,10191,Android,4G
12114,10192,Android,4G
12115,10192,Android,4G
12116,10193,iOS,5G
12117,10194,Android,4G
12118,10195,Android,4G
12119,10196,Android,5G
12120,10197,iOS,4G
12121,10198,iOS,5G
12122,10199,Android,5G
12123,10200,Android,5G
12124,10201,Android,4G
12125,10202,Web,5G
12126,10203,iOS,4G
12127,10203,Web,4G
12128,10204,Android,4G
12129,10205,Android,WiFi
12130,10206,Android,3G
12131,10207,Android,4G
12132,10208,Android,4G
12133,10208,Android,5G
12134,10209,Android,5G
12135,10210,Android,5G
12136,10211,Android,4G
12137,10212,iOS,5G
12138,10213,Android,4G
12139,10214,Android,4G
12140,10215,Android,4G
12141,10216,Android,5G
12142,10217,iOS,5G
12143,10218,iOS,5G
12144,10218,Android,4G
12145,10219,Android,5G
12146,10219,Android,4G
12147,10220,Android,5G
12148,10221,Android,4G
12149,10222,Android,5G
12150,10223,iOS,4G
12151,10224,Android,4G
12152,10224,Android,5G
12153,10225,Android,4G
12154,10225,iOS,4G
12155,10226,Android,5G
12156,10227,Android,5G
12157,10228,Android,5G
12158,10229,Android,5G
12159,10229,Android,WiFi
12160,10230,Android,4G
12161,10231,Android,5G
12162,10231,Android,5G
12163,10232,Web,4G
12164,10232,Android,4G
12165,10233,Android,4G
12166,10233,iOS,5G
12167,10234,Android,WiFi
12168,10235,Android,5G
12169,10236,Android,5G
12170,10237,Android,5G
12171,10237,Android,5G
12172,10238,Android,WiFi
12173,10239,Android,WiFi
12174,10240,Android,4G
12175,10241,Android,5G
12176,10242,Android,4G
12177,10243,Android,4G
12178,10244,Android,3G
12179,10244,iOS,5G
12180,10245,iOS,4G
12181,10245,iOS,4G
12182,10246,Android,4G
12183,10247,iOS,4G
12184,10248,Android,4G
12185,10248,Android,4G
12186,10249,iOS,5G
12187,10250,Android,5G
12188,10250,Android,3G
12189,10251,Android,5G
12190,10252,iOS,4G
12191,10253,Android,WiFi
12192,10254,Android,4G
12193,10255,Android,4G
12194,10255,iOS,WiFi
12195,10256,Android,5G
12196,10256,Android,4G
12197,10257,Android,5G
12198,10258,Android,5G
12199,10259,Android,4G
12200,10260,Android,WiFi
12201,10261,Android,5G
12202,10261,iOS,4G
12203,10262,Android,4G
12204,10262,iOS,4G
12205,10263,Android,5G
12206,10264,Android,4G
12207,10265,Android,4G
12208,10266,Android,WiFi
12209,10267,iOS,WiFi
12210,10268,Android,4G
12211,10268,Android,5G
12212,10269,Android,4G
12213,10270,Android,WiFi
12214,10271,Android,5G
12215,10271,iOS,4G
12216,10272,Android,5G
12217,10272,Android,WiFi
12218,10273,Android,4G
12219,10274,Android,WiFi
12220,10275,iOS,5G
12221,10276,Android,4G
12222,10277,Android,4G
12223,10277,Android,WiFi
12224,10278,iOS,WiFi
12225,10279,Android,4G
12226,10280,Android,5G
12227,10281,Android,4G
12228,10282,Android,5G
12229,10283,iOS,4G
12230,10284,Android,4G
12231,10285,Android,5G
12232,10286,iOS,4G
12233,10287,iOS,5G
12234,10287,iOS,5G
12235,10288,Android,5G
12236,10289,iOS,4G
12237,10290,Android,3G
12238,10291,Android,5G
12239,10292,Android,4G
12240,10292,Android,4G
12241,10293,Android,4G
12242,10294,Android,5G
12243,10295,Android,4G
12244,10296,Android,4G
12245,10297,iOS,4G
12246,10298,iOS,4G
12247,10299,Android,4G
12248,10299,Android,5G
12249,10300,iOS,WiFi
12250,10301,iOS,4G
12251,10301,Android,4G
12252,10302,Android,WiFi
12253,10303,Android,5G
12254,10304,Android,4G
12255,10305,Web,5G
12256,10306,Web,5G
12257,10306,Android,WiFi
12258,10307,Android,4G
12259,10308,Android,WiFi
12260,10309,Android,4G
12261,10310,Android,4G
12262,10311,Android,WiFi
12263,10312,iOS,WiFi
12264,10312,Android,3G
12265,10313,Android,4G
12266,10314,Android,5G
12267,10315,Android,4G
12268,10316,iOS,4G
12269,10317,Android,WiFi
12270,10318,Android,WiFi
12271,10319,iOS,4G
12272,10320,iOS,4G
12273,10321,iOS,4G
12274,10322,Android,5G
12275,10323,Android,4G
12276,10324,Android,5G
12277,10325,Android,4G
12278,10326,Android,5G
12279,10327,Android,3G
12280,10328,Android,5G
12281,10329,iOS,4G
12282,10330,Android,4G
12283,10331,Android,WiFi
12284,10332,Android,5G
12285,10333,Android,5G
12286,10334,Web,WiFi
12287,10335,Android,4G
12288,10336,Android,3G
12289,10337,Android,5G
12290,10338,Android,5G
12291,10339,Android,3G
12292,10340,Android,4G
12293,10341,Web,5G
12294,10342,Android,5G
12295,10343,Android,WiFi
12296,10344,Web,5G
12297,10345,Android,WiFi
12298,10346,Android,4G
12299,10347,Android,4G
12300,10348,Android,5G
12301,10349,Android,4G
12302,10350,Android,5G
12303,10351,Android,WiFi
12304,10352,Android,5G
12305,10353,Android,5G
12306,10354,Android,5G
12307,10355,Android,WiFi
12308,10356,iOS,WiFi
12309,10357,iOS,4G
12310,10358,Android,WiFi
12311,10359,Android,5G
12312,10360,Android,WiFi
12313,10361,iOS,5G
12314,10361,iOS,5G
12315,10362,Android,WiFi
12316,10363,iOS,5G
12317,10364,Android,WiFi
12318,10365,Android,5G
12319,10365,iOS,4G
12320,10366,iOS,WiFi
12321,10367,Android,3G
12322,10367,Android,4G
12323,10368,Android,5G
12324,10369,Android,4G
12325,10370,iOS,WiFi
12326,10370,Android,WiFi
12327,10371,iOS,4G
12328,10372,Android,5G
12329,10373,Android,4G
12330,10374,Android,4G
12331,10375,Android,WiFi
12332,10376,Android,4G
12333,10377,Android,5G
12334,10377,iOS,4G
12335,10378,Android,WiFi
12336,10379,Android,4G
12337,10380,iOS,4G
12338,10381,iOS,4G
12339,10381,iOS,4G
12340,10382,Android,5G
12341,10383,Android,5G
12342,10384,Android,4G
12343,10385,Android,5G
12344,10386,Android,WiFi
12345,10386,Android,4G
12346,10387,Android,WiFi
12347,10388,Android,4G
12348,10389,Android,4G
12349,10389,Web,4G
12350,10390,Android,5G
12351,10391,Android,4G
12352,10392,Android,WiFi
12353,10393,Android,4G
12354,10394,Web,5G
12355,10395,Android,WiFi
12356,10396,Android,4G
12357,10396,iOS,4G
12358,10397,Android,4G
12359,10398,iOS,4G
12360,10399,Android,5G
12361,10400,iOS,WiFi
12362,10401,Android,4G
12363,10402,Android,5G
12364,10403,Android,4G
12365,10403,Android,4G
12366,10404,iOS,5G
12367,10404,Android,WiFi
12368,10405,Android,3G
12369,10406,Android,4G
12370,10407,Android,4G
12371,10408,iOS,WiFi
12372,10409,Android,5G
12373,10410,Android,5G
12374,10410,Android,5G
12375,10411,Android,WiFi
12376,10412,Android,WiFi
12377,10413,Android,5G
12378,10413,Android,4G
12379,10414,Android,WiFi
12380,10415,Android,4G
12381,10415,Android,WiFi
12382,10416,iOS,4G
12383,10417,Android,5G
12384,10418,Android,3G
12385,10419,Android,4G
12386,10419,iOS,5G
12387,10420,Android,5G
12388,10421,Android,4G
12389,10422,iOS,5G
12390,10423,Android,5G
12391,10424,iOS,4G
12392,10425,iOS,WiFi
12393,10426,Android,5G
12394,10427,iOS,4G
12395,10427,Android,4G
12396,10428,Android,4G
12397,10429,Android,4G
12398,10430,Android,3G
12399,10431,Android,4G
12400,10432,Android,5G
12401,10432,Android,WiFi
12402,10433,Android,WiFi
12403,10434,Android,5G
12404,10435,Android,4G
12405,10436,Android,4G
12406,10437,Android,4G
12407,10437,Android,5G
12408,10438,Android,WiFi
12409,10439,Android,5G
12410,10439,Android,WiFi
12411,10440,Android,4G
12412,10441,iOS,4G
12413,10441,Android,4G
12414,10442,Android,4G
12415,10443,Android,4G
12416,10444,iOS,5G
12417,10444,iOS,4G
12418,10445,Android,4G
12419,10446,Android,4G
12420,10447,Android,5G
12421,10448,iOS,3G
12422,10449,iOS,4G
12423,10450,Android,5G
12424,10451,Android,4G
12425,10452,Web,WiFi
12426,10453,Android,4G
12427,10454,Android,4G
12428,10455,Android,5G
12429,10456,Android,WiFi
12430,10457,Android,4G
12431,10458,Android,5G
12432,10458,Android,4G
12433,10459,Android,4G
12434,10459,iOS,WiFi
12435,10460,Android,5G
12436,10461,Android,4G
12437,10462,Android,WiFi
12438,10462,Android,4G
12439,10463,Web,4G
12440,10464,Android,4G
12441,10465,Android,5G
12442,10465,Android,4G
12443,10466,iOS,5G
12444,10467,iOS,5G
12445,10468,Android,WiFi
12446,10468,Android,4G
12447,10469,Android,5G
12448,10469,Android,WiFi
12449,10470,Android,4G
12450,10471,Android,WiFi
12451,10472,iOS,4G
12452,10473,iOS,WiFi
12453,10474,Android,4G
12454,10475,Android,3G
12455,10476,Android,5G
12456,10477,Android,WiFi
12457,10478,iOS,5G
12458,10479,Android,5G
12459,10479,Android,4G
12460,10480,Android,4G
12461,10481,Android,4G
12462,10482,Android,WiFi
12463,10482,Android,5G
12464,10483,iOS,4G
12465,10484,iOS,4G
12466,10485,Android,WiFi
12467,10485,Android,WiFi
12468,10486,Android,4G
12469,10487,Android,4G
12470,10488,Android,WiFi
12471,10489,iOS,WiFi
12472,10490,iOS,5G
12473,10491,iOS,4G
12474,10491,Android,5G
12475,10492,Android,4G
12476,10493,Android,WiFi
12477,10494,Android,5G
12478,10494,iOS,4G
12479,10495,Android,4G
12480,10496,iOS,4G
12481,10497,Android,3G
12482,10498,Android,4G
12483,10499,Web,5G
12484,10500,Web,4G
12485,10501,Android,3G
12486,10502,Android,4G
12487,10503,Android,4G
12488,10504,Android,4G
12489,10504,Android,5G
12490,10505,Android,WiFi
12491,10505,Android,5G
12492,10506,Android,5G
12493,10506,Android,5G
12494,10507,Android,5G
12495,10508,iOS,5G
12496,10508,iOS,WiFi
12497,10509,iOS,5G
12498,10510,Android,4G
12499,10511,Android,WiFi
12500,10512,Android,4G
12501,10513,Android,WiFi
12502,10514,Android,4G
12503,10515,iOS,WiFi
12504,10516,Android,4G
12505,10516,iOS,4G
12506,10517,iOS,4G
12507,10518,Android,5G
12508,10519,Android,5G
12509,10520,iOS,4G
12510,10521,Android,5G
12511,10522,Android,4G
12512,10523,Android,5G
12513,10524,Android,WiFi
12514,10525,Android,4G
12515,10526,Android,WiFi
12516,10527,iOS,4G
12517,10528,Android,4G
12518,10529,Android,WiFi
12519,10530,Android,WiFi
12520,10531,iOS,5G
12521,10532,iOS,WiFi
12522,10533,Android,4G
12523,10534,iOS,5G
12524,10535,Android,4G
12525,10536,Android,4G
12526,10537,Android,WiFi
12527,10538,Android,4G
12528,10539,Android,4G
12529,10540,Android,4G
12530,10541,Android,WiFi
12531,10541,iOS,5G
12532,10542,Android,WiFi
12533,10543,Android,4G
12534,10544,Android,5G
12535,10544,Android,WiFi
12536,10545,Android,4G
12537,10546,Android,4G
12538,10547,Android,5G
12539,10547,Android,4G
12540,10548,Android,5G
12541,10548,iOS,WiFi
12542,10549,Android,WiFi
12543,10550,Android,WiFi
12544,10550,Android,5G
12545,10551,Android,4G
12546,10552,Android,4G
12547,10553,Android,4G
12548,10554,Android,4G
12549,10554,Android,5G
12550,10555,Android,5G
12551,10556,Android,4G
12552,10557,iOS,4G
12553,10558,Android,5G
12554,10558,Android,5G
12555,10559,iOS,5G
12556,10559,Android,WiFi
12557,10560,Android,4G
12558,10561,Android,4G
12559,10562,Android,4G
12560,10563,Android,3G
12561,10564,Android,4G
12562,10565,Android,4G
12563,10566,Android,WiFi
12564,10567,Android,WiFi
12565,10567,Android,4G
12566,10568,Android,4G
12567,10569,Android,4G
12568,10570,Android,4G
12569,10571,iOS,WiFi
12570,10572,Android,5G
12571,10573,Android,4G
12572,10573,Android,4G
12573,10574,Android,WiFi
12574,10575,Android,WiFi
12575,10575,Android,WiFi
12576,10576,Android,4G
12577,10577,Android,5G
12578,10578,Web,4G
12579,10579,Android,4G
12580,10580,iOS,5G
12581,10581,iOS,WiFi
12582,10581,Android,5G
12583,10582,Android,5G
12584,10583,iOS,WiFi
12585,10584,Android,5G
12586,10585,iOS,WiFi
12587,10585,Android,3G
12588,10586,Android,4G
12589,10587,Android,4G
12590,10588,Android,4G
12591,10589,Android,5G
12592,10590,Android,WiFi
12593,10591,iOS,WiFi
12594,10591,Android,4G
12595,10592,Android,4G
12596,10593,Android,WiFi
12597,10594,iOS,WiFi
12598,10594,Android,4G
12599,10595,iOS,WiFi
12600,10596,Android,5G
12601,10596,Android,5G
12602,10597,Android,3G
12603,10598,Android,4G
12604,10599,Android,5G
12605,10600,Android,4G
12606,10601,Android,4G
12607,10602,Android,4G
12608,10603,Android,4G
12609,10604,Android,4G
12610,10605,Android,WiFi
12611,10606,Android,WiFi
12612,10607,Android,4G
12613,10608,iOS,4G
12614,10609,iOS,4G
12615,10610,iOS,4G
12616,10611,iOS,4G
12617,10612,Android,4G
12618,10613,Android,5G
12619,10614,Android,4G
12620,10615,Android,3G
12621,10616,Android,5G
12622,10617,Android,5G
12623,10618,Android,WiFi
12624,10619,Android,WiFi
12625,10620,Android,4G
12626,10621,Android,5G
12627,10622,Android,WiFi
12628,10623,Android,4G
12629,10623,Android,4G
12630,10624,iOS,5G
12631,10625,iOS,4G
12632,10626,Android,5G
12633,10627,Android,4G
12634,10628,Android,4G
12635,10629,iOS,3G
12636,10630,Android,4G
12637,10631,Android,3G
12638,10631,Android,4G
12639,10632,Android,5G
12640,10633,Android,5G
12641,10634,Android,4G
12642,10635,Android,4G
12643,10636,iOS,4G
12644,10637,iOS,WiFi
12645,10638,Android,4G
12646,10639,Android,5G
12647,10640,Android,5G
12648,10641,Android,WiFi
12649,10642,Web,5G
12650,10642,Web,4G
12651,10643,Android,5G
12652,10643,Android,4G
12653,10644,Android,4G
12654,10645,Android,4G
12655,10646,Android,5G
12656,10647,Android,4G
12657,10648,Android,5G
12658,10649,Android,5G
12659,10649,Android,4G
12660,10650,Android,WiFi
12661,10651,Android,5G
12662,10652,Android,4G
12663,10652,Web,5G
12664,10653,Android,WiFi
12665,10653,Web,4G
12666,10654,Android,4G
12667,10655,Android,4G
12668,10656,Android,5G
12669,10657,iOS,4G
12670,10658,Android,5G
12671,10658,Android,WiFi
12672,10659,Android,5G
12673,10660,Android,4G
12674,10661,Android,4G
12675,10662,Android,4G
12676,10663,Android,5G
12677,10664,iOS,4G
12678,10665,Android,3G
12679,10666,iOS,5G
12680,10666,Android,WiFi
12681,10667,iOS,5G
12682,10668,iOS,4G
12683,10669,Android,4G
12684,10670,Android,5G
12685,10671,Web,4G
12686,10672,Android,5G
12687,10673,Android,WiFi
12688,10674,Web,5G
12689,10675,Android,4G
12690,10676,Android,4G
12691,10677,iOS,WiFi
12692,10678,iOS,WiFi
12693,10679,Android,5G
12694,10680,Android,4G
12695,10681,iOS,4G
12696,10682,Android,WiFi
12697,10683,Android,4G
12698,10684,Android,4G
12699,10684,Android,5G
12700,10685,Android,4G
12701,10686,iOS,5G
12702,10686,Android,5G
12703,10687,Android,5G
12704,10688,Android,4G
12705,10689,iOS,4G
12706,10690,Android,4G
12707,10691,Android,4G
12708,10692,iOS,4G
12709,10693,Android,4G
12710,10694,iOS,5G
12711,10695,Android,5G
12712,10696,Android,4G
12713,10697,Android,3G
12714,10698,Android,5G
12715,10699,Android,4G
12716,10699,Android,WiFi
12717,10700,Android,WiFi
12718,10700,Web,5G
12719,10701,Android,4G
12720,10702,Android,4G
12721,10703,Android,WiFi
12722,10704,Android,5G
12723,10705,Android,WiFi
12724,10706,Android,5G
12725,10707,Android,4G
12726,10708,Android,WiFi
12727,10709,Android,5G
12728,10710,Android,5G
12729,10711,Android,WiFi
12730,10712,Android,4G
12731,10713,Android,4G
12732,10714,Android,3G
12733,10714,Android,5G
12734,10715,Android,WiFi
12735,10716,Android,4G
12736,10716,Android,WiFi
12737,10717,Android,4G
12738,10718,Android,WiFi
12739,10719,iOS,4G
12740,10720,Android,5G
12741,10721,iOS,4G
12742,10721,Android,4G
12743,10722,Android,WiFi
12744,10722,Android,4G
12745,10723,Android,4G
12746,10724,Android,5G
12747,10725,Android,5G
12748,10726,Android,4G
12749,10727,Android,4G
12750,10728,iOS,WiFi
12751,10728,iOS,WiFi
12752,10729,Web,5G
12753,10729,Android,WiFi
12754,10730,Android,4G
12755,10731,Android,4G
12756,10732,Android,4G
12757,10733,Android,5G
12758,10734,Android,4G
12759,10735,Android,5G
12760,10736,Android,5G
12761,10736,Android,3G
12762,10737,Web,5G
12763,10738,Android,5G
12764,10739,Web,3G
12765,10740,Android,5G
12766,10741,Android,3G
12767,10741,Android,3G
12768,10742,iOS,5G
12769,10743,Android,5G
12770,10744,Android,4G
12771,10745,Android,4G
12772,10746,Android,4G
12773,10747,Android,4G
12774,10748,Android,5G
12775,10749,iOS,3G
12776,10750,Android,5G
12777,10751,Android,5G
12778,10752,Android,5G
12779,10753,Android,4G
12780,10754,Android,WiFi
12781,10755,Android,5G
12782,10756,Android,4G
12783,10756,Android,WiFi
12784,10757,iOS,4G
12785,10758,iOS,5G
12786,10758,Android,WiFi
12787,10759,Android,4G
12788,10760,Android,4G
12789,10761,iOS,5G
12790,10762,Android,WiFi
12791,10763,iOS,WiFi
12792,10764,Android,5G
12793,10765,iOS,4G
12794,10766,Android,5G
12795,10767,Android,4G
12796,10768,Android,4G
12797,10769,Android,4G
12798,10769,Android,4G
12799,10770,Android,4G
12800,10771,Android,WiFi
12801,10772,Android,WiFi
12802,10773,Android,4G
12803,10773,Android,4G
12804,10774,Android,4G
12805,10775,Web,4G
12806,10776,iOS,4G
12807,10777,Android,5G
12808,10778,Android,WiFi
12809,10779,iOS,WiFi
12810,10780,Web,4G
12811,10781,iOS,4G
12812,10782,iOS,WiFi
12813,10783,iOS,4G
12814,10784,Android,WiFi
12815,10784,Android,WiFi
12816,10785,iOS,5G
12817,10786,iOS,5G
12818,10786,Android,WiFi
12819,10787,Android,WiFi
12820,10788,Android,4G
12821,10789,Android,4G
12822,10790,iOS,4G
12823,10791,Android,4G
12824,10792,Android,WiFi
12825,10793,Android,4G
12826,10793,Web,5G
12827,10794,Android,WiFi
12828,10795,Android,5G
12829,10796,Android,4G
12830,10797,iOS,4G
12831,10798,Android,WiFi
12832,10799,Android,4G
12833,10799,iOS,5G
12834,10800,iOS,4G
12835,10801,Android,4G
12836,10802,iOS,5G
12837,10803,iOS,WiFi
12838,10804,iOS,WiFi
12839,10805,Android,4G
12840,10805,Android,5G
12841,10806,Android,5G
12842,10807,Android,4G
12843,10808,Android,WiFi
12844,10809,Android,4G
12845,10810,Android,5G
12846,10811,Android,5G
12847,10812,Android,4G
12848,10812,iOS,4G
12849,10813,Web,5G
12850,10814,Android,WiFi
12851,10815,iOS,4G
12852,10816,Android,5G
12853,10817,Android,4G
12854,10818,Android,4G
12855,10819,Android,WiFi
12856,10820,Android,WiFi
12857,10821,Android,3G
12858,10822,iOS,4G
12859,10822,Android,5G
12860,10823,iOS,4G
12861,10824,iOS,4G
12862,10824,iOS,4G
12863,10825,Android,5G
12864,10826,Android,5G
12865,10827,Android,4G
12866,10828,Android,5G
12867,10829,Android,5G
12868,10830,Android,5G
12869,10830,Android,4G
12870,10831,Android,WiFi
12871,10832,Android,4G
12872,10833,Android,WiFi
12873,10834,Android,WiFi
12874,10835,Android,5G
12875,10835,Android,WiFi
12876,10836,iOS,WiFi
12877,10837,iOS,4G
12878,10838,Web,4G
12879,10839,Android,4G
12880,10840,iOS,5G
12881,10840,Android,WiFi
12882,10841,Android,5G
12883,10841,Android,4G
12884,10842,Android,WiFi
12885,10843,Android,4G
12886,10844,Android,4G
12887,10845,iOS,4G
12888,10846,Android,4G
12889,10847,Android,4G
12890,10847,Android,4G
12891,10848,Android,WiFi
12892,10849,Android,4G
12893,10850,iOS,WiFi
12894,10850,Android,WiFi
12895,10851,Android,5G
12896,10852,Android,4G
12897,10853,iOS,4G
12898,10853,Android,WiFi
12899,10854,Android,4G
12900,10855,Android,4G
12901,10856,Android,4G
12902,10857,Android,4G
12903,10858,Android,4G
12904,10859,iOS,4G
12905,10860,Android,5G
12906,10861,Android,4G
12907,10862,Android,4G
12908,10863,Android,5G
12909,10864,Android,4G
12910,10865,Android,WiFi
12911,10866,Android,5G
12912,10867,Android,WiFi
12913,10868,Android,WiFi
12914,10869,Android,5G
12915,10870,Android,5G
12916,10871,Android,4G
12917,10872,Android,3G
12918,10873,Android,4G
12919,10874,Android,WiFi
12920,10875,Android,WiFi
12921,10876,Android,WiFi
12922,10876,iOS,WiFi
12923,10877,Android,4G
12924,10878,Android,4G
12925,10879,Android,4G
12926,10880,Android,3G
12927,10881,Android,5G
12928,10882,iOS,5G
12929,10883,Android,4G
12930,10884,Android,4G
12931,10885,Web,4G
12932,10886,Android,5G
12933,10887,Android,4G
12934,10888,Android,3G
12935,10889,Android,4G
12936,10889,Android,4G
12937,10890,Android,4G
12938,10891,Android,WiFi
12939,10892,Android,4G
12940,10893,Android,5G
12941,10894,iOS,5G
12942,10894,Android,WiFi
12943,10895,Android,5G
12944,10896,Android,WiFi
12945,10897,Android,5G
12946,10897,Android,WiFi
12947,10898,iOS,3G
12948,10899,Android,4G
12949,10899,Android,WiFi
12950,10900,Android,5G
12951,10901,Android,4G
12952,10901,Android,WiFi
12953,10902,Android,WiFi
12954,10903,Android,4G
12955,10904,Web,WiFi
12956,10905,Android,4G
12957,10905,iOS,4G
12958,10906,Android,5G
12959,10907,Android,4G
12960,10908,Android,5G
12961,10909,iOS,WiFi
12962,10909,Android,5G
12963,10910,Android,WiFi
12964,10911,iOS,4G
12965,10912,iOS,5G
12966,10913,Web,4G
12967,10914,Android,4G
12968,10915,Android,4G
12969,10916,Android,3G
12970,10917,Android,4G
12971,10918,Android,5G
12972,10919,iOS,4G
12973,10920,Android,5G
12974,10921,Android,WiFi
12975,10922,iOS,4G
12976,10923,Android,4G
12977,10923,Android,WiFi
12978,10924,Android,WiFi
12979,10925,Android,4G
12980,10926,Android,4G
12981,10927,Android,WiFi
12982,10928,iOS,4G
12983,10929,Android,4G
12984,10930,Android,WiFi
12985,10931,Android,WiFi
12986,10932,Android,4G
12987,10933,Android,WiFi
12988,10934,Android,5G
12989,10935,iOS,5G
12990,10935,Android,5G
12991,10936,Android,WiFi
12992,10936,Android,5G
12993,10937,Web,5G
12994,10938,Android,WiFi
12995,10939,iOS,5G
12996,10940,Android,4G
12997,10940,Android,5G
12998,10941,Android,WiFi
12999,10941,iOS,4G
13000,10942,Android,WiFi
13001,10943,Android,4G
13002,10944,Android,4G
13003,10945,Android,4G
13004,10946,Android,4G
13005,10947,Android,4G
13006,10948,Android,4G
13007,10949,Android,WiFi
13008,10949,iOS,4G
13009,10950,Android,5G
13010,10950,Android,4G
13011,10951,Android,5G
13012,10952,Android,3G
13013,10953,iOS,4G
13014,10954,Android,5G
13015,10954,Android,4G
13016,10955,Android,WiFi
13017,10956,Android,5G
13018,10957,Android,WiFi
13019,10957,Android,5G
13020,10958,Android,4G
13021,10959,iOS,5G
13022,10960,Android,5G
13023,10961,Android,4G
13024,10962,Android,4G
13025,10963,Android,5G
13026,10964,Android,4G
13027,10965,Android,4G
13028,10966,Android,WiFi
13029,10967,Android,WiFi
13030,10968,Android,5G
13031,10969,Android,4G
13032,10970,iOS,WiFi
13033,10971,Android,4G
13034,10972,Android,3G
13035,10973,iOS,WiFi
13036,10974,Android,WiFi
13037,10974,iOS,WiFi
13038,10975,Android,5G
13039,10975,iOS,5G
13040,10976,Android,5G
13041,10977,Android,WiFi
13042,10978,Android,4G
13043,10979,Android,5G
13044,10980,Android,4G
13045,10981,Android,4G
13046,10982,Android,WiFi
13047,10983,Android,WiFi
13048,10984,Android,5G
13049,10984,Android,4G
13050,10985,Android,WiFi
13051,10986,Web,3G
13052,10986,Android,4G
13053,10987,Android,4G
13054,10988,Android,4G
13055,10989,Android,4G
13056,10990,Android,3G
13057,10991,iOS,WiFi
13058,10992,Android,4G
13059,10993,Android,4G
13060,10994,Android,3G
13061,10994,Android,4G
13062,10995,Android,4G
13063,10996,Android,4G
13064,10997,Android,5G
13065,10998,iOS,4G
13066,10999,Android,WiFi
13067,11000,Android,3G
13068,11001,Android,5G
13069,11002,Android,4G
13070,11002,Android,4G
13071,11003,Android,4G
13072,11004,Android,4G
13073,11005,Android,WiFi
13074,11006,Android,5G
13075,11007,Android,WiFi
13076,11008,Android,WiFi
13077,11009,Android,4G
13078,11010,Android,4G
13079,11010,Android,5G
13080,11011,Android,WiFi
13081,11012,Android,4G
13082,11013,Android,4G
13083,11014,Android,5G
13084,11015,Android,3G
13085,11016,Android,5G
13086,11017,Android,4G
13087,11018,Android,5G
13088,11018,Android,4G
13089,11019,Android,5G
13090,11020,Android,WiFi
13091,11021,Android,WiFi
13092,11022,Android,WiFi
13093,11023,Android,3G
13094,11024,Android,WiFi
13095,11025,Web,5G
13096,11026,Android,4G
13097,11027,Android,5G
13098,11028,iOS,4G
13099,11028,Android,5G
13100,11029,Android,5G
13101,11030,iOS,WiFi
13102,11031,Android,4G
13103,11032,Android,4G
13104,11033,iOS,WiFi
13105,11034,Web,4G
13106,11035,Android,3G
13107,11036,Android,5G
13108,11037,Android,5G
13109,11038,Android,WiFi
13110,11038,Android,5G
13111,11039,Android,5G
13112,11040,iOS,4G
13113,11040,Android,WiFi
13114,11041,Android,5G
13115,11042,Android,4G
13116,11043,Android,4G
13117,11044,Android,4G
13118,11045,Android,4G
13119,11046,Android,4G
13120,11047,iOS,4G
13121,11048,Android,3G
13122,11049,Android,4G
13123,11050,Android,WiFi
13124,11050,Android,WiFi
13125,11051,Android,4G
13126,11051,Android,4G
13127,11052,Android,4G
13128,11053,Android,3G
13129,11053,Android,5G
13130,11054,Android,4G
13131,11055,Android,4G
13132,11055,iOS,4G
13133,11056,Android,5G
13134,11057,Android,5G
13135,11058,iOS,4G
13136,11059,Web,4G
13137,11059,Android,4G
13138,11060,iOS,4G
13139,11061,Android,5G
13140,11062,Android,WiFi
13141,11063,Android,WiFi
13142,11063,Android,4G
13143,11064,Android,WiFi
13144,11065,Android,4G
13145,11066,Android,4G
13146,11067,Android,4G
13147,11068,Android,WiFi
13148,11068,Android,4G
13149,11069,Android,4G
13150,11070,Android,3G
13151,11070,Android,4G
13152,11071,Android,5G
13153,11072,Android,5G
13154,11073,Android,WiFi
13155,11074,Android,3G
13156,11075,Web,5G
13157,11076,Android,WiFi
13158,11077,Android,5G
13159,11078,iOS,WiFi
13160,11079,Android,4G
13161,11079,Android,4G
13162,11080,iOS,4G
13163,11081,Android,4G
13164,11081,Android,4G
13165,11082,iOS,WiFi
13166,11082,Android,WiFi
13167,11083,Android,5G
13168,11083,Android,WiFi
13169,11084,Android,WiFi
13170,11084,Android,4G
13171,11085,Android,4G
13172,11086,Android,4G
13173,11087,Android,4G
13174,11088,Android,4G
13175,11088,Android,5G
13176,11089,iOS,3G
13177,11089,iOS,4G
13178,11090,Android,WiFi
13179,11091,Android,WiFi
13180,11092,iOS,WiFi
13181,11093,Android,WiFi
13182,11094,Android,4G
13183,11095,Android,4G
13184,11096,Android,5G
13185,11097,Android,4G
13186,11098,Android,4G
13187,11099,Android,4G
13188,11100,Android,WiFi
13189,11101,Android,4G
13190,11101,Android,4G
13191,11102,iOS,4G
13192,11103,iOS,4G
13193,11104,Android,5G
13194,11104,iOS,WiFi
13195,11105,Android,5G
13196,11106,iOS,5G
13197,11107,Android,5G
13198,11108,Android,4G
13199,11109,Android,WiFi
13200,11110,Android,4G
13201,11110,Android,4G
13202,11111,Android,WiFi
13203,11111,Android,5G
13204,11112,iOS,WiFi
13205,11112,Android,4G
13206,11113,Android,4G
13207,11114,Android,4G
13208,11115,Android,WiFi
13209,11115,iOS,5G
13210,11116,Android,4G
13211,11117,iOS,4G
13212,11118,iOS,5G
13213,11119,Android,WiFi
13214,11120,Android,4G
13215,11121,iOS,4G
13216,11122,Android,4G
13217,11123,iOS,4G
13218,11124,Android,5G
13219,11125,iOS,4G
13220,11125,Android,4G
13221,11126,Android,WiFi
13222,11127,Android,WiFi
13223,11128,Android,5G
13224,11129,iOS,5G
13225,11130,Android,3G
13226,11130,iOS,4G
13227,11131,Android,5G
13228,11132,Android,WiFi
13229,11132,iOS,WiFi
13230,11133,iOS,4G
13231,11134,Android,WiFi
13232,11135,Android,4G
13233,11135,Android,4G
13234,11136,Android,5G
13235,11137,Android,WiFi
13236,11137,Android,4G
13237,11138,iOS,4G
13238,11139,Android,4G
13239,11140,Android,4G
13240,11141,Android,3G
13241,11142,Android,4G
13242,11142,Android,4G
13243,11143,Android,4G
13244,11144,iOS,4G
13245,11145,Android,5G
13246,11146,Android,WiFi
13247,11147,Android,4G
13248,11148,Android,4G
13249,11149,Android,5G
13250,11149,Android,4G
13251,11150,Android,5G
13252,11151,Android,5G
13253,11152,Android,4G
13254,11152,Android,5G
13255,11153,iOS,4G
13256,11154,iOS,5G
13257,11155,iOS,WiFi
13258,11156,Android,WiFi
13259,11157,iOS,5G
13260,11157,Android,WiFi
13261,11158,Android,5G
13262,11159,iOS,WiFi
13263,11160,Android,5G
13264,11161,iOS,5G
13265,11162,Android,5G
13266,11163,Android,4G
13267,11163,Web,5G
13268,11164,Android,5G
13269,11165,Web,4G
13270,11166,Android,4G
13271,11167,Android,4G
13272,11168,Android,4G
13273,11168,Android,WiFi
13274,11169,Android,4G
13275,11170,Web,5G
13276,11171,Android,4G
13277,11171,iOS,5G
13278,11172,Android,3G
13279,11173,Android,4G
13280,11174,Android,WiFi
13281,11175,Android,5G
13282,11175,iOS,4G
13283,11176,Android,4G
13284,11177,Web,4G
13285,11178,iOS,WiFi
13286,11179,Android,WiFi
13287,11180,Android,5G
13288,11181,Android,4G
13289,11182,iOS,4G
13290,11183,iOS,4G
13291,11184,Android,WiFi
13292,11185,Android,5G
13293,11186,Android,5G
13294,11187,Android,WiFi
13295,11187,iOS,WiFi
13296,11188,Android,4G
13297,11189,Android,4G
13298,11189,Android,WiFi
13299,11190,Android,4G
13300,11191,Android,4G
13301,11192,iOS,WiFi
13302,11193,Android,WiFi
13303,11194,Android,WiFi
13304,11195,Web,4G
13305,11196,iOS,4G
13306,11197,Android,WiFi
13307,11197,Android,4G
13308,11198,Android,5G
13309,11199,Android,5G
13310,11200,Android,5G
13311,11201,Android,4G
13312,11201,Android,5G
13313,11202,Android,4G
13314,11203,Android,WiFi
13315,11204,iOS,4G
13316,11205,iOS,5G
13317,11206,Android,5G
13318,11207,iOS,WiFi
13319,11208,Android,5G
13320,11209,iOS,WiFi
13321,11210,Web,5G
13322,11211,Web,WiFi
13323,11212,Android,5G
13324,11213,Android,4G
13325,11213,Android,4G
13326,11214,Android,4G
13327,11215,iOS,5G
13328,11216,Android,4G
13329,11217,Android,4G
13330,11217,Android,5G
13331,11218,Android,WiFi
13332,11218,iOS,4G
13333,11219,Android,WiFi
13334,11220,Android,3G
13335,11221,Android,5G
13336,11222,Android,4G
13337,11223,Android,WiFi
13338,11223,Android,4G
13339,11224,Web,4G
13340,11224,Android,5G
13341,11225,iOS,4G
13342,11225,Android,4G
13343,11226,Android,WiFi
13344,11226,Android,4G
13345,11227,Android,5G
13346,11228,Android,5G
13347,11229,iOS,3G
13348,11230,Android,5G
13349,11231,Android,4G
13350,11232,Android,4G
13351,11233,Android,WiFi
13352,11234,Android,5G
13353,11235,Android,WiFi
13354,11236,Web,4G
13355,11236,Android,5G
13356,11237,Android,4G
13357,11238,Android,5G
13358,11239,Android,4G
13359,11239,Android,4G
13360,11240,Android,3G
13361,11241,Android,4G
13362,11241,Android,5G
13363,11242,Android,WiFi
13364,11243,Android,4G
13365,11244,Android,4G
13366,11245,Android,4G
13367,11246,iOS,WiFi
13368,11247,Android,WiFi
13369,11248,Android,5G
13370,11249,Android,5G
13371,11250,Android,4G
13372,11251,Android,4G
13373,11252,Android,5G
13374,11252,Android,WiFi
13375,11253,Android,4G
13376,11253,Android,5G
13377,11254,Android,4G
13378,11255,Android,5G
13379,11256,Android,4G
13380,11257,Android,4G
13381,11258,Android,4G
13382,11259,Android,4G
13383,11260,iOS,5G
13384,11261,Android,4G
13385,11262,iOS,4G
13386,11262,Android,5G
13387,11263,Android,4G
13388,11264,Android,WiFi
13389,11265,Android,4G
13390,11266,Android,5G
13391,11267,Android,4G
13392,11268,iOS,4G
13393,11269,Android,4G
13394,11270,Android,4G
13395,11270,Android,3G
13396,11271,Android,4G
13397,11272,Android,4G
13398,11272,iOS,4G
13399,11273,Android,4G
13400,11274,iOS,4G
13401,11275,Android,WiFi
13402,11276,Android,4G
13403,11277,iOS,5G
13404,11278,Android,4G
13405,11279,Android,4G
13406,11279,Android,5G
13407,11280,Android,5G
13408,11281,Android,WiFi
13409,11282,Android,5G
13410,11283,Android,4G
13411,11284,Android,4G
13412,11284,iOS,4G
13413,11285,Web,3G
13414,11286,Web,WiFi
13415,11287,Android,4G
13416,11288,iOS,4G
13417,11289,Android,5G
13418,11290,iOS,5G
13419,11291,Android,5G
13420,11292,Android,4G
13421,11293,Android,4G
13422,11293,Android,5G
13423,11294,Android,4G
13424,11294,Android,5G
13425,11295,Android,5G
13426,11296,Android,4G
13427,11297,Android,WiFi
13428,11297,iOS,3G
13429,11298,Android,5G
13430,11298,Android,5G
13431,11299,Android,4G
13432,11300,Android,WiFi
13433,11301,Android,WiFi
13434,11302,Android,WiFi
13435,11303,iOS,4G
13436,11304,Android,4G
13437,11305,iOS,4G
13438,11306,Android,4G
13439,11306,Android,WiFi
13440,11307,Android,4G
13441,11308,Android,WiFi
13442,11309,Android,4G
13443,11310,Android,WiFi
13444,11311,Android,5G
13445,11311,iOS,4G
13446,11312,Android,WiFi
13447,11312,iOS,5G
13448,11313,Android,4G
13449,11314,Web,WiFi
13450,11315,iOS,WiFi
13451,11316,Web,4G
13452,11317,Android,WiFi
13453,11318,Android,4G
13454,11319,Android,5G
13455,11320,Android,3G
13456,11320,Android,WiFi
13457,11321,Android,5G
13458,11322,Android,4G
13459,11323,Android,5G
13460,11323,Web,5G
13461,11324,Android,4G
13462,11324,Android,5G
13463,11325,Android,5G
13464,11326,Android,4G
13465,11327,Android,5G
13466,11328,Android,4G
13467,11329,Android,5G
13468,11330,iOS,WiFi
13469,11331,Android,4G
13470,11331,Android,4G
13471,11332,iOS,3G
13472,11333,Android,4G
13473,11333,iOS,5G
13474,11334,Android,5G
13475,11335,Android,5G
13476,11336,Android,4G
13477,11337,iOS,5G
13478,11338,Android,5G
13479,11339,Android,WiFi
13480,11340,Android,4G
13481,11341,Android,5G
13482,11342,Android,WiFi
13483,11343,Android,3G
13484,11344,Android,5G
13485,11345,iOS,WiFi
13486,11346,Android,5G
13487,11347,Android,5G
13488,11348,Android,4G
13489,11349,Android,4G
13490,11350,Android,WiFi
13491,11351,Android,4G
13492,11352,iOS,4G
13493,11353,Android,4G
13494,11354,Android,4G
13495,11355,Android,4G
13496,11356,Android,4G
13497,11357,Android,5G
13498,11358,Android,WiFi
13499,11359,Android,4G
13500,11360,Android,WiFi
13501,11361,Android,4G
13502,11362,Android,4G
13503,11363,iOS,5G
13504,11364,Android,4G
13505,11364,iOS,5G
13506,11365,Android,4G
13507,11365,iOS,5G
13508,11366,Web,4G
13509,11367,Android,4G
13510,11368,Android,4G
13511,11369,iOS,5G
13512,11370,iOS,4G
13513,11371,iOS,4G
13514,11372,Android,4G
13515,11373,iOS,4G
13516,11374,iOS,5G
13517,11375,Web,5G
13518,11375,Android,4G
13519,11376,Android,4G
13520,11377,Android,4G
13521,11378,Android,4G
13522,11379,Android,4G
13523,11379,Android,4G
13524,11380,Android,WiFi
13525,11381,iOS,4G
13526,11382,Android,4G
13527,11383,Android,WiFi
13528,11384,Android,5G
13529,11385,Android,5G
13530,11386,Android,4G
13531,11387,Android,5G
13532,11388,iOS,3G
13533,11389,Android,3G
13534,11390,Android,WiFi
13535,11391,Android,4G
13536,11391,Android,4G
13537,11392,Android,4G
13538,11393,Android,5G
13539,11394,Android,5G
13540,11395,Android,4G
13541,11395,Android,WiFi
13542,11396,Android,WiFi
13543,11397,Android,4G
13544,11398,Android,WiFi
13545,11399,Android,4G
13546,11400,Android,WiFi
13547,11401,Android,4G
13548,11402,Android,4G
13549,11403,Android,4G
13550,11404,Android,4G
13551,11405,iOS,5G
13552,11406,Android,WiFi
13553,11407,Android,WiFi
13554,11408,iOS,5G
13555,11409,Android,5G
13556,11410,Android,WiFi
13557,11410,Android,4G
13558,11411,Android,WiFi
13559,11412,Android,5G
13560,11413,Android,4G
13561,11413,Android,5G
13562,11414,iOS,3G
13563,11415,Android,WiFi
13564,11416,Android,5G
13565,11417,Web,4G
13566,11418,Web,WiFi
13567,11418,Android,4G
13568,11419,Android,5G
13569,11419,Android,5G
13570,11420,Web,4G
13571,11421,Web,4G
13572,11421,Android,4G
13573,11422,Android,WiFi
13574,11423,Android,4G
13575,11424,Android,5G
13576,11425,Android,5G
13577,11426,Web,4G
13578,11427,Android,4G
13579,11428,iOS,WiFi
13580,11428,Android,4G
13581,11429,Android,4G
13582,11430,iOS,4G
13583,11431,Android,4G
13584,11432,Android,5G
13585,11433,Android,4G
13586,11434,Android,WiFi
13587,11435,Android,3G
13588,11435,Web,WiFi
13589,11436,Android,5G
13590,11436,Web,5G
13591,11437,iOS,5G
13592,11438,Android,4G
13593,11438,Android,4G
13594,11439,Android,4G
13595,11439,Android,4G
13596,11440,Android,4G
13597,11440,Android,4G
13598,11441,Android,3G
13599,11442,Android,5G
13600,11442,Android,4G
13601,11443,Android,5G
13602,11444,Android,WiFi
13603,11445,Android,4G
13604,11446,Android,4G
13605,11447,Android,4G
13606,11448,Android,4G
13607,11449,Android,4G
13608,11450,Android,WiFi
13609,11450,Android,WiFi
13610,11451,Android,WiFi
13611,11452,Android,5G
13612,11453,iOS,4G
13613,11454,Android,4G
13614,11455,iOS,4G
13615,11456,Android,4G
13616,11457,Android,WiFi
13617,11458,Android,WiFi
13618,11459,Android,WiFi
13619,11460,Android,4G
13620,11461,iOS,4G
13621,11462,Android,5G
13622,11463,Android,4G
13623,11464,Android,4G
13624,11465,Web,4G
13625,11465,Android,5G
13626,11466,Android,4G
13627,11467,Android,4G
13628,11468,Android,4G
13629,11469,Web,4G
13630,11469,Android,4G
13631,11470,Android,4G
13632,11471,Android,5G
13633,11472,Android,4G
13634,11473,Android,WiFi
13635,11474,Android,4G
13636,11475,iOS,WiFi
13637,11476,Android,5G
13638,11477,Android,WiFi
13639,11477,Android,5G
13640,11478,Android,5G
13641,11479,Android,5G
13642,11480,Android,4G
13643,11480,Android,WiFi
13644,11481,Android,4G
13645,11482,Android,4G
13646,11483,Android,4G
13647,11484,Android,4G
13648,11484,Android,5G
13649,11485,Android,WiFi
13650,11485,iOS,4G
13651,11486,Android,WiFi
13652,11487,Android,5G
13653,11487,Android,4G
13654,11488,Android,5G
13655,11489,Android,3G
13656,11490,iOS,WiFi
13657,11491,Android,5G
13658,11492,iOS,4G
13659,11492,Android,5G
13660,11493,Android,4G
13661,11493,iOS,4G
13662,11494,Android,5G
13663,11495,Android,WiFi
13664,11496,Android,5G
13665,11497,Android,4G
13666,11498,Android,3G
13667,11498,Android,5G
13668,11499,iOS,4G
13669,11500,Android,4G
13670,11501,Android,5G
13671,11502,Android,5G
13672,11503,Android,WiFi
13673,11504,Android,3G
13674,11505,iOS,4G
13675,11505,Web,5G
13676,11506,iOS,4G
13677,11507,Android,5G
13678,11507,iOS,WiFi
13679,11508,Android,4G
13680,11509,Android,4G
13681,11509,Android,4G
13682,11510,Android,4G
13683,11511,Android,4G
13684,11512,Android,WiFi
13685,11513,Android,4G
13686,11514,iOS,5G
13687,11514,iOS,4G
13688,11515,Android,5G
13689,11516,Android,4G
13690,11517,Android,WiFi
13691,11518,iOS,4G
13692,11519,Android,5G
13693,11520,Android,4G
13694,11521,Android,4G
13695,11522,Android,4G
13696,11523,iOS,WiFi
13697,11524,Android,WiFi
13698,11525,Android,WiFi
13699,11526,iOS,5G
13700,11527,Android,4G
13701,11528,Android,4G
13702,11529,Android,4G
13703,11530,Android,5G
13704,11530,Android,WiFi
13705,11531,Android,WiFi
13706,11531,Android,5G
13707,11532,Web,WiFi
13708,11533,Android,4G
13709,11534,Android,4G
13710,11535,Android,WiFi
13711,11535,Android,4G
13712,11536,Android,4G
13713,11537,iOS,5G
13714,11537,Android,5G
13715,11538,Android,3G
13716,11539,Android,4G
13717,11539,Android,4G
13718,11540,Android,5G
13719,11541,Android,WiFi
13720,11542,Android,5G
13721,11543,Android,WiFi
13722,11544,Android,WiFi
13723,11544,Android,5G
13724,11545,Android,4G
13725,11545,Android,4G
13726,11546,iOS,WiFi
13727,11547,Android,4G
13728,11548,iOS,3G
13729,11549,Android,3G
13730,11550,iOS,5G
13731,11551,Web,4G
13732,11552,Android,4G
13733,11553,iOS,WiFi
13734,11554,Android,4G
13735,11555,iOS,3G
13736,11556,Android,5G
13737,11557,iOS,4G
13738,11557,Android,4G
13739,11558,iOS,4G
13740,11559,Android,WiFi
13741,11560,Android,4G
13742,11561,Android,WiFi
13743,11562,Android,WiFi
13744,11562,Android,5G
13745,11563,Android,4G
13746,11564,Android,4G
13747,11565,iOS,WiFi
13748,11566,Android,4G
13749,11567,Android,4G
13750,11568,Android,4G
13751,11569,Android,5G
13752,11569,Android,4G
13753,11570,Android,WiFi
13754,11571,Android,5G
13755,11572,Android,WiFi
13756,11572,Android,5G
13757,11573,Android,4G
13758,11574,iOS,4G
13759,11575,Android,5G
13760,11576,Android,5G
13761,11577,Android,WiFi
13762,11578,iOS,4G
13763,11579,Android,4G
13764,11579,Android,3G
13765,11580,Android,4G
13766,11581,Android,4G
13767,11581,Android,4G
13768,11582,Android,4G
13769,11583,Android,4G
13770,11584,iOS,WiFi
13771,11585,Android,WiFi
13772,11585,Android,5G
13773,11586,iOS,WiFi
13774,11587,Android,4G
13775,11588,Android,4G
13776,11589,Android,4G
13777,11590,iOS,4G
13778,11591,iOS,5G
13779,11592,Android,4G
13780,11593,iOS,5G
13781,11594,Android,5G
13782,11595,Android,5G
13783,11596,Android,4G
13784,11597,Web,WiFi
13785,11598,Android,5G
13786,11599,Android,4G
13787,11600,Android,4G
13788,11601,Android,WiFi
13789,11602,Android,4G
13790,11602,iOS,4G
13791,11603,Android,WiFi
13792,11604,Android,WiFi
13793,11605,Android,5G
13794,11606,Android,4G
13795,11606,Android,4G
13796,11607,Android,4G
13797,11608,Android,4G
13798,11609,Android,5G
13799,11610,Android,WiFi
13800,11611,Android,4G
13801,11612,Android,4G
13802,11613,Android,WiFi
13803,11614,Android,4G
13804,11615,Android,4G
13805,11615,iOS,4G
13806,11616,Android,5G
13807,11617,Android,5G
13808,11618,Android,5G
13809,11619,Android,4G
13810,11619,Android,4G
13811,11620,Android,4G
13812,11621,iOS,4G
13813,11622,Android,4G
13814,11623,Android,5G
13815,11624,Android,WiFi
13816,11625,Android,4G
13817,11626,iOS,5G
13818,11627,Android,4G
13819,11628,Android,4G
13820,11628,Android,4G
13821,11629,Android,5G
13822,11630,iOS,5G
13823,11631,iOS,4G
13824,11632,Android,3G
13825,11633,Android,4G
13826,11634,Android,5G
13827,11634,Android,4G
13828,11635,Android,WiFi
13829,11636,Android,4G
13830,11637,iOS,WiFi
13831,11638,Android,4G
13832,11639,Android,4G
13833,11640,Android,4G
13834,11641,Android,5G
13835,11641,Android,WiFi
13836,11642,Android,4G
13837,11643,iOS,5G
13838,11644,iOS,4G
13839,11645,Android,4G
13840,11646,Android,4G
13841,11646,Android,4G
13842,11647,Android,5G
13843,11648,Android,4G
13844,11649,Android,5G
13845,11650,iOS,5G
13846,11651,Android,5G
13847,11652,Android,5G
13848,11652,Android,4G
13849,11653,Android,4G
13850,11654,iOS,4G
13851,11655,Android,4G
13852,11656,Android,4G
13853,11657,Android,WiFi
13854,11658,Android,3G
13855,11659,Android,5G
13856,11660,Android,4G
13857,11661,Web,5G
13858,11661,Android,4G
13859,11662,Android,4G
13860,11663,iOS,5G
13861,11664,Android,4G
13862,11664,Android,4G
13863,11665,Android,4G
13864,11665,Android,5G
13865,11666,Web,WiFi
13866,11666,Android,4G
13867,11667,Android,WiFi
13868,11668,Android,5G
13869,11669,iOS,WiFi
13870,11670,iOS,4G
13871,11671,Android,5G
13872,11672,Android,5G
13873,11673,iOS,WiFi
13874,11674,Web,4G
13875,11675,Android,4G
13876,11676,Android,4G
13877,11676,Android,WiFi
13878,11677,Android,4G
13879,11678,Android,4G
13880,11679,iOS,4G
13881,11680,Android,5G
13882,11681,iOS,5G
13883,11682,Android,4G
13884,11683,Android,4G
13885,11684,Android,4G
13886,11685,iOS,4G
13887,11686,Android,5G
13888,11687,Android,4G
13889,11688,Android,WiFi
13890,11689,Android,WiFi
13891,11689,Android,5G
13892,11690,Android,5G
13893,11691,Android,4G
13894,11692,Android,5G
13895,11693,iOS,5G
13896,11694,Android,WiFi
13897,11695,Android,4G
13898,11696,Android,WiFi
13899,11696,Android,5G
13900,11697,Android,4G
13901,11698,Android,5G
13902,11699,iOS,WiFi
13903,11700,Android,5G
13904,11701,iOS,4G
13905,11701,Android,4G
13906,11702,iOS,5G
13907,11703,Android,5G
13908,11704,Android,WiFi
13909,11705,iOS,4G
13910,11705,Android,3G
13911,11706,Android,4G
13912,11707,Android,5G
13913,11708,Android,WiFi
13914,11708,Android,4G
13915,11709,iOS,WiFi
13916,11710,Android,WiFi
13917,11711,Android,4G
13918,11712,Android,4G
13919,11713,iOS,5G
13920,11714,Android,4G
13921,11715,Android,WiFi
13922,11716,Android,4G
13923,11717,Android,4G
13924,11717,Android,5G
13925,11718,Android,5G
13926,11718,Android,WiFi
13927,11719,Android,WiFi
13928,11720,Android,4G
13929,11720,iOS,4G
13930,11721,Android,4G
13931,11722,iOS,5G
13932,11722,iOS,4G
13933,11723,Android,4G
13934,11724,Android,5G
13935,11725,Android,5G
13936,11726,iOS,5G
13937,11727,Android,5G
13938,11728,iOS,4G
13939,11728,Android,4G
13940,11729,Android,WiFi
13941,11730,Android,4G
13942,11731,Android,5G
13943,11732,iOS,5G
13944,11733,Android,4G
13945,11734,Android,4G
13946,11735,Android,4G
13947,11736,Android,4G
13948,11736,Android,5G
13949,11737,iOS,4G
13950,11737,Android,5G
13951,11738,Android,WiFi
13952,11739,Android,4G
13953,11740,iOS,WiFi
13954,11740,Android,5G
13955,11741,Android,4G
13956,11742,Android,4G
13957,11743,Android,4G
13958,11744,Android,4G
13959,11745,Android,WiFi
13960,11746,Android,WiFi
13961,11747,Android,WiFi
13962,11748,iOS,5G
13963,11748,Android,WiFi
13964,11749,Android,4G
13965,11750,Web,4G
13966,11751,Android,4G
13967,11752,Android,4G
13968,11753,Android,4G
13969,11754,Android,WiFi
13970,11755,Android,WiFi
13971,11756,Android,5G
13972,11757,Android,5G
13973,11758,Android,4G
13974,11759,Android,WiFi
13975,11760,Android,4G
13976,11761,Android,4G
13977,11762,Android,4G
13978,11762,Android,4G
13979,11763,iOS,5G
13980,11763,Android,5G
13981,11764,Android,5G
13982,11765,Android,5G
13983,11766,iOS,4G
13984,11767,Android,4G
13985,11768,Android,5G
13986,11769,Android,4G
13987,11770,Android,4G
13988,11771,Android,4G
13989,11771,iOS,4G
13990,11772,Android,5G
13991,11773,Android,4G
13992,11774,iOS,4G
13993,11774,Android,5G
13994,11775,Android,4G
13995,11776,Android,4G
13996,11777,Android,4G
13997,11778,Android,3G
13998,11778,iOS,5G
13999,11779,Android,4G
14000,11780,Android,WiFi
14001,11781,iOS,4G
14002,11782,iOS,WiFi
14003,11783,Android,4G
14004,11783,Android,4G
14005,11784,Web,5G
14006,11785,Android,3G
14007,11786,Android,4G
14008,11787,Android,4G
14009,11788,Android,4G
14010,11789,Android,4G
14011,11789,Android,5G
14012,11790,Android,WiFi
14013,11791,Android,4G
14014,11792,Android,WiFi
14015,11793,Android,5G
14016,11793,Android,5G
14017,11794,iOS,5G
14018,11794,iOS,WiFi
14019,11795,iOS,4G
14020,11796,iOS,WiFi
14021,11797,Android,5G
14022,11798,Android,WiFi
14023,11799,iOS,WiFi
14024,11800,Android,5G
14025,11801,Android,4G
14026,11802,iOS,5G
14027,11803,Android,4G
14028,11804,Android,4G
14029,11805,Android,4G
14030,11805,Android,4G
14031,11806,Android,5G
14032,11806,Android,5G
14033,11807,iOS,5G
14034,11807,Android,3G
14035,11808,iOS,4G
14036,11809,Android,5G
14037,11810,Android,5G
14038,11811,Android,WiFi
14039,11812,iOS,WiFi
14040,11812,Android,5G
14041,11813,iOS,5G
14042,11814,Android,4G
14043,11815,Android,5G
14044,11816,Android,WiFi
14045,11816,Android,4G
14046,11817,Android,5G
14047,11818,iOS,4G
14048,11819,Android,5G
14049,11820,Android,4G
14050,11821,Android,5G
14051,11822,Android,5G
14052,11823,iOS,WiFi
14053,11824,Android,4G
14054,11825,iOS,5G
14055,11825,iOS,WiFi
14056,11826,iOS,4G
14057,11827,Android,WiFi
14058,11828,Android,4G
14059,11829,Android,4G
14060,11830,Android,4G
14061,11831,Android,5G
14062,11832,iOS,4G
14063,11832,Android,4G
14064,11833,iOS,4G
14065,11833,Android,5G
14066,11834,Android,5G
14067,11835,Android,5G
14068,11836,Android,4G
14069,11837,Android,5G
14070,11838,Android,WiFi
14071,11839,Web,5G
14072,11840,Android,5G
14073,11841,Android,5G
14074,11842,Android,WiFi
14075,11843,Android,WiFi
14076,11843,Android,4G
14077,11844,Android,5G
14078,11845,Android,WiFi
14079,11845,Android,4G
14080,11846,Android,4G
14081,11846,Android,4G
14082,11847,iOS,5G
14083,11848,Android,5G
14084,11849,Android,WiFi
14085,11850,Android,WiFi
14086,11850,Android,WiFi
14087,11851,iOS,4G
14088,11852,Android,4G
14089,11853,Android,5G
14090,11854,Android,4G
14091,11855,Android,WiFi
14092,11856,Android,5G
14093,11857,Android,4G
14094,11858,Android,5G
14095,11859,Android,WiFi
14096,11860,Android,5G
14097,11861,Android,4G
14098,11862,Android,5G
14099,11863,Android,4G
14100,11864,iOS,WiFi
14101,11865,Android,5G
14102,11866,Android,WiFi
14103,11867,Android,5G
14104,11868,Android,4G
14105,11869,Android,5G
14106,11870,Android,4G
14107,11870,iOS,4G
14108,11871,Android,WiFi
14109,11872,Android,4G
14110,11873,iOS,4G
14111,11874,iOS,5G
14112,11875,Android,5G
14113,11875,Android,5G
14114,11876,Android,5G
14115,11876,Android,4G
14116,11877,Android,WiFi
14117,11878,Android,4G
14118,11879,iOS,4G
14119,11880,Android,4G
14120,11881,Android,5G
14121,11882,Android,4G
14122,11883,Android,5G
14123,11883,Android,5G
14124,11884,Android,WiFi
14125,11884,Android,WiFi
14126,11885,Android,5G
14127,11886,Android,4G
14128,11887,Android,WiFi
14129,11888,Android,5G
14130,11888,Android,4G
14131,11889,Android,WiFi
14132,11889,Android,4G
14133,11890,Android,5G
14134,11891,Android,5G
14135,11892,Android,5G
14136,11893,iOS,4G
14137,11894,Android,5G
14138,11895,Android,5G
14139,11896,Android,4G
14140,11897,Android,4G
14141,11898,Android,5G
14142,11899,Android,5G
14143,11899,Android,5G
14144,11900,Android,5G
14145,11901,Android,4G
14146,11901,Web,5G
14147,11902,iOS,5G
14148,11903,Android,5G
14149,11904,Android,4G
14150,11904,iOS,5G
14151,11905,Android,4G
14152,11906,Android,5G
14153,11907,iOS,4G
14154,11908,Android,5G
14155,11909,Android,4G
14156,11910,Android,5G
14157,11911,Android,5G
14158,11912,Android,4G
14159,11912,Android,WiFi
14160,11913,Android,5G
14161,11914,Android,4G
14162,11915,Android,4G
14163,11916,Android,4G
14164,11917,iOS,4G
14165,11918,Android,5G
14166,11919,iOS,3G
14167,11920,Android,5G
14168,11921,iOS,5G
14169,11922,iOS,5G
14170,11923,Web,WiFi
14171,11923,iOS,5G
14172,11924,Android,WiFi
14173,11925,Android,4G
14174,11925,Android,4G
14175,11926,iOS,WiFi
14176,11927,Android,4G
14177,11928,iOS,5G
14178,11929,Android,4G
14179,11930,Web,4G
14180,11931,Android,5G
14181,11932,Android,5G
14182,11932,Android,WiFi
14183,11933,Android,WiFi
14184,11934,Android,4G
14185,11935,Android,4G
14186,11935,Android,4G
14187,11936,Android,4G
14188,11937,iOS,5G
14189,11938,Android,WiFi
14190,11939,Android,4G
14191,11940,Android,4G
14192,11941,Android,5G
14193,11941,Android,WiFi
14194,11942,Android,5G
14195,11943,iOS,5G
14196,11944,iOS,4G
14197,11945,Android,4G
14198,11946,Android,5G
14199,11947,iOS,WiFi
14200,11948,Android,4G
14201,11949,Android,4G
14202,11949,Android,WiFi
14203,11950,iOS,4G
14204,11951,Web,WiFi
14205,11951,Android,WiFi
14206,11952,Android,5G
14207,11952,iOS,4G
14208,11953,Android,4G
14209,11953,Android,WiFi
14210,11954,Android,WiFi
14211,11955,iOS,5G
14212,11955,iOS,5G
14213,11956,Android,5G
14214,11957,Android,5G
14215,11958,Android,WiFi
14216,11959,Android,4G
14217,11960,iOS,4G
14218,11961,Android,4G
14219,11962,Android,WiFi
14220,11963,Android,4G
14221,11964,Android,4G
14222,11965,Android,WiFi
14223,11966,Android,5G
14224,11966,Android,4G
14225,11967,Android,4G
14226,11968,Android,3G
14227,11969,Android,4G
14228,11970,Android,WiFi
14229,11971,Android,WiFi
14230,11972,Android,WiFi
14231,11972,Android,4G
14232,11973,Android,5G
14233,11974,Android,5G
14234,11975,iOS,4G
14235,11975,Android,5G
14236,11976,Android,5G
14237,11977,Android,4G
14238,11978,Android,4G
14239,11978,Android,WiFi
14240,11979,Android,4G
14241,11980,Android,4G
14242,11981,iOS,4G
14243,11982,Android,WiFi
14244,11982,Android,4G
14245,11983,Android,5G
14246,11984,iOS,4G
14247,11985,Android,WiFi
14248,11985,Android,4G
14249,11986,Android,4G
14250,11987,iOS,5G
14251,11988,Android,5G
14252,11989,iOS,4G
14253,11990,Android,4G
14254,11991,iOS,4G
14255,11991,Android,5G
14256,11992,Android,5G
14257,11993,iOS,5G
14258,11994,Android,4G
14259,11995,Android,4G
14260,11996,Android,3G
14261,11997,Android,4G
14262,11998,Android,5G
14263,11998,Android,4G
14264,11999,Android,4G
14265,12000,Android,4G
14266,12001,Android,4G
14267,12002,Android,4G
14268,12003,Android,4G
14269,12004,iOS,5G
14270,12005,Android,5G
14271,12006,iOS,WiFi
14272,12007,Android,4G
14273,12008,Android,5G
14274,12009,Android,WiFi
14275,12009,Android,5G
14276,12010,Web,5G
14277,12010,Android,4G
14278,12011,iOS,5G
14279,12012,Android,5G
14280,12012,Android,4G
14281,12013,Android,5G
14282,12014,iOS,4G
14283,12015,Android,WiFi
14284,12016,Android,WiFi
14285,12017,Android,5G
14286,12018,Android,5G
14287,12019,Android,4G
14288,12020,Android,WiFi
14289,12021,iOS,4G
14290,12022,Android,WiFi
14291,12023,Android,5G
14292,12024,Android,5G
14293,12024,iOS,WiFi
14294,12025,Android,4G
14295,12026,Android,4G
14296,12027,iOS,4G
14297,12028,Android,5G
14298,12029,Android,5G
14299,12030,Android,WiFi
14300,12031,Web,5G
14301,12032,Android,5G
14302,12033,Android,4G
14303,12034,Android,4G
14304,12035,Android,5G
14305,12036,Web,4G
14306,12036,Android,WiFi
14307,12037,Web,3G
14308,12037,Web,WiFi
14309,12038,Android,5G
14310,12039,Android,4G
14311,12040,Android,WiFi
14312,12040,Android,4G
14313,12041,iOS,4G
14314,12042,iOS,5G
14315,12043,Android,WiFi
14316,12044,iOS,WiFi
14317,12045,Android,4G
14318,12046,Android,5G
14319,12047,Android,4G
14320,12048,iOS,4G
14321,12049,Android,WiFi
14322,12050,Android,4G
14323,12051,Android,3G
14324,12052,Android,WiFi
14325,12053,Android,3G
14326,12054,Android,WiFi
14327,12055,Android,4G
14328,12056,Android,WiFi
14329,12056,Android,4G
14330,12057,Android,4G
14331,12058,Android,WiFi
14332,12059,Android,5G
14333,12059,Android,5G
14334,12060,Android,4G
14335,12060,Android,WiFi
14336,12061,Android,4G
14337,12061,Android,4G
14338,12062,iOS,WiFi
14339,12063,Android,5G
14340,12064,Android,5G
14341,12064,Android,WiFi
14342,12065,Android,4G
14343,12066,Web,4G
14344,12067,Android,4G
14345,12068,Android,5G
14346,12069,Android,3G
14347,12070,Web,WiFi
14348,12071,Android,4G
14349,12072,Android,4G
14350,12072,iOS,WiFi
14351,12073,iOS,3G
14352,12074,Android,5G
14353,12075,Android,4G
14354,12076,Android,5G
14355,12076,Android,3G
14356,12077,Android,3G
14357,12078,Android,4G
14358,12079,iOS,WiFi
14359,12080,iOS,WiFi
14360,12081,iOS,4G
14361,12082,Android,WiFi
14362,12083,Android,WiFi
14363,12083,Android,WiFi
14364,12084,Web,4G
14365,12085,Android,5G
14366,12086,iOS,4G
14367,12087,iOS,WiFi
14368,12087,Android,5G
14369,12088,Web,4G
14370,12089,Android,4G
14371,12090,Android,4G
14372,12091,Android,4G
14373,12092,Android,3G
14374,12093,Android,WiFi
14375,12094,Android,4G
14376,12094,Android,5G
14377,12095,Android,5G
14378,12096,Android,WiFi
14379,12097,iOS,5G
14380,12097,iOS,WiFi
14381,12098,Android,4G
14382,12099,Android,5G
14383,12100,Android,WiFi
14384,12101,iOS,4G
14385,12102,Android,WiFi
14386,12103,Android,4G
14387,12104,Android,5G
14388,12105,Android,5G
14389,12106,Android,5G
14390,12107,Android,5G
14391,12108,iOS,4G
14392,12109,iOS,5G
14393,12109,Web,4G
14394,12110,Android,5G
14395,12111,iOS,5G
14396,12112,Android,4G
14397,12112,iOS,4G
14398,12113,Android,WiFi
14399,12114,Android,WiFi
14400,12114,Android,4G
14401,12115,Android,5G
14402,12115,Android,4G
14403,12116,iOS,WiFi
14404,12117,iOS,4G
14405,12118,Android,4G
14406,12119,Web,4G
14407,12120,Android,4G
14408,12121,Android,5G
14409,12121,Android,5G
14410,12122,Android,4G
14411,12123,Android,WiFi
14412,12123,Android,WiFi
14413,12124,Android,WiFi
14414,12125,iOS,4G
14415,12125,iOS,4G
14416,12126,Web,5G
14417,12127,Android,4G
14418,12127,Android,4G
14419,12128,Android,5G
14420,12128,Android,5G
14421,12129,Web,4G
14422,12130,Android,5G
14423,12131,Android,4G
14424,12132,Android,4G
14425,12133,Android,4G
14426,12134,Android,4G
14427,12135,Android,WiFi
14428,12136,iOS,5G
14429,12137,Android,5G
14430,12138,Android,5G
14431,12139,Android,4G
14432,12140,iOS,4G
14433,12141,Android,WiFi
14434,12142,Android,4G
14435,12143,Android,5G
14436,12144,Android,5G
14437,12145,Android,4G
14438,12145,iOS,5G
14439,12146,iOS,4G
14440,12146,Android,5G
14441,12147,Android,5G
14442,12148,iOS,5G
14443,12148,Android,4G
14444,12149,Android,WiFi
14445,12149,Android,WiFi
14446,12150,Android,5G
14447,12151,Android,WiFi
14448,12152,Android,5G
14449,12153,Android,4G
14450,12154,Android,5G
14451,12155,Android,5G
14452,12156,iOS,4G
14453,12157,Android,4G
14454,12158,Android,4G
14455,12159,Android,4G
14456,12160,iOS,4G
14457,12160,Android,WiFi
14458,12161,iOS,5G
14459,12162,Android,WiFi
14460,12163,Android,4G
14461,12164,Android,4G
14462,12165,Android,5G
14463,12166,Android,4G
14464,12167,Android,4G
14465,12168,Android,5G
14466,12169,Android,5G
14467,12169,Android,4G
14468,12170,Android,5G
14469,12171,Android,5G
14470,12171,Android,4G
14471,12172,iOS,4G
14472,12173,iOS,4G
14473,12174,Web,5G
14474,12175,Android,5G
14475,12176,Android,4G
14476,12176,Web,4G
14477,12177,Android,5G
14478,12178,Android,WiFi
14479,12179,Android,4G
14480,12180,Android,5G
14481,12181,Android,WiFi
14482,12182,iOS,5G
14483,12183,Web,5G
14484,12184,Android,4G
14485,12184,Web,5G
14486,12185,Android,4G
14487,12186,iOS,4G
14488,12187,Android,4G
14489,12188,Android,4G
14490,12189,iOS,4G
14491,12190,Android,4G
14492,12191,Android,4G
14493,12192,Android,4G
14494,12192,Android,4G
14495,12193,Android,5G
14496,12194,Web,4G
14497,12195,Android,3G
14498,12195,Android,4G
14499,12196,iOS,WiFi
14500,12197,Android,5G
14501,12197,Android,5G
14502,12198,Android,4G
14503,12199,Android,4G
14504,12200,Android,5G
14505,12201,Android,5G
14506,12202,Android,5G
14507,12203,Android,4G
14508,12204,Android,5G
14509,12205,iOS,4G
14510,12206,Web,5G
14511,12207,Android,4G
14512,12208,Android,5G
14513,12208,Android,5G
14514,12209,iOS,WiFi
14515,12209,Android,WiFi
14516,12210,iOS,4G
14517,12211,iOS,4G
14518,12212,Android,4G
14519,12213,Android,4G
14520,12214,Android,5G
14521,12214,Android,4G
14522,12215,Android,5G
14523,12216,Android,5G
14524,12217,Android,WiFi
14525,12218,iOS,4G
14526,12219,Android,WiFi
14527,12220,Android,4G
14528,12221,Android,4G
14529,12222,Android,4G
14530,12222,Android,WiFi
14531,12223,Android,5G
14532,12224,Android,5G
14533,12225,Android,4G
14534,12226,Android,5G
14535,12227,Android,4G
14536,12228,Android,5G
14537,12228,iOS,5G
14538,12229,Android,5G
14539,12230,Android,4G
14540,12231,Android,4G
14541,12232,iOS,4G
14542,12232,Android,WiFi
14543,12233,Android,4G
14544,12234,Android,5G
14545,12235,Android,WiFi
14546,12236,Web,WiFi
14547,12237,Android,5G
14548,12238,Android,WiFi
14549,12239,Android,5G
14550,12239,Android,WiFi
14551,12240,iOS,WiFi
14552,12241,Android,4G
14553,12242,Android,WiFi
14554,12243,Android,5G
14555,12244,Android,3G
14556,12245,Android,WiFi
14557,12246,Android,WiFi
14558,12246,Android,4G
14559,12247,Android,5G
14560,12248,Android,WiFi
14561,12249,Web,4G
14562,12250,Android,5G
14563,12251,Android,WiFi
14564,12252,iOS,5G
14565,12252,Android,4G
14566,12253,Android,5G
14567,12253,iOS,4G
14568,12254,Android,5G
14569,12255,Android,5G
14570,12256,iOS,5G
14571,12257,Android,WiFi
14572,12258,iOS,4G
14573,12259,iOS,WiFi
14574,12260,iOS,5G
14575,12261,Android,5G
14576,12262,Android,4G
14577,12263,Web,4G
14578,12264,Android,3G
14579,12265,Android,WiFi
14580,12266,Web,4G
14581,12267,Android,3G
14582,12268,iOS,WiFi
14583,12268,Android,5G
14584,12269,iOS,4G
14585,12270,Android,5G
14586,12270,Android,4G
14587,12271,Android,4G
14588,12272,Android,4G
14589,12273,Android,WiFi
14590,12274,Android,4G
14591,12275,Android,3G
14592,12276,iOS,4G
14593,12277,Android,4G
14594,12277,iOS,WiFi
14595,12278,Android,4G
14596,12279,Android,4G
14597,12280,iOS,4G
14598,12281,Android,5G
14599,12281,Android,4G
14600,12282,Android,4G
14601,12283,iOS,3G
14602,12284,Android,5G
14603,12285,Android,4G
14604,12286,Android,WiFi
14605,12286,iOS,5G
14606,12287,Android,4G
14607,12288,iOS,4G
14608,12289,iOS,5G
14609,12290,Android,4G
14610,12291,iOS,4G
14611,12292,Android,WiFi
14612,12293,Android,4G
14613,12294,Android,5G
14614,12294,Android,5G
14615,12295,iOS,4G
14616,12296,Android,4G
14617,12297,Android,4G
14618,12298,iOS,4G
14619,12298,Android,5G
14620,12299,iOS,4G
14621,12300,Android,5G
14622,12300,Android,WiFi
14623,12301,iOS,4G
14624,12302,iOS,4G
14625,12303,Android,4G
14626,12304,Android,4G
14627,12305,Android,WiFi
14628,12306,Android,4G
14629,12307,Android,4G
14630,12307,Android,3G
14631,12308,Android,WiFi
14632,12308,Android,5G
14633,12309,iOS,4G
14634,12310,Android,WiFi
14635,12311,Android,5G
14636,12312,Android,4G
14637,12313,Web,4G
14638,12313,Android,3G
14639,12314,Android,4G
14640,12315,Android,WiFi
14641,12315,iOS,WiFi
14642,12316,Android,WiFi
14643,12317,Android,4G
14644,12318,iOS,4G
14645,12318,Android,WiFi
14646,12319,iOS,4G
14647,12320,Android,5G
14648,12321,Android,WiFi
14649,12322,Android,WiFi
14650,12323,Android,4G
14651,12324,Android,WiFi
14652,12324,iOS,4G
14653,12325,Android,4G
14654,12326,Android,5G
14655,12326,Android,3G
14656,12327,Android,4G
14657,12327,iOS,4G
14658,12328,Android,4G
14659,12329,Web,4G
14660,12329,Android,WiFi
14661,12330,Android,4G
14662,12330,iOS,4G
14663,12331,Android,4G
14664,12332,Android,5G
14665,12333,iOS,5G
14666,12334,Android,5G
14667,12335,iOS,4G
14668,12336,Android,4G
14669,12337,Android,WiFi
14670,12338,Android,5G
14671,12339,Android,4G
14672,12340,iOS,4G
14673,12341,iOS,5G
14674,12341,Android,WiFi
14675,12342,Android,5G
14676,12343,Android,WiFi
14677,12343,iOS,4G
14678,12344,iOS,WiFi
14679,12345,Android,4G
14680,12346,iOS,5G
14681,12347,iOS,4G
14682,12348,Android,4G
14683,12349,Android,4G
14684,12350,iOS,5G
14685,12351,Android,WiFi
14686,12352,iOS,WiFi
14687,12353,iOS,5G
14688,12354,iOS,4G
14689,12354,Android,5G
14690,12355,Android,WiFi
14691,12356,Android,5G
14692,12357,Android,WiFi
14693,12358,iOS,4G
14694,12359,Android,4G
14695,12360,Android,4G
14696,12361,iOS,WiFi
14697,12362,iOS,5G
14698,12363,Web,4G
14699,12364,iOS,5G
14700,12365,Android,4G
14701,12366,Android,4G
14702,12367,Android,5G
14703,12368,Android,3G
14704,12369,iOS,WiFi
14705,12369,Android,4G
14706,12370,Android,4G
14707,12371,Android,4G
14708,12372,Web,WiFi
14709,12372,Android,4G
14710,12373,Android,4G
14711,12373,Android,4G
14712,12374,Android,4G
14713,12375,Android,4G
14714,12376,Android,4G
14715,12377,Android,5G
14716,12378,Android,5G
14717,12379,Android,5G
14718,12380,iOS,5G
14719,12381,Android,5G
14720,12382,Android,4G
14721,12382,Android,4G
14722,12383,Android,WiFi
14723,12384,Android,4G
14724,12385,Android,4G
14725,12386,Web,3G
14726,12386,Android,4G
14727,12387,Android,5G
14728,12388,Android,4G
14729,12389,Android,5G
14730,12390,Android,WiFi
14731,12391,iOS,4G
14732,12392,iOS,5G
14733,12392,iOS,4G
14734,12393,Android,WiFi
14735,12394,iOS,3G
14736,12395,Android,4G
14737,12396,Android,5G
14738,12397,Android,5G
14739,12398,Android,4G
14740,12399,iOS,4G
14741,12399,Android,4G
14742,12400,Android,4G
14743,12401,Android,5G
14744,12402,iOS,5G
14745,12403,Android,4G
14746,12404,Android,5G
14747,12405,iOS,WiFi
14748,12405,iOS,5G
14749,12406,iOS,WiFi
14750,12407,Android,WiFi
14751,12408,Android,3G
14752,12409,Android,4G
14753,12410,Android,4G
14754,12411,iOS,5G
14755,12412,Android,4G
14756,12413,Android,5G
14757,12413,Android,5G
14758,12414,Android,4G
14759,12415,Android,4G
14760,12416,Android,5G
14761,12417,Android,5G
14762,12418,Android,5G
14763,12419,Android,4G
14764,12420,Android,3G
14765,12420,Android,4G
14766,12421,iOS,4G
14767,12422,Android,5G
14768,12423,Android,3G
14769,12424,Android,4G
14770,12425,iOS,5G
14771,12426,iOS,5G
14772,12427,Android,4G
14773,12427,Android,5G
14774,12428,Android,5G
14775,12429,Android,WiFi
14776,12430,Android,3G
14777,12431,Android,4G
14778,12432,iOS,4G
14779,12432,iOS,4G
14780,12433,Android,WiFi
14781,12434,iOS,4G
14782,12435,iOS,4G
14783,12436,Android,5G
14784,12436,Android,5G
14785,12437,iOS,4G
14786,12438,Android,4G
14787,12439,Android,WiFi
14788,12440,Android,4G
14789,12441,Android,4G
14790,12442,Android,5G
14791,12443,Web,4G
14792,12444,iOS,4G
14793,12445,Android,5G
14794,12445,Android,4G
14795,12446,Android,4G
14796,12447,Android,4G
14797,12448,Android,5G
14798,12448,Android,4G
14799,12449,Android,WiFi
14800,12450,Android,WiFi
14801,12451,Android,4G
14802,12452,Android,3G
14803,12453,iOS,4G
14804,12454,Android,4G
14805,12455,Android,3G
14806,12456,iOS,WiFi
14807,12457,Android,5G
14808,12458,Android,4G
14809,12459,Web,5G
14810,12460,Android,4G
14811,12461,Android,4G
14812,12462,Android,5G
14813,12463,Android,WiFi
14814,12463,Android,5G
14815,12464,iOS,5G
14816,12464,Android,4G
14817,12465,Android,WiFi
14818,12466,iOS,4G
14819,12467,Android,5G
14820,12468,Android,5G
14821,12468,Android,WiFi
14822,12469,Android,4G
14823,12469,Android,WiFi
14824,12470,iOS,4G
14825,12470,Android,4G
14826,12471,Android,WiFi
14827,12472,Android,4G
14828,12473,Android,5G
14829,12474,Android,5G
14830,12475,Android,5G
14831,12476,iOS,4G
14832,12477,Android,WiFi
14833,12478,Android,4G
14834,12479,Android,4G
14835,12480,iOS,4G
14836,12481,Android,WiFi
14837,12482,Android,5G
14838,12482,Android,4G
14839,12483,Android,4G
14840,12484,Android,5G
14841,12485,Android,5G
14842,12486,Android,4G
14843,12487,iOS,5G
14844,12488,Android,5G
14845,12489,iOS,4G
14846,12490,Android,WiFi
14847,12491,Android,5G
14848,12492,Android,4G
14849,12493,Android,4G
14850,12494,Android,WiFi
14851,12495,iOS,4G
14852,12496,Android,WiFi
14853,12497,Android,5G
14854,12497,Android,5G
14855,12498,Android,5G
14856,12499,iOS,4G
14857,12500,Android,4G
14858,12501,Android,4G
14859,12502,Android,5G
14860,12503,iOS,5G
14861,12503,Android,5G
14862,12504,Android,4G
14863,12505,Android,WiFi
14864,12506,Web,WiFi
14865,12506,Android,4G
14866,12507,Android,WiFi
14867,12507,Android,4G
14868,12508,Android,4G
14869,12509,iOS,5G
14870,12510,Android,WiFi
14871,12511,Android,5G
14872,12511,Android,4G
14873,12512,Android,4G
14874,12513,Android,4G
14875,12514,Android,4G
14876,12515,iOS,4G
14877,12516,iOS,5G
14878,12517,Android,4G
14879,12518,Android,4G
14880,12519,Android,4G
14881,12520,Web,4G
14882,12521,Android,4G
14883,12521,Android,5G
14884,12522,iOS,4G
14885,12523,Android,4G
14886,12524,Android,WiFi
14887,12525,Android,4G
14888,12526,Android,4G
14889,12526,Android,WiFi
14890,12527,Android,5G
14891,12528,iOS,4G
14892,12529,Android,4G
14893,12530,Android,4G
14894,12531,Android,4G
14895,12532,Android,4G
14896,12533,iOS,4G
14897,12534,iOS,WiFi
14898,12534,Android,5G
14899,12535,Web,5G
14900,12536,Android,5G
14901,12537,Android,WiFi
14902,12538,Android,WiFi
14903,12539,Android,WiFi
14904,12540,Android,4G
14905,12541,Android,4G
14906,12542,Android,5G
14907,12543,Android,5G
14908,12543,Android,5G
14909,12544,Web,5G
14910,12545,Android,4G
14911,12546,Android,5G
14912,12547,Android,5G
14913,12547,Android,5G
14914,12548,Android,4G
14915,12549,iOS,WiFi
14916,12550,Android,5G
14917,12551,Android,4G
14918,12552,Android,5G
14919,12553,Web,5G
14920,12554,iOS,WiFi
14921,12555,iOS,4G
14922,12556,Android,4G
14923,12557,iOS,4G
14924,12558,iOS,WiFi
14925,12559,Android,4G
14926,12560,Android,5G
14927,12561,Android,4G
14928,12562,Android,3G
14929,12563,iOS,4G
14930,12564,Android,WiFi
14931,12565,Android,3G
14932,12566,Android,4G
14933,12567,Android,5G
14934,12568,Android,4G
14935,12569,Android,5G
14936,12570,iOS,5G
14937,12571,Android,5G
14938,12572,iOS,5G
14939,12573,Android,WiFi
14940,12574,Android,5G
14941,12575,Android,4G
14942,12575,Android,5G
14943,12576,Android,4G
14944,12576,Android,4G
14945,12577,Android,WiFi
14946,12577,Android,4G
14947,12578,Android,4G
14948,12579,Android,5G
14949,12580,Android,WiFi
14950,12581,Android,5G
14951,12582,Android,WiFi
14952,12583,Android,4G
14953,12584,Android,5G
14954,12585,Web,WiFi
14955,12586,iOS,4G
14956,12587,Android,4G
14957,12588,Android,4G
14958,12589,Android,3G
14959,12590,iOS,4G
14960,12591,Android,4G
14961,12592,Android,5G
14962,12593,Android,5G
14963,12594,iOS,4G
14964,12595,iOS,5G
14965,12595,Android,5G
14966,12596,Android,4G
14967,12597,Android,3G
14968,12597,Android,4G
14969,12598,Android,5G
14970,12599,Android,4G
14971,12600,iOS,4G
14972,12601,Android,4G
14973,12602,Android,WiFi
14974,12603,Android,4G
14975,12603,iOS,WiFi
14976,12604,iOS,WiFi
14977,12605,iOS,5G
14978,12606,Android,4G
14979,12607,Android,4G
14980,12608,Android,4G
14981,12609,Android,4G
14982,12610,iOS,4G
14983,12611,Android,5G
14984,12612,Android,4G
14985,12613,Android,WiFi
14986,12613,iOS,WiFi
14987,12614,Android,5G
14988,12615,iOS,WiFi
14989,12615,iOS,4G
14990,12616,Android,5G
14991,12617,Android,4G
14992,12618,Android,WiFi
14993,12619,Android,5G
14994,12620,Android,5G
14995,12621,Android,WiFi
14996,12622,iOS,WiFi
14997,12623,Android,4G
14998,12624,Android,WiFi
14999,12625,Android,4G
15000,12626,Android,WiFi
15001,12626,iOS,4G
15002,12627,iOS,4G
15003,12628,Android,4G
15004,12629,Android,5G
15005,12630,Android,5G
15006,12631,Android,WiFi
15007,12631,Web,5G
15008,12632,Android,5G
15009,12633,iOS,5G
15010,12633,Android,4G
15011,12634,Android,4G
15012,12635,iOS,4G
15013,12636,Web,WiFi
15014,12637,Android,4G
15015,12638,Android,4G
15016,12639,Android,5G
15017,12640,Web,5G
15018,12641,iOS,4G
15019,12642,Android,5G
15020,12643,Android,4G
15021,12644,iOS,4G
15022,12645,Android,WiFi
15023,12646,Android,4G
15024,12647,Android,4G
15025,12648,Android,5G
15026,12649,Android,4G
15027,12650,iOS,5G
15028,12651,Android,4G
15029,12652,Android,3G
15030,12653,Android,5G
15031,12654,Android,5G
15032,12654,Android,5G
15033,12655,Android,4G
15034,12656,Android,4G
15035,12657,iOS,WiFi
15036,12657,Android,5G
15037,12658,Android,5G
15038,12659,Android,WiFi
15039,12660,Android,WiFi
15040,12661,Android,4G
15041,12662,Android,5G
15042,12663,Android,4G
15043,12664,Web,4G
15044,12665,Android,4G
15045,12666,Web,5G
15046,12667,Android,4G
15047,12668,Android,4G
15048,12669,Android,WiFi
15049,12669,Android,5G
15050,12670,Android,4G
15051,12671,Android,4G
15052,12672,Android,WiFi
15053,12673,Android,5G
15054,12674,Android,5G
15055,12675,Android,WiFi
15056,12676,Android,4G
15057,12677,Android,4G
15058,12678,Android,4G
15059,12679,Android,5G
15060,12679,Android,4G
15061,12680,Android,4G
15062,12681,Android,WiFi
15063,12682,Android,4G
15064,12683,Android,4G
15065,12684,Android,4G
15066,12685,Android,4G
15067,12686,Android,5G
15068,12687,Android,4G
15069,12688,Android,5G
15070,12688,Android,WiFi
15071,12689,iOS,5G
15072,12690,Android,5G
15073,12691,Android,4G
15074,12691,Android,5G
15075,12692,Android,5G
15076,12693,Android,4G
15077,12694,iOS,4G
15078,12695,Android,WiFi
15079,12696,Web,4G
15080,12697,Android,WiFi
15081,12697,iOS,5G
15082,12698,iOS,4G
15083,12698,Android,4G
15084,12699,Android,5G
15085,12700,Android,WiFi
15086,12700,Android,WiFi
15087,12701,Android,5G
15088,12702,Android,4G
15089,12703,iOS,5G
15090,12703,Android,5G
15091,12704,Android,4G
15092,12705,Android,5G
15093,12706,Android,5G
15094,12707,iOS,4G
15095,12708,Android,WiFi
15096,12709,iOS,5G
15097,12709,Android,5G
15098,12710,Android,5G
15099,12711,Android,4G
15100,12712,Android,3G
15101,12713,Android,4G
15102,12714,Android,WiFi
15103,12715,Android,4G
15104,12716,Android,4G
15105,12717,Android,5G
15106,12717,Android,5G
15107,12718,Web,4G
15108,12719,Android,WiFi
15109,12720,iOS,4G
15110,12721,Android,5G
15111,12721,Android,4G
15112,12722,Android,5G
15113,12723,iOS,4G
15114,12724,Android,4G
15115,12725,iOS,5G
15116,12726,Android,4G
15117,12726,Android,5G
15118,12727,Android,WiFi
15119,12728,Android,5G
15120,12728,Android,4G
15121,12729,iOS,4G
15122,12730,iOS,5G
15123,12731,Android,5G
15124,12732,Web,4G
15125,12732,Android,4G
15126,12733,Android,WiFi
15127,12734,Android,WiFi
15128,12735,Android,5G
15129,12736,Android,WiFi
15130,12737,Android,4G
15131,12738,iOS,4G
15132,12739,Android,4G
15133,12740,iOS,4G
15134,12741,Android,4G
15135,12741,Android,WiFi
15136,12742,iOS,3G
15137,12743,Android,5G
15138,12744,Android,4G
15139,12745,Android,4G
15140,12746,Android,4G
15141,12747,Android,5G
15142,12748,Android,4G
15143,12749,Android,4G
15144,12750,Android,5G
15145,12751,Android,5G
15146,12752,Android,WiFi
15147,12753,Android,5G
15148,12754,Android,4G
15149,12755,iOS,4G
15150,12756,Android,5G
15151,12756,iOS,5G
15152,12757,Android,4G
15153,12757,Android,3G
15154,12758,Android,4G
15155,12758,Android,4G
15156,12759,Android,4G
15157,12760,Android,4G
15158,12761,Android,5G
15159,12762,Android,4G
15160,12763,Android,WiFi
15161,12764,Android,WiFi
15162,12765,iOS,5G
15163,12765,Android,4G
15164,12766,Android,WiFi
15165,12767,iOS,4G
15166,12768,Android,4G
15167,12769,Android,4G
15168,12770,Web,5G
15169,12771,iOS,4G
15170,12772,Android,WiFi
15171,12772,iOS,5G
15172,12773,iOS,4G
15173,12774,iOS,4G
15174,12775,Android,4G
15175,12776,Android,4G
15176,12777,iOS,4G
15177,12778,Android,WiFi
15178,12778,Android,4G
15179,12779,Android,4G
15180,12779,Android,WiFi
15181,12780,Android,WiFi
15182,12781,Android,4G
15183,12782,Android,5G
15184,12783,Android,5G
15185,12784,Android,4G
15186,12785,Android,WiFi
15187,12786,Android,4G
15188,12787,Android,5G
15189,12788,Android,5G
15190,12789,Android,5G
15191,12790,Android,4G
15192,12791,Android,5G
15193,12791,Android,5G
15194,12792,Android,4G
15195,12793,iOS,4G
15196,12794,Android,5G
15197,12795,Android,5G
15198,12796,Android,5G
15199,12797,Android,4G
15200,12798,Android,4G
15201,12799,iOS,4G
15202,12799,Web,5G
15203,12800,Android,4G
15204,12801,iOS,4G
15205,12802,Android,WiFi
15206,12803,iOS,4G
15207,12804,iOS,4G
15208,12805,Android,WiFi
15209,12806,Android,5G
15210,12807,Android,5G
15211,12808,iOS,3G
15212,12809,Android,4G
15213,12810,Android,4G
15214,12811,Android,4G
15215,12812,Android,4G
15216,12813,Android,4G
15217,12813,Android,4G
15218,12814,Android,WiFi
15219,12815,Android,4G
15220,12816,Android,4G
15221,12817,Android,5G
15222,12818,Android,4G
15223,12819,Android,WiFi
15224,12820,iOS,3G
15225,12821,Android,WiFi
15226,12822,Android,5G
15227,12823,Android,3G
15228,12824,iOS,5G
15229,12824,Android,5G
15230,12825,Android,4G
15231,12826,iOS,WiFi
15232,12827,Android,4G
15233,12828,Android,WiFi
15234,12829,Android,WiFi
15235,12830,Android,WiFi
15236,12831,iOS,WiFi
15237,12832,Android,5G
15238,12833,Android,5G
15239,12834,Android,5G
15240,12835,iOS,WiFi
15241,12836,Android,4G
15242,12837,Web,5G
15243,12838,Android,WiFi
15244,12839,Android,5G
15245,12840,iOS,4G
15246,12841,Android,4G
15247,12842,Android,4G
15248,12843,Android,5G
15249,12844,Android,5G
15250,12845,iOS,4G
15251,12846,Android,4G
15252,12847,Android,5G
15253,12848,Android,WiFi
15254,12849,iOS,5G
15255,12850,Android,4G
15256,12850,Android,4G
15257,12851,iOS,4G
15258,12852,iOS,5G
15259,12853,iOS,WiFi
15260,12854,Android,WiFi
15261,12855,Android,WiFi
15262,12856,Android,4G
15263,12857,Android,4G
15264,12858,Android,4G
15265,12859,iOS,4G
15266,12860,Android,5G
15267,12861,Android,4G
15268,12861,Android,WiFi
15269,12862,Android,4G
15270,12863,Android,4G
15271,12864,iOS,4G
15272,12865,Android,4G
15273,12866,iOS,5G
15274,12866,Android,5G
15275,12867,Android,5G
15276,12868,iOS,4G
15277,12869,Android,WiFi
15278,12870,Android,3G
15279,12871,Android,3G
15280,12872,Android,5G
15281,12873,Android,WiFi
15282,12874,Android,5G
15283,12875,Android,4G
15284,12876,Android,4G
15285,12877,Android,4G
15286,12878,Android,5G
15287,12879,Android,4G
15288,12880,Android,5G
15289,12881,iOS,4G
15290,12882,Android,4G
15291,12883,Android,4G
15292,12884,Android,WiFi
15293,12885,iOS,4G
15294,12886,Android,5G
15295,12887,Android,WiFi
15296,12888,Android,4G
15297,12889,Android,WiFi
15298,12890,Android,5G
15299,12890,Android,5G
15300,12891,Android,5G
15301,12892,Android,4G
15302,12893,Android,4G
15303,12894,Android,5G
15304,12895,Android,5G
15305,12896,Web,4G
15306,12897,Android,WiFi
15307,12898,iOS,4G
15308,12899,Android,4G
15309,12900,Android,5G
15310,12901,Android,4G
15311,12902,Android,4G
15312,12903,iOS,5G
15313,12904,Android,WiFi
15314,12905,iOS,4G
15315,12906,Android,4G
15316,12907,Android,4G
15317,12908,Android,5G
15318,12909,iOS,WiFi
15319,12910,iOS,4G
15320,12911,iOS,4G
15321,12912,Android,WiFi
15322,12913,iOS,5G
15323,12913,Android,5G
15324,12914,Android,5G
15325,12915,Android,5G
15326,12915,Android,4G
15327,12916,Android,WiFi
15328,12917,Android,4G
15329,12918,Android,4G
15330,12919,Android,5G
15331,12920,Android,5G
15332,12921,Android,4G
15333,12922,iOS,4G
15334,12922,Android,4G
15335,12923,Android,5G
15336,12923,iOS,4G
15337,12924,Android,4G
15338,12925,Android,4G
15339,12926,Android,4G
15340,12927,Android,4G
15341,12928,iOS,4G
15342,12929,Android,WiFi
15343,12930,Android,5G
15344,12931,iOS,5G
15345,12932,Android,4G
15346,12932,iOS,4G
15347,12933,Android,4G
15348,12934,Web,5G
15349,12935,iOS,4G
15350,12936,Android,WiFi
15351,12937,Android,4G
15352,12938,Android,5G
15353,12938,iOS,5G
15354,12939,Android,5G
15355,12940,Android,WiFi
15356,12940,Android,5G
15357,12941,Android,WiFi
15358,12941,Android,5G
15359,12942,Android,4G
15360,12943,Android,WiFi
15361,12944,Android,4G
15362,12945,Android,WiFi
15363,12946,Android,4G
15364,12947,Android,5G
15365,12948,Android,4G
15366,12949,Android,5G
15367,12950,Web,WiFi
15368,12950,Android,WiFi
15369,12951,Android,4G
15370,12952,Android,5G
15371,12952,Android,4G
15372,12953,Android,4G
15373,12954,Android,5G
15374,12954,Android,5G
15375,12955,Android,5G
15376,12955,iOS,4G
15377,12956,Android,WiFi
15378,12957,Android,WiFi
15379,12958,Android,4G
15380,12959,Android,5G
15381,12960,Android,4G
15382,12961,Android,WiFi
15383,12962,Android,5G
15384,12963,Android,4G
15385,12964,Android,4G
15386,12964,Android,WiFi
15387,12965,Android,4G
15388,12966,Android,4G
15389,12967,iOS,4G
15390,12967,iOS,WiFi
15391,12968,Android,4G
15392,12968,Android,4G
15393,12969,Android,4G
15394,12970,Android,5G
15395,12971,iOS,3G
15396,12972,Android,4G
15397,12973,Web,WiFi
15398,12974,Android,5G
15399,12975,Android,5G
15400,12976,iOS,5G
15401,12977,Android,4G
15402,12978,Android,4G
15403,12979,Android,3G
15404,12980,Android,5G
15405,12981,Android,4G
15406,12982,iOS,4G
15407,12982,Android,5G
15408,12983,Android,4G
15409,12983,Android,4G
15410,12984,Android,4G
15411,12985,Android,WiFi
15412,12986,Android,WiFi
15413,12987,Android,WiFi
15414,12988,iOS,WiFi
15415,12988,Android,4G
15416,12989,iOS,4G
15417,12990,Android,5G
15418,12991,Android,WiFi
15419,12992,Android,4G
15420,12993,Android,4G
15421,12994,Android,WiFi
15422,12994,Android,3G
15423,12995,Android,4G
15424,12996,Android,4G
15425,12997,Android,5G
15426,12998,Android,5G
15427,12999,iOS,5G
15428,13000,Android,4G
15429,13000,iOS,4G
15430,13001,Android,4G
15431,13002,Android,4G
15432,13003,Android,4G
15433,13004,Android,4G
15434,13005,Android,4G
15435,13006,Android,5G
15436,13006,Android,4G
15437,13007,Android,5G
15438,13008,Android,4G
15439,13009,Android,5G
15440,13010,Android,4G
15441,13011,Android,5G
15442,13012,Android,4G
15443,13012,iOS,4G
15444,13013,Android,5G
15445,13014,iOS,5G
15446,13015,Android,WiFi
15447,13016,Android,WiFi
15448,13017,iOS,5G
15449,13018,iOS,4G
15450,13019,Android,WiFi
15451,13020,Android,4G
15452,13021,Android,5G
15453,13022,Android,4G
15454,13023,Android,WiFi
15455,13024,Android,WiFi
15456,13025,Android,5G
15457,13026,Android,4G
15458,13027,Android,WiFi
15459,13028,Android,4G
15460,13028,Android,4G
15461,13029,Android,4G
15462,13030,Android,WiFi
15463,13031,iOS,4G
15464,13032,Android,WiFi
15465,13033,Android,5G
15466,13034,Android,5G
15467,13035,Android,5G
15468,13036,Android,5G
15469,13037,Android,4G
15470,13038,iOS,4G
15471,13038,Android,4G
15472,13039,Android,5G
15473,13040,Android,5G
15474,13041,Android,4G
15475,13042,iOS,4G
15476,13043,Android,4G
15477,13044,Android,WiFi
15478,13045,iOS,WiFi
15479,13045,iOS,4G
15480,13046,Web,4G
15481,13047,Android,5G
15482,13048,Android,WiFi
15483,13049,iOS,3G
15484,13050,iOS,5G
15485,13051,Android,5G
15486,13052,Android,5G
15487,13053,Android,WiFi
15488,13054,Android,WiFi
15489,13055,Android,4G
15490,13055,Android,WiFi
15491,13056,Android,4G
15492,13057,Android,4G
15493,13058,Android,4G
15494,13058,iOS,5G
15495,13059,Android,WiFi
15496,13060,Android,WiFi
15497,13061,Android,WiFi
15498,13062,iOS,5G
15499,13063,Android,WiFi
15500,13063,Android,4G
15501,13064,Android,4G
15502,13065,iOS,4G
15503,13066,Android,WiFi
15504,13067,Android,5G
15505,13068,iOS,4G
15506,13069,Android,4G
15507,13070,Android,4G
15508,13071,Android,4G
15509,13072,Android,5G
15510,13073,Android,5G
15511,13074,Android,4G
15512,13075,Android,5G
15513,13076,iOS,5G
15514,13076,Web,4G
15515,13077,Android,4G
15516,13078,Android,WiFi
15517,13079,Android,WiFi
15518,13080,Android,4G
15519,13081,Android,5G
15520,13082,Web,5G
15521,13083,Android,5G
15522,13084,Android,5G
15523,13085,Android,4G
15524,13086,iOS,4G
15525,13087,Android,5G
15526,13087,Android,WiFi
15527,13088,Android,5G
15528,13089,Android,4G
15529,13090,Android,4G
15530,13091,Android,4G
15531,13091,Android,4G
15532,13092,Android,4G
15533,13093,iOS,WiFi
15534,13094,iOS,5G
15535,13095,Android,5G
15536,13096,Android,5G
15537,13097,Android,4G
15538,13097,Android,5G
15539,13098,Android,4G
15540,13098,Android,WiFi
15541,13099,Android,5G
15542,13100,Android,5G
15543,13100,iOS,5G
15544,13101,Android,4G
15545,13102,iOS,4G
15546,13103,Android,4G
15547,13104,Android,4G
15548,13105,Android,4G
15549,13106,iOS,4G
15550,13107,Android,WiFi
15551,13108,Android,4G
15552,13109,Android,4G
15553,13110,Android,4G
15554,13110,Android,4G
15555,13111,Web,WiFi
15556,13112,Android,5G
15557,13113,iOS,5G
15558,13113,Android,WiFi
15559,13114,Android,4G
15560,13115,Android,5G
15561,13116,iOS,WiFi
15562,13117,Android,WiFi
15563,13118,Android,WiFi
15564,13118,iOS,4G
15565,13119,iOS,5G
15566,13120,iOS,4G
15567,13120,Android,5G
15568,13121,Android,4G
15569,13122,Android,4G
15570,13123,Android,3G
15571,13124,Android,5G
15572,13125,Android,5G
15573,13126,Android,4G
15574,13127,Android,3G
15575,13128,iOS,5G
15576,13129,iOS,WiFi
15577,13129,Android,WiFi
15578,13130,iOS,5G
15579,13131,Android,4G
15580,13131,iOS,5G
15581,13132,Android,5G
15582,13133,Android,5G
15583,13134,iOS,4G
15584,13135,Android,4G
15585,13136,iOS,5G
15586,13137,Android,4G
15587,13138,Android,4G
15588,13139,iOS,4G
15589,13140,Android,4G
15590,13141,iOS,4G
15591,13142,iOS,WiFi
15592,13143,Android,4G
15593,13144,Android,5G
15594,13145,iOS,4G
15595,13146,Android,5G
15596,13146,Android,5G
15597,13147,Android,5G
15598,13148,Android,WiFi
15599,13149,Android,5G
15600,13150,Web,5G
15601,13151,Android,5G
15602,13152,Android,WiFi
15603,13153,Android,5G
15604,13154,Android,4G
15605,13154,Android,4G
15606,13155,Android,4G
15607,13156,Android,4G
15608,13156,Android,4G
15609,13157,Android,4G
15610,13157,Android,4G
15611,13158,iOS,WiFi
15612,13159,Android,4G
15613,13160,iOS,WiFi
15614,13161,Android,4G
15615,13162,Android,WiFi
15616,13162,Android,4G
15617,13163,Android,5G
15618,13164,Android,5G
15619,13165,Android,4G
15620,13166,Android,4G
15621,13167,Android,5G
15622,13168,Android,4G
15623,13169,Android,4G
15624,13170,Android,5G
15625,13170,Android,4G
15626,13171,Android,3G
15627,13172,Android,4G
15628,13173,Android,5G
15629,13174,Android,WiFi
15630,13175,Android,WiFi
15631,13176,Android,4G
15632,13176,Android,4G
15633,13177,Android,3G
15634,13178,Android,5G
15635,13179,Android,4G
15636,13180,Android,4G
15637,13181,Android,5G
15638,13182,Android,5G
15639,13183,Android,WiFi
15640,13183,Android,4G
15641,13184,Android,WiFi
15642,13185,iOS,5G
15643,13186,Android,4G
15644,13187,iOS,5G
15645,13187,Android,5G
15646,13188,Web,4G
15647,13189,Android,5G
15648,13190,iOS,5G
15649,13191,Android,5G
15650,13192,Android,4G
15651,13193,Android,4G
15652,13194,Web,WiFi
15653,13195,iOS,5G
15654,13196,Android,WiFi
15655,13197,Android,WiFi
15656,13198,Android,5G
15657,13199,Android,5G
15658,13200,Android,4G
15659,13201,Android,4G
15660,13201,Android,4G
15661,13202,Android,5G
15662,13202,Android,5G
15663,13203,iOS,4G
15664,13204,iOS,5G
15665,13205,Android,4G
15666,13206,Android,WiFi
15667,13207,iOS,WiFi
15668,13208,Android,5G
15669,13209,Android,4G
15670,13209,Web,4G
15671,13210,iOS,WiFi
15672,13210,Android,4G
15673,13211,Android,WiFi
15674,13212,Android,5G
15675,13213,Android,4G
15676,13214,iOS,WiFi
15677,13215,Android,WiFi
15678,13216,Android,WiFi
15679,13217,Android,4G
15680,13218,Android,WiFi
15681,13219,Android,4G
15682,13220,Android,WiFi
15683,13221,Android,WiFi
15684,13222,Android,5G
15685,13223,Android,5G
15686,13224,Android,4G
15687,13225,Android,4G
15688,13226,Android,4G
15689,13227,Android,WiFi
15690,13228,Android,4G
15691,13229,Android,4G
15692,13230,iOS,3G
15693,13231,Android,4G
15694,13232,Android,WiFi
15695,13233,Android,WiFi
15696,13233,iOS,4G
15697,13234,Android,4G
15698,13234,Android,4G
15699,13235,Android,4G
15700,13236,Web,4G
15701,13237,iOS,4G
15702,13238,iOS,4G
15703,13239,Android,4G
15704,13240,iOS,WiFi
15705,13241,Android,4G
15706,13242,Android,4G
15707,13243,Android,4G
15708,13244,Android,5G
15709,13245,Android,4G
15710,13246,Android,5G
15711,13247,iOS,4G
15712,13248,Android,WiFi
15713,13248,Android,4G
15714,13249,Web,5G
15715,13249,iOS,5G
15716,13250,Android,4G
15717,13251,iOS,5G
15718,13252,Android,4G
15719,13253,Android,WiFi
15720,13253,Android,4G
15721,13254,iOS,5G
15722,13255,Android,5G
15723,13256,Android,5G
15724,13257,Android,4G
15725,13258,Android,5G
15726,13259,Android,WiFi
15727,13259,Web,WiFi
15728,13260,iOS,4G
15729,13261,Android,4G
15730,13262,Android,5G
15731,13262,Android,3G
15732,13263,Android,3G
15733,13264,Android,WiFi
15734,13265,Android,4G
15735,13265,Android,4G
15736,13266,Android,4G
15737,13267,Android,WiFi
15738,13267,Android,5G
15739,13268,Android,5G
15740,13269,Android,5G
15741,13270,Android,5G
15742,13270,Android,5G
15743,13271,iOS,5G
15744,13272,Android,5G
15745,13273,iOS,4G
15746,13273,Android,5G
15747,13274,Android,5G
15748,13275,iOS,5G
15749,13276,Android,5G
15750,13277,Android,3G
15751,13278,Android,4G
15752,13279,iOS,5G
15753,13280,Android,WiFi
15754,13281,Android,4G
15755,13282,iOS,5G
15756,13283,Android,WiFi
15757,13284,Android,4G
15758,13285,Android,WiFi
15759,13286,Android,5G
15760,13286,Android,3G
15761,13287,Android,WiFi
15762,13288,Android,WiFi
15763,13289,Android,4G
15764,13290,Android,5G
15765,13291,Android,5G
15766,13292,Android,WiFi
15767,13293,Android,4G
15768,13294,Android,WiFi
15769,13295,iOS,3G
15770,13296,Android,4G
15771,13297,Android,5G
15772,13298,Android,4G
15773,13299,Android,WiFi
15774,13300,Android,4G
15775,13301,iOS,5G
15776,13301,Android,5G
15777,13302,Android,5G
15778,13303,Android,WiFi
15779,13304,Android,WiFi
15780,13305,Android,5G
15781,13306,Android,4G
15782,13307,Android,4G
15783,13307,Android,4G
15784,13308,Android,4G
15785,13309,Android,5G
15786,13310,iOS,WiFi
15787,13311,iOS,WiFi
15788,13312,Android,3G
15789,13313,Android,WiFi
15790,13313,iOS,4G
15791,13314,iOS,WiFi
15792,13315,Android,5G
15793,13316,Android,WiFi
15794,13317,Android,4G
15795,13318,Android,WiFi
15796,13319,Android,4G
15797,13319,Android,5G
15798,13320,Android,4G
15799,13321,Android,4G
15800,13322,iOS,4G
15801,13323,Android,WiFi
15802,13324,Android,WiFi
15803,13325,Android,4G
15804,13326,Android,4G
15805,13327,Android,4G
15806,13328,Android,3G
15807,13328,Android,5G
15808,13329,Android,5G
15809,13330,Android,4G
15810,13331,Android,4G
15811,13332,Android,3G
15812,13333,iOS,4G
15813,13334,Android,WiFi
15814,13335,Android,4G
15815,13336,Android,4G
15816,13337,Android,5G
15817,13338,Android,4G
15818,13339,Android,5G
15819,13340,Android,4G
15820,13341,Android,4G
15821,13342,Android,4G
15822,13343,Android,4G
15823,13344,Android,5G
15824,13345,Android,5G
15825,13345,iOS,5G
15826,13346,Android,4G
15827,13347,iOS,4G
15828,13348,iOS,4G
15829,13349,Android,WiFi
15830,13350,Android,5G
15831,13351,Android,5G
15832,13351,iOS,5G
15833,13352,Android,5G
15834,13353,Android,5G
15835,13353,iOS,WiFi
15836,13354,Android,5G
15837,13355,iOS,4G
15838,13356,Android,WiFi
15839,13356,Android,5G
15840,13357,Android,4G
15841,13358,Android,WiFi
15842,13359,iOS,4G
15843,13360,Android,4G
15844,13361,Android,4G
15845,13362,iOS,5G
15846,13362,Android,3G
15847,13363,Android,5G
15848,13364,Android,5G
15849,13365,Android,5G
15850,13366,Android,5G
15851,13367,iOS,4G
15852,13368,Android,4G
15853,13369,Android,4G
15854,13370,Android,5G
15855,13371,Android,WiFi
15856,13372,Android,4G
15857,13372,Android,3G
15858,13373,Android,WiFi
15859,13373,Android,4G
15860,13374,Android,3G
15861,13375,Web,WiFi
15862,13376,Android,4G
15863,13376,Android,WiFi
15864,13377,Android,5G
15865,13377,Android,4G
15866,13378,iOS,3G
15867,13379,Android,4G
15868,13380,Android,5G
15869,13381,Android,5G
15870,13382,iOS,5G
15871,13382,Android,4G
15872,13383,Android,3G
15873,13384,Android,4G
15874,13385,Android,4G
15875,13386,Android,5G
15876,13386,Android,4G
15877,13387,Android,5G
15878,13388,Android,4G
15879,13389,Android,4G
15880,13389,Android,4G
15881,13390,iOS,3G
15882,13391,Android,4G
15883,13392,Android,4G
15884,13393,Web,4G
15885,13394,Android,4G
15886,13395,Web,4G
15887,13396,Android,4G
15888,13396,iOS,WiFi
15889,13397,iOS,4G
15890,13398,Android,4G
15891,13399,Android,4G
15892,13400,iOS,WiFi
15893,13401,Android,4G
15894,13402,Android,4G
15895,13403,iOS,5G
15896,13404,Android,WiFi
15897,13405,Android,4G
15898,13406,Android,5G
15899,13407,iOS,5G
15900,13408,iOS,5G
15901,13409,Android,3G
15902,13410,Android,3G
15903,13411,iOS,5G
15904,13412,Android,4G
15905,13413,iOS,5G
15906,13413,Android,WiFi
15907,13414,Android,WiFi
15908,13415,Android,4G
15909,13416,Android,5G
15910,13417,Android,4G
15911,13417,Android,4G
15912,13418,Android,4G
15913,13419,Android,4G
15914,13420,Android,WiFi
15915,13421,Android,4G
15916,13422,Android,5G
15917,13422,Android,3G
15918,13423,Android,WiFi
15919,13424,Android,5G
15920,13425,Android,4G
15921,13426,Android,5G
15922,13426,Android,WiFi
15923,13427,Android,4G
15924,13428,Android,WiFi
15925,13429,iOS,WiFi
15926,13430,iOS,4G
15927,13431,Android,4G
15928,13432,Android,WiFi
15929,13432,Android,4G
15930,13433,iOS,WiFi
15931,13434,Android,WiFi
15932,13435,Android,4G
15933,13436,Android,4G
15934,13437,Android,WiFi
15935,13437,Android,4G
15936,13438,Android,4G
15937,13439,Android,WiFi
15938,13440,Android,5G
15939,13441,Android,4G
15940,13442,Android,4G
15941,13443,iOS,4G
15942,13444,Android,4G
15943,13444,Android,5G
15944,13445,Android,5G
15945,13446,Android,4G
15946,13447,Android,4G
15947,13448,Android,4G
15948,13449,Android,4G
15949,13450,Android,3G
15950,13451,Android,3G
15951,13452,Android,4G
15952,13453,Android,4G
15953,13454,Android,4G
15954,13455,iOS,WiFi
15955,13456,Android,WiFi
15956,13457,iOS,WiFi
15957,13458,Android,4G
15958,13459,Android,WiFi
15959,13460,Android,4G
15960,13461,iOS,5G
15961,13461,Android,4G
15962,13462,Android,4G
15963,13463,Android,5G
15964,13464,Android,4G
15965,13465,Android,4G
15966,13466,Android,4G
15967,13466,Android,4G
15968,13467,Android,4G
15969,13468,Android,5G
15970,13469,Android,WiFi
15971,13470,Android,4G
15972,13471,Android,5G
15973,13472,Android,4G
15974,13472,Android,WiFi
15975,13473,Android,WiFi
15976,13474,Android,4G
15977,13475,Android,4G
15978,13475,Android,3G
15979,13476,Android,3G
15980,13477,iOS,4G
15981,13478,Android,4G
15982,13479,Android,WiFi
15983,13480,Android,4G
15984,13480,Android,4G
15985,13481,Android,4G
15986,13482,Android,4G
15987,13483,Android,4G
15988,13484,Android,5G
15989,13484,Android,4G
15990,13485,iOS,4G
15991,13486,Android,5G
15992,13487,Android,4G
15993,13488,Android,5G
15994,13489,Android,4G
15995,13490,Android,5G
15996,13491,Android,WiFi
15997,13492,Android,5G
15998,13493,Android,WiFi
15999,13494,Android,4G
16000,13495,iOS,4G
16001,13495,Android,4G
16002,13496,Android,4G
16003,13497,Android,4G
16004,13497,Android,5G
16005,13498,Android,5G
16006,13499,Android,4G
16007,13500,Android,5G
16008,13501,Android,5G
16009,13502,Android,5G
16010,13503,iOS,4G
16011,13504,Android,3G
16012,13505,Android,WiFi
16013,13506,Android,4G
16014,13507,Android,5G
16015,13508,Android,4G
16016,13509,Android,4G
16017,13510,Android,WiFi
16018,13511,iOS,5G
16019,13512,Android,WiFi
16020,13513,iOS,3G
16021,13514,iOS,4G
16022,13515,Android,4G
16023,13516,iOS,WiFi
16024,13517,Android,5G
16025,13518,Android,4G
16026,13518,Android,4G
16027,13519,iOS,4G
16028,13520,Android,4G
16029,13521,iOS,5G
16030,13521,iOS,5G
16031,13522,Android,5G
16032,13523,Android,4G
16033,13524,Android,4G
16034,13525,Android,4G
16035,13526,Android,4G
16036,13526,Android,4G
16037,13527,Android,5G
16038,13528,Android,WiFi
16039,13529,iOS,4G
16040,13529,Android,4G
16041,13530,Android,4G
16042,13531,iOS,5G
16043,13532,Android,5G
16044,13533,Android,WiFi
16045,13534,Web,5G
16046,13535,Android,4G
16047,13536,Android,5G
16048,13537,Android,5G
16049,13538,Android,4G
16050,13539,Android,4G
16051,13540,Android,WiFi
16052,13541,Android,4G
16053,13542,Android,4G
16054,13542,iOS,5G
16055,13543,Android,3G
16056,13544,Android,5G
16057,13545,iOS,WiFi
16058,13546,iOS,4G
16059,13547,Android,WiFi
16060,13548,Android,5G
16061,13549,Android,5G
16062,13550,Android,WiFi
16063,13551,Android,4G
16064,13552,Android,4G
16065,13553,Android,WiFi
16066,13554,Android,4G
16067,13555,Android,5G
16068,13556,Android,4G
16069,13557,Android,5G
16070,13558,Android,4G
16071,13558,iOS,WiFi
16072,13559,Android,4G
16073,13560,Android,WiFi
16074,13561,iOS,5G
16075,13562,Android,5G
16076,13563,Android,4G
16077,13564,Android,4G
16078,13565,Android,WiFi
16079,13566,Android,WiFi
16080,13567,Android,4G
16081,13568,Android,WiFi
16082,13569,Android,4G
16083,13570,Android,WiFi
16084,13571,Android,WiFi
16085,13571,Android,3G
16086,13572,Android,5G
16087,13572,Android,4G
16088,13573,Android,5G
16089,13574,Android,5G
16090,13575,Android,WiFi
16091,13576,Android,4G
16092,13577,Android,5G
16093,13577,iOS,5G
16094,13578,Android,4G
16095,13579,Android,4G
16096,13580,Android,5G
16097,13581,Android,4G
16098,13581,Android,4G
16099,13582,iOS,5G
16100,13583,iOS,5G
16101,13584,Android,4G
16102,13585,Android,5G
16103,13586,Android,5G
16104,13587,Android,4G
16105,13588,Android,WiFi
16106,13589,Android,4G
16107,13590,Android,WiFi
16108,13591,Android,4G
16109,13591,Android,5G
16110,13592,Android,WiFi
16111,13593,Android,5G
16112,13594,Android,4G
16113,13595,Web,WiFi
16114,13596,Android,4G
16115,13597,Android,4G
16116,13598,Android,4G
16117,13599,Android,5G
16118,13599,Android,WiFi
16119,13600,Android,5G
16120,13601,Android,WiFi
16121,13602,Android,4G
16122,13603,iOS,WiFi
16123,13604,Android,4G
16124,13605,iOS,4G
16125,13605,Android,4G
16126,13606,Android,WiFi
16127,13607,Android,5G
16128,13608,Android,5G
16129,13609,Android,WiFi
16130,13610,Android,4G
16131,13611,Android,4G
16132,13612,Android,WiFi
16133,13613,Android,4G
16134,13614,Android,4G
16135,13615,Android,4G
16136,13616,Android,5G
16137,13617,Android,4G
16138,13617,Android,5G
16139,13618,Android,4G
16140,13619,Android,4G
16141,13620,Android,5G
16142,13620,Android,4G
16143,13621,Android,5G
16144,13622,iOS,5G
16145,13623,iOS,5G
16146,13624,Android,5G
16147,13624,Android,4G
16148,13625,Android,4G
16149,13626,Android,3G
16150,13627,iOS,5G
16151,13628,Android,5G
16152,13629,Web,5G
16153,13630,Android,4G
16154,13631,Android,4G
16155,13632,Web,4G
16156,13633,Android,5G
16157,13634,Android,WiFi
16158,13635,Android,5G
16159,13636,Android,WiFi
16160,13636,Android,WiFi
16161,13637,Android,5G
16162,13638,Android,4G
16163,13639,Android,WiFi
16164,13640,Android,5G
16165,13641,iOS,5G
16166,13642,iOS,5G
16167,13643,iOS,4G
16168,13643,Android,4G
16169,13644,Android,4G
16170,13644,Android,5G
16171,13645,Android,5G
16172,13646,Android,WiFi
16173,13647,iOS,WiFi
16174,13648,Android,4G
16175,13648,Android,5G
16176,13649,Android,5G
16177,13650,Android,4G
16178,13651,Android,5G
16179,13652,Android,5G
16180,13653,Android,4G
16181,13653,Android,5G
16182,13654,Android,4G
16183,13655,Android,5G
16184,13656,Android,4G
16185,13656,Android,4G
16186,13657,Android,5G
16187,13658,iOS,4G
16188,13658,Android,5G
16189,13659,Android,4G
16190,13660,Android,WiFi
16191,13661,Android,4G
16192,13662,iOS,5G
16193,13663,Android,WiFi
16194,13664,Android,WiFi
16195,13665,iOS,WiFi
16196,13666,Android,4G
16197,13667,Android,5G
16198,13667,Android,4G
16199,13668,iOS,WiFi
16200,13669,Android,5G
16201,13670,Android,4G
16202,13671,iOS,4G
16203,13671,Web,4G
16204,13672,Android,4G
16205,13673,iOS,4G
16206,13674,Android,WiFi
16207,13675,Android,4G
16208,13675,iOS,4G
16209,13676,iOS,5G
16210,13677,Android,5G
16211,13678,Android,WiFi
16212,13679,Android,WiFi
16213,13680,Android,5G
16214,13681,Android,4G
16215,13682,Android,5G
16216,13683,iOS,5G
16217,13684,iOS,5G
16218,13685,iOS,5G
16219,13686,iOS,4G
16220,13687,Android,4G
16221,13688,Android,4G
16222,13689,iOS,5G
16223,13690,Web,WiFi
16224,13690,Android,4G
16225,13691,Android,4G
16226,13692,Android,5G
16227,13693,iOS,4G
16228,13693,Android,4G
16229,13694,iOS,WiFi
16230,13695,Android,4G
16231,13696,Android,3G
16232,13696,Android,4G
16233,13697,Android,4G
16234,13698,Android,WiFi
16235,13699,iOS,4G
16236,13700,Web,4G
16237,13701,Android,WiFi
16238,13701,iOS,WiFi
16239,13702,Android,5G
16240,13703,Android,4G
16241,13704,Android,4G
16242,13705,Android,5G
16243,13706,Android,5G
16244,13707,Android,4G
16245,13708,Web,5G
16246,13709,Android,4G
16247,13710,Android,4G
16248,13710,Android,WiFi
16249,13711,Android,4G
16250,13712,Android,4G
16251,13713,iOS,WiFi
16252,13713,iOS,5G
16253,13714,Android,5G
16254,13715,iOS,WiFi
16255,13715,Android,4G
16256,13716,Android,4G
16257,13717,Android,4G
16258,13718,Android,4G
16259,13719,Android,5G
16260,13719,iOS,WiFi
16261,13720,iOS,WiFi
16262,13721,iOS,5G
16263,13722,iOS,4G
16264,13723,Android,4G
16265,13724,iOS,4G
16266,13725,Android,4G
16267,13725,Android,5G
16268,13726,iOS,5G
16269,13727,Android,5G
16270,13728,Android,5G
16271,13729,Android,3G
16272,13730,Android,4G
16273,13731,Android,5G
16274,13732,Android,4G
16275,13733,iOS,4G
16276,13734,Android,5G
16277,13735,Web,4G
16278,13735,iOS,4G
16279,13736,Android,4G
16280,13737,Android,5G
16281,13737,iOS,4G
16282,13738,Android,WiFi
16283,13738,Android,3G
16284,13739,Android,5G
16285,13740,iOS,5G
16286,13741,Android,3G
16287,13741,Android,4G
16288,13742,Android,WiFi
16289,13743,Android,4G
16290,13744,Android,5G
16291,13745,Android,5G
16292,13746,Android,5G
16293,13747,Android,4G
16294,13748,Android,WiFi
16295,13748,Android,4G
16296,13749,Android,4G
16297,13750,Android,4G
16298,13751,Android,4G
16299,13751,Android,4G
16300,13752,Android,WiFi
16301,13753,Android,WiFi
16302,13754,iOS,4G
16303,13755,Android,WiFi
16304,13756,iOS,5G
16305,13757,iOS,4G
16306,13758,Android,5G
16307,13758,Android,WiFi
16308,13759,Android,4G
16309,13760,Android,4G
16310,13761,Android,4G
16311,13762,Android,4G
16312,13762,Android,WiFi
16313,13763,Android,4G
16314,13764,Android,4G
16315,13765,Android,WiFi
16316,13766,Android,4G
16317,13767,Android,4G
16318,13768,Android,WiFi
16319,13769,Android,5G
16320,13770,Android,4G
16321,13771,Android,4G
16322,13772,Android,4G
16323,13773,Android,5G
16324,13774,Web,5G
16325,13775,Android,WiFi
16326,13776,Android,4G
16327,13777,iOS,5G
16328,13778,Android,WiFi
16329,13779,iOS,5G
16330,13780,Android,WiFi
16331,13780,Android,4G
16332,13781,Android,5G
16333,13782,iOS,WiFi
16334,13783,iOS,4G
16335,13784,iOS,5G
16336,13785,Android,4G
16337,13786,Android,5G
16338,13787,Android,WiFi
16339,13787,iOS,4G
16340,13788,iOS,4G
16341,13789,iOS,4G
16342,13789,Android,5G
16343,13790,Android,5G
16344,13791,Android,WiFi
16345,13791,Android,5G
16346,13792,Android,4G
16347,13793,Android,3G
16348,13794,Android,5G
16349,13795,Android,WiFi
16350,13796,iOS,4G
16351,13796,Android,WiFi
16352,13797,iOS,4G
16353,13798,Android,5G
16354,13799,Android,WiFi
16355,13800,Android,5G
16356,13801,Android,4G
16357,13802,Web,5G
16358,13803,Android,WiFi
16359,13804,Android,WiFi
16360,13804,iOS,5G
16361,13805,Android,WiFi
16362,13806,iOS,WiFi
16363,13807,Android,4G
16364,13808,Android,5G
16365,13809,Android,WiFi
16366,13810,Android,4G
16367,13811,Android,4G
16368,13812,Android,WiFi
16369,13813,iOS,5G
16370,13814,Web,WiFi
16371,13814,Android,4G
16372,13815,Android,4G
16373,13816,iOS,4G
16374,13817,Android,WiFi
16375,13818,Android,4G
16376,13819,Android,WiFi
16377,13820,Android,4G
16378,13820,iOS,5G
16379,13821,Android,WiFi
16380,13822,Android,WiFi
16381,13823,iOS,5G
16382,13824,Android,4G
16383,13825,iOS,4G
16384,13826,Web,4G
16385,13827,Android,4G
16386,13828,Android,5G
16387,13828,iOS,4G
16388,13829,Android,4G
16389,13830,Android,WiFi
16390,13830,Android,5G
16391,13831,iOS,WiFi
16392,13832,Android,4G
16393,13833,iOS,3G
16394,13834,Android,WiFi
16395,13835,Android,WiFi
16396,13835,Android,4G
16397,13836,Android,5G
16398,13837,Android,WiFi
16399,13838,Android,4G
16400,13839,Android,WiFi
16401,13839,Android,5G
16402,13840,Android,5G
16403,13841,Android,5G
16404,13842,iOS,4G
16405,13843,Android,5G
16406,13844,iOS,5G
16407,13845,Android,5G
16408,13846,Android,4G
16409,13847,iOS,4G
16410,13848,Android,5G
16411,13849,Android,WiFi
16412,13849,Android,4G
16413,13850,Android,4G
16414,13851,iOS,4G
16415,13852,Android,5G
16416,13853,Android,WiFi
16417,13854,Android,5G
16418,13855,Android,4G
16419,13856,Android,5G
16420,13857,Android,5G
16421,13858,Android,4G
16422,13859,Android,WiFi
16423,13860,Android,WiFi
16424,13861,Android,4G
16425,13862,iOS,4G
16426,13862,Android,4G
16427,13863,Android,4G
16428,13864,Android,WiFi
16429,13865,Android,WiFi
16430,13866,Android,WiFi
16431,13867,Android,5G
16432,13867,Android,4G
16433,13868,iOS,3G
16434,13869,Android,WiFi
16435,13870,Android,3G
16436,13871,Web,WiFi
16437,13871,Android,4G
16438,13872,Android,4G
16439,13873,Android,WiFi
16440,13874,iOS,5G
16441,13875,Android,4G
16442,13876,Android,5G
16443,13877,iOS,5G
16444,13878,iOS,4G
16445,13879,Android,4G
16446,13880,Android,3G
16447,13880,Android,4G
16448,13881,Android,4G
16449,13881,iOS,WiFi
16450,13882,Android,5G
16451,13883,Android,4G
16452,13884,Android,4G
16453,13885,iOS,5G
16454,13886,Android,4G
16455,13887,Web,4G
16456,13888,iOS,5G
16457,13889,Android,WiFi
16458,13890,Android,4G
16459,13891,Android,4G
16460,13892,iOS,4G
16461,13893,iOS,5G
16462,13894,Android,5G
16463,13895,Android,WiFi
16464,13896,Android,WiFi
16465,13897,Android,WiFi
16466,13898,Android,WiFi
16467,13899,Android,4G
16468,13899,Android,4G
16469,13900,Android,5G
16470,13901,Android,4G
16471,13901,Android,WiFi
16472,13902,iOS,5G
16473,13903,Android,4G
16474,13904,Web,WiFi
16475,13905,iOS,4G
16476,13905,iOS,4G
16477,13906,iOS,4G
16478,13907,Android,5G
16479,13907,Android,5G
16480,13908,Android,WiFi
16481,13909,Android,4G
16482,13910,Android,3G
16483,13911,Android,4G
16484,13911,Android,WiFi
16485,13912,Android,5G
16486,13913,Android,WiFi
16487,13913,Android,4G
16488,13914,Android,4G
16489,13915,Android,4G
16490,13915,Android,5G
16491,13916,Android,5G
16492,13917,Web,5G
16493,13918,Android,WiFi
16494,13918,Android,4G
16495,13919,Android,WiFi
16496,13919,Android,5G
16497,13920,iOS,5G
16498,13921,Android,5G
16499,13922,Web,WiFi
16500,13922,Android,4G
16501,13923,Android,5G
16502,13924,Web,4G
16503,13925,iOS,3G
16504,13926,Android,4G
16505,13927,Android,WiFi
16506,13928,Android,4G
16507,13929,iOS,5G
16508,13930,iOS,WiFi
16509,13931,Android,4G
16510,13932,Android,4G
16511,13933,Android,5G
16512,13934,iOS,4G
16513,13935,Android,WiFi
16514,13936,Android,4G
16515,13937,Android,5G
16516,13938,Android,4G
16517,13938,Android,5G
16518,13939,iOS,4G
16519,13940,Android,3G
16520,13941,Android,WiFi
16521,13941,Android,4G
16522,13942,Android,4G
16523,13943,Android,4G
16524,13944,Android,3G
16525,13945,Android,5G
16526,13945,Android,5G
16527,13946,iOS,4G
16528,13947,iOS,WiFi
16529,13948,Android,WiFi
16530,13949,iOS,4G
16531,13950,iOS,4G
16532,13951,Web,4G
16533,13952,Android,4G
16534,13953,Android,3G
16535,13954,Android,4G
16536,13955,Android,4G
16537,13956,Android,5G
16538,13956,Android,5G
16539,13957,Android,4G
16540,13958,Android,WiFi
16541,13959,Android,5G
16542,13959,Android,WiFi
16543,13960,iOS,4G
16544,13961,iOS,4G
16545,13962,iOS,5G
16546,13962,Android,WiFi
16547,13963,Android,4G
16548,13963,Android,4G
16549,13964,Android,WiFi
16550,13965,Android,5G
16551,13966,Android,5G
16552,13967,Android,5G
16553,13968,Android,4G
16554,13969,Android,4G
16555,13969,Android,WiFi
16556,13970,Android,4G
16557,13971,iOS,5G
16558,13972,Android,WiFi
16559,13973,Android,3G
16560,13974,Android,4G
16561,13975,Android,5G
16562,13976,Android,4G
16563,13977,Android,WiFi
16564,13978,iOS,4G
16565,13979,Android,3G
16566,13980,Android,4G
16567,13981,Android,WiFi
16568,13982,Android,4G
16569,13983,Android,WiFi
16570,13984,iOS,WiFi
16571,13985,Android,4G
16572,13986,Android,4G
16573,13987,Android,WiFi
16574,13987,Android,WiFi
16575,13988,Android,4G
16576,13989,Android,4G
16577,13990,iOS,5G
16578,13990,iOS,WiFi
16579,13991,Android,4G
16580,13992,Android,5G
16581,13993,Android,4G
16582,13994,Android,4G
16583,13995,Android,5G
16584,13996,Android,WiFi
16585,13997,Android,5G
16586,13998,Android,4G
16587,13999,iOS,4G
16588,14000,Android,4G
16589,14001,iOS,5G
16590,14002,Android,5G
16591,14003,Android,4G
16592,14004,Android,4G
16593,14005,Android,4G
16594,14006,Android,4G
16595,14007,Android,4G
16596,14008,Android,WiFi
16597,14008,Android,4G
16598,14009,Android,4G
16599,14010,Android,5G
16600,14011,Android,WiFi
16601,14011,Android,4G
16602,14012,Android,5G
16603,14013,Android,3G
16604,14014,Android,4G
16605,14015,Android,5G
16606,14015,Android,WiFi
16607,14016,Android,WiFi
16608,14017,Android,4G
16609,14018,iOS,WiFi
16610,14019,Android,3G
16611,14020,Android,WiFi
16612,14020,Android,4G
16613,14021,Web,4G
16614,14022,Android,WiFi
16615,14023,iOS,5G
16616,14024,iOS,5G
16617,14025,Android,4G
16618,14026,Android,4G
16619,14027,Android,4G
16620,14028,iOS,4G
16621,14029,iOS,5G
16622,14030,Android,WiFi
16623,14031,Android,4G
16624,14032,Android,4G
16625,14033,Android,4G
16626,14034,Android,5G
16627,14035,Android,4G
16628,14036,Android,4G
16629,14036,iOS,4G
16630,14037,iOS,5G
16631,14038,Android,5G
16632,14039,Android,WiFi
16633,14040,Android,5G
16634,14041,Android,4G
16635,14042,Android,WiFi
16636,14043,iOS,4G
16637,14044,iOS,4G
16638,14045,Android,4G
16639,14046,iOS,5G
16640,14047,Android,5G
16641,14048,Android,4G
16642,14049,iOS,WiFi
16643,14050,iOS,4G
16644,14051,iOS,5G
16645,14052,Android,WiFi
16646,14053,Android,4G
16647,14054,Android,5G
16648,14054,Android,4G
16649,14055,Android,4G
16650,14056,Android,WiFi
16651,14057,iOS,4G
16652,14057,Android,5G
16653,14058,iOS,5G
16654,14059,Android,5G
16655,14060,Android,4G
16656,14061,iOS,4G
16657,14062,Android,5G
16658,14063,Android,4G
16659,14064,Android,3G
16660,14065,iOS,4G
16661,14065,iOS,4G
16662,14066,Android,5G
16663,14067,Android,4G
16664,14068,Android,WiFi
16665,14069,Android,4G
16666,14069,Android,4G
16667,14070,Android,WiFi
16668,14071,Android,4G
16669,14072,Android,4G
16670,14073,Android,4G
16671,14074,Android,3G
16672,14075,Android,4G
16673,14076,iOS,4G
16674,14076,Android,4G
16675,14077,Android,WiFi
16676,14078,Android,4G
16677,14079,Android,4G
16678,14080,Android,WiFi
16679,14080,iOS,5G
16680,14081,Android,4G
16681,14081,Android,5G
16682,14082,iOS,4G
16683,14083,Android,WiFi
16684,14084,iOS,4G
16685,14085,Android,WiFi
16686,14086,Android,4G
16687,14087,Android,5G
16688,14087,Android,5G
16689,14088,Android,5G
16690,14089,Android,4G
16691,14090,Android,WiFi
16692,14091,Android,5G
16693,14092,Android,5G
16694,14093,iOS,5G
16695,14094,Android,4G
16696,14095,Android,4G
16697,14096,Android,4G
16698,14096,iOS,5G
16699,14097,Android,4G
16700,14097,Android,5G
16701,14098,Android,4G
16702,14099,Android,4G
16703,14099,Android,4G
16704,14100,Android,WiFi
16705,14100,Android,5G
16706,14101,Android,4G
16707,14102,Android,4G
16708,14103,Android,WiFi
16709,14104,iOS,5G
16710,14105,Android,4G
16711,14106,Android,4G
16712,14106,Android,WiFi
16713,14107,iOS,5G
16714,14108,Android,4G
16715,14109,Android,WiFi
16716,14110,Web,4G
16717,14110,Android,5G
16718,14111,Android,4G
16719,14112,Android,4G
16720,14113,iOS,4G
16721,14114,Android,4G
16722,14115,Android,5G
16723,14116,Android,4G
16724,14117,Android,4G
16725,14118,Android,5G
16726,14119,Android,4G
16727,14120,iOS,5G
16728,14121,Android,WiFi
16729,14122,Android,3G
16730,14123,Android,4G
16731,14124,Android,5G
16732,14125,Android,4G
16733,14126,Android,5G
16734,14127,Android,4G
16735,14128,Android,WiFi
16736,14129,iOS,5G
16737,14130,Android,4G
16738,14131,iOS,4G
16739,14131,Android,WiFi
16740,14132,Android,5G
16741,14133,Android,3G
16742,14134,Android,4G
16743,14135,Android,4G
16744,14136,Android,4G
16745,14137,Android,5G
16746,14138,Android,4G
16747,14139,Android,5G
16748,14140,Android,3G
16749,14141,Web,4G
16750,14142,Android,4G
16751,14143,Android,4G
16752,14144,Android,4G
16753,14145,Android,4G
16754,14146,Android,4G
16755,14147,Android,WiFi
16756,14148,Android,3G
16757,14149,Android,4G
16758,14150,Android,5G
16759,14151,Android,5G
16760,14152,Android,WiFi
16761,14153,iOS,4G
16762,14154,Android,WiFi
16763,14155,Android,5G
16764,14156,Android,4G
16765,14157,Android,5G
16766,14157,Android,4G
16767,14158,iOS,5G
16768,14159,Android,4G
16769,14159,Android,4G
16770,14160,Android,4G
16771,14161,Android,4G
16772,14162,Android,5G
16773,14162,Android,5G
16774,14163,Web,4G
16775,14164,Android,3G
16776,14164,Android,4G
16777,14165,Android,WiFi
16778,14166,Android,WiFi
16779,14167,Android,4G
16780,14168,Android,4G
16781,14169,Android,5G
16782,14170,Android,4G
16783,14171,Android,4G
16784,14172,Android,4G
16785,14173,Android,4G
16786,14174,Android,4G
16787,14175,iOS,4G
16788,14176,Android,4G
16789,14177,Android,4G
16790,14178,Android,5G
16791,14179,Android,4G
16792,14180,Android,4G
16793,14181,Android,5G
16794,14182,Android,5G
16795,14182,Android,4G
16796,14183,Android,5G
16797,14184,Android,5G
16798,14184,Android,WiFi
16799,14185,Android,4G
16800,14186,Android,4G
16801,14187,iOS,5G
16802,14188,Android,5G
16803,14189,iOS,5G
16804,14190,Android,WiFi
16805,14191,Android,5G
16806,14191,iOS,3G
16807,14192,iOS,4G
16808,14193,Android,5G
16809,14194,Android,5G
16810,14195,Android,4G
16811,14196,Android,5G
16812,14196,Android,WiFi
16813,14197,Android,4G
16814,14198,iOS,WiFi
16815,14199,Android,4G
16816,14200,Android,5G
16817,14201,Android,5G
16818,14201,Android,4G
16819,14202,Android,5G
16820,14203,Android,4G
16821,14204,Android,5G
16822,14204,Android,4G
16823,14205,Android,4G
16824,14206,Android,WiFi
16825,14206,Android,5G
16826,14207,Android,4G
16827,14207,Android,4G
16828,14208,Android,4G
16829,14209,Android,4G
16830,14210,Web,4G
16831,14211,Android,5G
16832,14212,Android,4G
16833,14213,Android,4G
16834,14214,iOS,3G
16835,14215,Android,3G
16836,14216,Android,WiFi
16837,14217,Android,WiFi
16838,14218,Web,5G
16839,14219,Android,WiFi
16840,14220,Android,WiFi
16841,14221,Android,5G
16842,14222,iOS,WiFi
16843,14223,Android,WiFi
16844,14224,Android,5G
16845,14224,Android,5G
16846,14225,Android,5G
16847,14226,Android,5G
16848,14227,Android,4G
16849,14228,Android,3G
16850,14229,Android,WiFi
16851,14230,Android,5G
16852,14230,Android,4G
16853,14231,iOS,4G
16854,14232,Android,4G
16855,14233,Android,WiFi
16856,14234,Android,4G
16857,14235,Android,4G
16858,14236,Android,4G
16859,14237,iOS,5G
16860,14238,Android,WiFi
16861,14239,Android,5G
16862,14240,Android,5G
16863,14240,Android,5G
16864,14241,Android,4G
16865,14242,Android,WiFi
16866,14243,Android,4G
16867,14244,Android,4G
16868,14245,Android,5G
16869,14246,Android,5G
16870,14247,Android,4G
16871,14248,Android,4G
16872,14249,Android,5G
16873,14250,iOS,WiFi
16874,14251,iOS,4G
16875,14252,Android,4G
16876,14253,iOS,4G
16877,14254,Android,4G
16878,14255,Web,WiFi
16879,14255,iOS,3G
16880,14256,iOS,5G
16881,14257,Android,4G
16882,14257,Android,4G
16883,14258,Android,4G
16884,14259,Android,4G
16885,14259,Web,4G
16886,14260,Android,4G
16887,14261,Android,4G
16888,14261,iOS,4G
16889,14262,Android,4G
16890,14263,Android,5G
16891,14263,Android,WiFi
16892,14264,Android,4G
16893,14265,Android,5G
16894,14265,Android,WiFi
16895,14266,Android,4G
16896,14267,Android,5G
16897,14268,Android,4G
16898,14269,Android,5G
16899,14269,Android,4G
16900,14270,Android,5G
16901,14271,Android,4G
16902,14272,Android,5G
16903,14273,Android,5G
16904,14274,Android,4G
16905,14275,Android,WiFi
16906,14276,Android,4G
16907,14276,Android,WiFi
16908,14277,Android,4G
16909,14278,Android,WiFi
16910,14279,Android,WiFi
16911,14280,Android,4G
16912,14281,Android,4G
16913,14282,Web,4G
16914,14282,iOS,WiFi
16915,14283,Android,4G
16916,14284,Android,4G
16917,14285,Android,4G
16918,14286,Android,WiFi
16919,14287,Android,WiFi
16920,14288,Android,4G
16921,14289,Android,4G
16922,14289,Android,3G
16923,14290,Android,5G
16924,14290,Android,WiFi
16925,14291,Android,4G
16926,14291,Android,4G
16927,14292,Android,5G
16928,14292,Android,WiFi
16929,14293,Android,4G
16930,14294,Android,4G
16931,14295,Android,WiFi
16932,14296,Android,WiFi
16933,14297,iOS,WiFi
16934,14297,Android,4G
16935,14298,Android,4G
16936,14299,Android,4G
16937,14300,Android,WiFi
16938,14300,Android,4G
16939,14301,Android,5G
16940,14302,iOS,4G
16941,14303,Android,WiFi
16942,14304,Android,5G
16943,14305,Android,WiFi
16944,14306,Android,4G
16945,14307,Android,WiFi
16946,14308,Android,WiFi
16947,14308,Android,4G
16948,14309,iOS,5G
16949,14310,Android,WiFi
16950,14311,iOS,4G
16951,14312,Android,4G
16952,14313,Android,5G
16953,14314,iOS,4G
16954,14315,Web,5G
16955,14316,Android,4G
16956,14317,Android,3G
16957,14317,iOS,5G
16958,14318,Android,WiFi
16959,14318,Android,4G
16960,14319,Android,4G
16961,14320,Android,4G
16962,14321,iOS,5G
16963,14322,Web,4G
16964,14323,Android,4G
16965,14324,Android,5G
16966,14325,Android,4G
16967,14326,Android,WiFi
16968,14326,Android,5G
16969,14327,Android,4G
16970,14328,Android,4G
16971,14328,Android,5G
16972,14329,iOS,5G
16973,14330,Android,4G
16974,14331,Android,3G
16975,14332,Android,5G
16976,14333,Android,WiFi
16977,14334,Android,5G
16978,14335,Android,WiFi
16979,14336,Android,4G
16980,14336,Android,WiFi
16981,14337,Android,5G
16982,14338,Android,4G
16983,14339,iOS,4G
16984,14340,Android,5G
16985,14341,Android,5G
16986,14342,iOS,4G
16987,14343,Android,4G
16988,14343,Android,WiFi
16989,14344,iOS,5G
16990,14345,Android,4G
16991,14346,Android,3G
16992,14347,Android,WiFi
16993,14347,Android,WiFi
16994,14348,Android,4G
16995,14349,Android,WiFi
16996,14350,Android,5G
16997,14351,Android,5G
16998,14352,Android,4G
16999,14353,iOS,4G
17000,14354,Android,4G
17001,14355,Android,4G
17002,14356,Android,4G
17003,14356,Android,5G
17004,14357,Android,WiFi
17005,14357,iOS,5G
17006,14358,iOS,4G
17007,14359,Android,WiFi
17008,14360,Web,WiFi
17009,14361,Android,4G
17010,14362,Android,4G
17011,14363,Android,WiFi
17012,14364,iOS,4G
17013,14365,Android,5G
17014,14366,iOS,5G
17015,14367,Android,5G
17016,14368,Android,4G
17017,14368,Android,4G
17018,14369,Android,4G
17019,14370,Android,4G
17020,14370,Web,5G
17021,14371,iOS,4G
17022,14372,Android,4G
17023,14373,Android,4G
17024,14374,Android,4G
17025,14374,Android,WiFi
17026,14375,iOS,5G
17027,14376,iOS,4G
17028,14377,Android,5G
17029,14378,Android,WiFi
17030,14378,Android,4G
17031,14379,Android,4G
17032,14379,Android,4G
17033,14380,Android,WiFi
17034,14381,Android,4G
17035,14381,Android,4G
17036,14382,Android,4G
17037,14383,Android,4G
17038,14384,iOS,5G
17039,14385,iOS,5G
17040,14386,iOS,5G
17041,14387,Android,WiFi
17042,14388,Android,5G
17043,14389,Android,4G
17044,14390,Android,5G
17045,14391,Android,4G
17046,14392,iOS,4G
17047,14393,Android,WiFi
17048,14394,Android,5G
17049,14395,Android,4G
17050,14395,Web,4G
17051,14396,Android,WiFi
17052,14397,Android,4G
17053,14397,Android,5G
17054,14398,Android,4G
17055,14399,Android,5G
17056,14400,Android,WiFi
17057,14401,iOS,5G
17058,14401,Android,5G
17059,14402,Android,4G
17060,14403,Android,WiFi
17061,14404,iOS,4G
17062,14405,Android,4G
17063,14405,Android,5G
17064,14406,Android,WiFi
17065,14407,Android,4G
17066,14407,Android,4G
17067,14408,Android,WiFi
17068,14408,iOS,4G
17069,14409,Android,4G
17070,14409,Android,4G
17071,14410,iOS,WiFi
17072,14410,Android,4G
17073,14411,Android,4G
17074,14412,Android,4G
17075,14413,Android,4G
17076,14414,Android,4G
17077,14415,iOS,4G
17078,14416,Android,5G
17079,14417,Android,5G
17080,14418,iOS,4G
17081,14418,Android,5G
17082,14419,Android,3G
17083,14420,Android,4G
17084,14421,Android,5G
17085,14422,Android,WiFi
17086,14423,Android,5G
17087,14424,Android,4G
17088,14424,Android,4G
17089,14425,Android,4G
17090,14426,Android,4G
17091,14427,Android,5G
17092,14428,iOS,5G
17093,14428,iOS,4G
17094,14429,Android,4G
17095,14430,Android,5G
17096,14430,Android,WiFi
17097,14431,Android,5G
17098,14431,iOS,5G
17099,14432,Android,WiFi
17100,14432,Android,WiFi
17101,14433,Android,WiFi
17102,14434,Android,4G
17103,14435,iOS,4G
17104,14436,Android,WiFi
17105,14437,Android,5G
17106,14438,Android,5G
17107,14438,Android,4G
17108,14439,iOS,4G
17109,14440,Android,4G
17110,14441,Android,4G
17111,14442,Android,5G
17112,14442,iOS,4G
17113,14443,Android,WiFi
17114,14444,Android,4G
17115,14445,Web,5G
17116,14446,Android,4G
17117,14447,Android,WiFi
17118,14448,iOS,5G
17119,14449,Android,4G
17120,14450,Android,4G
17121,14451,iOS,4G
17122,14452,Android,5G
17123,14453,Android,4G
17124,14454,Android,5G
17125,14455,iOS,3G
17126,14456,Android,WiFi
17127,14457,Android,5G
17128,14458,Android,5G
17129,14459,Android,5G
17130,14459,Android,4G
17131,14460,Android,WiFi
17132,14461,Android,5G
17133,14462,Android,5G
17134,14462,Android,4G
17135,14463,Android,4G
17136,14464,Android,WiFi
17137,14465,Android,5G
17138,14466,iOS,5G
17139,14467,Android,5G
17140,14468,Android,5G
17141,14468,iOS,5G
17142,14469,Android,5G
17143,14470,Android,WiFi
17144,14470,Android,4G
17145,14471,Android,4G
17146,14472,iOS,WiFi
17147,14473,iOS,5G
17148,14473,Android,4G
17149,14474,Android,4G
17150,14475,Android,4G
17151,14476,Android,WiFi
17152,14477,iOS,WiFi
17153,14478,Android,WiFi
17154,14479,Android,4G
17155,14479,iOS,4G
17156,14480,iOS,5G
17157,14481,Android,4G
17158,14481,Android,4G
17159,14482,iOS,5G
17160,14483,Android,WiFi
17161,14484,Android,5G
17162,14485,Android,4G
17163,14486,Android,3G
17164,14486,Android,5G
17165,14487,Android,WiFi
17166,14488,Android,5G
17167,14489,Android,4G
17168,14490,Android,5G
17169,14490,Android,WiFi
17170,14491,iOS,WiFi
17171,14492,Android,4G
17172,14493,Android,4G
17173,14494,Android,3G
17174,14495,Android,WiFi
17175,14496,Android,4G
17176,14496,iOS,4G
17177,14497,Android,WiFi
17178,14498,Android,5G
17179,14498,Android,4G
17180,14499,Android,5G
17181,14500,Android,WiFi
17182,14501,Web,5G
17183,14502,Android,3G
17184,14503,Android,5G
17185,14504,iOS,WiFi
17186,14504,Android,4G
17187,14505,Android,4G
17188,14506,iOS,4G
17189,14506,iOS,4G
17190,14507,Android,4G
17191,14508,Android,4G
17192,14509,Android,WiFi
17193,14510,Android,WiFi
17194,14511,Android,5G
17195,14511,Android,4G
17196,14512,Android,4G
17197,14512,Android,4G
17198,14513,Android,5G
17199,14514,Android,4G
17200,14515,Android,5G
17201,14516,Android,5G
17202,14517,Android,4G
17203,14518,Android,5G
17204,14519,Android,4G
17205,14520,Android,5G
17206,14521,Android,5G
17207,14521,Android,4G
17208,14522,Android,WiFi
17209,14522,Android,4G
17210,14523,Android,4G
17211,14524,Android,WiFi
17212,14525,Android,3G
17213,14525,Android,4G
17214,14526,Android,WiFi
17215,14527,Android,5G
17216,14528,iOS,5G
17217,14529,Android,3G
17218,14530,Android,WiFi
17219,14530,Android,4G
17220,14531,Android,4G
17221,14532,Android,4G
17222,14533,Android,4G
17223,14534,Android,5G
17224,14535,Android,5G
17225,14536,Android,4G
17226,14537,iOS,5G
17227,14538,Android,4G
17228,14539,iOS,4G
17229,14540,Android,4G
17230,14541,Android,5G
17231,14542,Android,4G
17232,14542,Web,4G
17233,14543,iOS,4G
17234,14544,iOS,WiFi
17235,14544,Android,4G
17236,14545,Android,5G
17237,14546,Android,WiFi
17238,14547,Android,4G
17239,14547,iOS,4G
17240,14548,Android,WiFi
17241,14549,Android,5G
17242,14550,Android,4G
17243,14551,Android,4G
17244,14552,Android,4G
17245,14552,Android,WiFi
17246,14553,Android,3G
17247,14553,Android,5G
17248,14554,Android,4G
17249,14555,Android,3G
17250,14555,Android,4G
17251,14556,iOS,5G
17252,14557,Android,5G
17253,14558,iOS,5G
17254,14559,Android,4G
17255,14560,Android,WiFi
17256,14561,Android,4G
17257,14561,Android,4G
17258,14562,Android,4G
17259,14563,Android,5G
17260,14563,Android,4G
17261,14564,Android,5G
17262,14565,iOS,WiFi
17263,14566,Android,3G
17264,14567,Android,5G
17265,14568,iOS,4G
17266,14569,Android,WiFi
17267,14570,Android,3G
17268,14571,Android,WiFi
17269,14572,iOS,4G
17270,14572,Android,3G
17271,14573,Android,WiFi
17272,14574,Android,4G
17273,14575,iOS,5G
17274,14576,Android,WiFi
17275,14576,Android,4G
17276,14577,Android,4G
17277,14578,Android,WiFi
17278,14579,Android,5G
17279,14580,Android,WiFi
17280,14581,Android,4G
17281,14582,Android,5G
17282,14583,Android,WiFi
17283,14584,Android,4G
17284,14585,Android,4G
17285,14585,Android,4G
17286,14586,Android,5G
17287,14587,Android,4G
17288,14587,Android,4G
17289,14588,iOS,5G
17290,14589,iOS,WiFi
17291,14590,Android,4G
17292,14591,Android,5G
17293,14592,Web,5G
17294,14593,iOS,4G
17295,14594,iOS,5G
17296,14595,iOS,4G
17297,14596,Android,WiFi
17298,14597,Android,5G
17299,14597,Android,5G
17300,14598,Android,4G
17301,14599,Android,4G
17302,14600,Android,WiFi
17303,14601,Android,4G
17304,14602,iOS,4G
17305,14603,Android,4G
17306,14604,Android,4G
17307,14605,Android,5G
17308,14606,Android,5G
17309,14606,Android,4G
17310,14607,Android,4G
17311,14608,Android,5G
17312,14609,Android,4G
17313,14609,Android,4G
17314,14610,Android,WiFi
17315,14611,Android,5G
17316,14612,Android,4G
17317,14613,Android,WiFi
17318,14613,Android,4G
17319,14614,Android,4G
17320,14615,Android,5G
17321,14615,Android,4G
17322,14616,Android,5G
17323,14617,Android,3G
17324,14618,Android,WiFi
17325,14619,iOS,5G
17326,14620,Android,4G
17327,14621,Android,5G
17328,14621,Android,5G
17329,14622,Android,5G
17330,14623,Android,5G
17331,14624,Android,WiFi
17332,14625,iOS,4G
17333,14626,Android,4G
17334,14627,Android,5G
17335,14628,Android,3G
17336,14629,Android,4G
17337,14630,Android,WiFi
17338,14631,iOS,5G
17339,14631,Android,4G
17340,14632,Web,5G
17341,14632,Android,5G
17342,14633,Android,5G
17343,14634,Android,4G
17344,14634,Android,5G
17345,14635,Android,5G
17346,14636,iOS,4G
17347,14637,Web,5G
17348,14638,Android,4G
17349,14639,Android,4G
17350,14640,Android,4G
17351,14641,Android,4G
17352,14642,Android,3G
17353,14643,Android,4G
17354,14644,Android,5G
17355,14645,Android,5G
17356,14646,Android,4G
17357,14647,Android,WiFi
17358,14648,iOS,WiFi
17359,14649,Android,4G
17360,14650,Android,4G
17361,14650,Android,WiFi
17362,14651,Android,4G
17363,14652,Android,4G
17364,14653,Android,3G
17365,14653,Android,4G
17366,14654,Android,5G
17367,14655,Android,4G
17368,14656,Android,5G
17369,14657,Android,4G
17370,14658,iOS,4G
17371,14659,Android,5G
17372,14660,Android,4G
17373,14661,Android,5G
17374,14662,Android,4G
17375,14663,Android,4G
17376,14663,Android,3G
17377,14664,Android,3G
17378,14665,Android,5G
17379,14666,Android,4G
17380,14667,Android,3G
17381,14668,Android,3G
17382,14669,Android,4G
17383,14670,Android,4G
17384,14671,Android,3G
17385,14671,iOS,WiFi
17386,14672,Android,5G
17387,14673,Android,WiFi
17388,14673,iOS,5G
17389,14674,Android,WiFi
17390,14675,Android,5G
17391,14676,Android,5G
17392,14676,Android,5G
17393,14677,Android,4G
17394,14678,Android,4G
17395,14679,Android,WiFi
17396,14680,Android,WiFi
17397,14681,Android,4G
17398,14682,Android,WiFi
17399,14683,iOS,WiFi
17400,14684,Android,4G
17401,14684,iOS,4G
17402,14685,iOS,WiFi
17403,14686,Android,4G
17404,14687,Android,4G
17405,14688,Android,4G
17406,14688,Android,5G
17407,14689,Android,4G
17408,14690,iOS,WiFi
17409,14691,Android,WiFi
17410,14692,Android,WiFi
17411,14693,Android,4G
17412,14693,Android,4G
17413,14694,Android,4G
17414,14695,Android,4G
17415,14696,Android,4G
17416,14697,Android,4G
17417,14698,Android,WiFi
17418,14699,Web,5G
17419,14700,Android,4G
17420,14701,Android,4G
17421,14702,Web,5G
17422,14703,Android,5G
17423,14704,iOS,4G
17424,14705,Android,WiFi
17425,14706,Android,5G
17426,14706,iOS,5G
17427,14707,Android,4G
17428,14708,Android,4G
17429,14709,Android,4G
17430,14710,Android,5G
17431,14711,Android,5G
17432,14712,Android,4G
17433,14712,Android,4G
17434,14713,Android,3G
17435,14713,Android,4G
17436,14714,Android,5G
17437,14715,iOS,WiFi
17438,14716,Android,WiFi
17439,14717,Android,4G
17440,14718,Android,5G
17441,14719,Android,5G
17442,14720,Android,5G
17443,14721,Android,4G
17444,14722,Android,4G
17445,14723,Android,WiFi
17446,14724,Android,5G
17447,14725,Android,4G
17448,14726,iOS,5G
17449,14726,Android,4G
17450,14727,Android,4G
17451,14728,iOS,4G
17452,14729,Android,4G
17453,14730,Android,WiFi
17454,14731,Android,5G
17455,14732,Android,4G
17456,14733,Android,5G
17457,14734,Android,5G
17458,14735,Android,5G
17459,14736,Android,4G
17460,14737,Android,4G
17461,14738,Android,WiFi
17462,14739,Android,5G
17463,14740,Android,5G
17464,14741,Android,4G
17465,14742,Android,4G
17466,14742,Android,4G
17467,14743,Android,WiFi
17468,14744,Android,WiFi
17469,14745,Android,4G
17470,14746,iOS,5G
17471,14746,Android,5G
17472,14747,Android,5G
17473,14748,Android,4G
17474,14749,Android,4G
17475,14749,Android,5G
17476,14750,Android,5G
17477,14751,Android,5G
17478,14752,Android,4G
17479,14753,iOS,5G
17480,14754,Android,4G
17481,14755,iOS,5G
17482,14756,Android,WiFi
17483,14757,Android,WiFi
17484,14758,Android,4G
17485,14759,iOS,4G
17486,14760,Android,WiFi
17487,14761,Android,WiFi
17488,14762,Android,WiFi
17489,14763,iOS,5G
17490,14764,Android,5G
17491,14764,Android,5G
17492,14765,iOS,4G
17493,14765,Android,4G
17494,14766,Web,4G
17495,14766,Android,5G
17496,14767,Android,4G
17497,14767,Android,4G
17498,14768,Android,3G
17499,14769,Android,4G
17500,14770,Android,4G
17501,14771,Android,WiFi
17502,14772,Android,4G
17503,14773,iOS,5G
17504,14774,Android,4G
17505,14775,iOS,4G
17506,14776,Android,5G
17507,14776,Android,WiFi
17508,14777,iOS,4G
17509,14778,Android,5G
17510,14779,Android,4G
17511,14780,Android,4G
17512,14781,Android,5G
17513,14782,iOS,WiFi
17514,14783,Android,5G
17515,14784,Android,4G
17516,14785,Web,3G
17517,14785,Android,5G
17518,14786,Android,WiFi
17519,14787,Android,3G
17520,14788,Android,3G
17521,14789,Android,5G
17522,14790,Android,4G
17523,14791,Android,4G
17524,14792,Android,5G
17525,14793,iOS,5G
17526,14794,Android,WiFi
17527,14795,Android,5G
17528,14796,Android,4G
17529,14797,Android,4G
17530,14798,Android,3G
17531,14799,Android,4G
17532,14800,Android,5G
17533,14801,iOS,WiFi
17534,14802,Android,WiFi
17535,14803,Android,WiFi
17536,14803,Android,4G
17537,14804,Android,4G
17538,14805,Android,WiFi
17539,14806,Android,WiFi
17540,14807,Android,WiFi
17541,14808,Android,WiFi
17542,14809,Android,4G
17543,14809,Android,5G
17544,14810,Android,5G
17545,14811,Android,4G
17546,14812,Android,5G
17547,14813,Android,4G
17548,14813,Web,5G
17549,14814,Android,WiFi
17550,14815,Android,5G
17551,14815,Android,5G
17552,14816,iOS,5G
17553,14816,Android,5G
17554,14817,Android,4G
17555,14818,iOS,4G
17556,14818,Android,5G
17557,14819,Android,4G
17558,14820,Android,WiFi
17559,14821,Android,4G
17560,14822,Android,4G
17561,14823,Android,4G
17562,14824,Android,4G
17563,14824,Android,5G
17564,14825,Android,5G
17565,14826,Android,5G
17566,14827,Android,WiFi
17567,14828,Android,4G
17568,14828,Android,5G
17569,14829,Android,WiFi
17570,14830,Android,5G
17571,14831,Android,4G
17572,14832,Android,5G
17573,14833,Android,WiFi
17574,14834,iOS,3G
17575,14834,iOS,4G
17576,14835,Android,4G
17577,14836,Android,5G
17578,14837,Android,5G
17579,14838,Web,WiFi
17580,14839,Android,3G
17581,14840,iOS,WiFi
17582,14841,Android,4G
17583,14842,Android,4G
17584,14842,iOS,4G
17585,14843,Android,4G
17586,14843,Android,4G
17587,14844,Android,WiFi
17588,14845,Android,4G
17589,14846,Android,4G
17590,14847,Android,5G
17591,14848,Android,WiFi
17592,14848,Android,3G
17593,14849,Android,5G
17594,14850,Android,5G
17595,14851,Android,WiFi
17596,14852,Android,5G
17597,14853,iOS,4G
17598,14854,iOS,5G
17599,14855,Android,5G
17600,14856,Android,4G
17601,14857,Android,4G
17602,14858,Android,5G
17603,14859,Android,4G
17604,14860,Android,WiFi
17605,14861,Android,4G
17606,14862,Android,4G
17607,14863,Android,3G
17608,14864,Android,4G
17609,14865,Android,4G
17610,14866,Android,5G
17611,14867,iOS,4G
17612,14868,Android,4G
17613,14868,Android,WiFi
17614,14869,Android,WiFi
17615,14870,Android,4G
17616,14871,Android,WiFi
17617,14872,Android,WiFi
17618,14873,iOS,WiFi
17619,14874,Android,5G
17620,14875,Android,WiFi
17621,14875,Android,4G
17622,14876,Android,4G
17623,14877,iOS,4G
17624,14878,Android,5G
17625,14878,Android,WiFi
17626,14879,Android,4G
17627,14879,Android,4G
17628,14880,iOS,5G
17629,14881,Android,4G
17630,14882,Android,4G
17631,14882,Android,5G
17632,14883,Android,4G
17633,14884,Android,5G
17634,14885,iOS,4G
17635,14885,Android,5G
17636,14886,iOS,4G
17637,14887,Android,WiFi
17638,14888,Android,WiFi
17639,14889,Android,4G
17640,14890,Android,4G
17641,14891,iOS,4G
17642,14892,Android,4G
17643,14892,iOS,WiFi
17644,14893,Android,WiFi
17645,14894,Android,4G
17646,14894,Android,5G
17647,14895,iOS,WiFi
17648,14896,Android,4G
17649,14897,iOS,4G
17650,14898,Android,WiFi
17651,14899,Android,4G
17652,14900,Android,4G
17653,14901,iOS,4G
17654,14902,iOS,4G
17655,14903,Android,4G
17656,14904,Android,5G
17657,14905,Android,WiFi
17658,14906,Android,4G
17659,14907,Android,4G
17660,14908,Android,5G
17661,14909,Android,5G
17662,14910,Android,WiFi
17663,14911,Android,WiFi
17664,14911,Android,5G
17665,14912,iOS,5G
17666,14913,Android,5G
17667,14914,Android,4G
17668,14915,Android,WiFi
17669,14916,Android,4G
17670,14916,Android,4G
17671,14917,Android,4G
17672,14918,Android,WiFi
17673,14919,iOS,3G
17674,14919,Android,4G
17675,14920,Android,4G
17676,14921,Android,4G
17677,14922,Web,WiFi
17678,14923,Android,5G
17679,14924,Android,4G
17680,14925,Android,5G
17681,14926,iOS,3G
17682,14927,Android,4G
17683,14928,Android,5G
17684,14929,iOS,4G
17685,14930,Web,5G
17686,14931,Android,5G
17687,14932,Android,5G
17688,14933,iOS,5G
17689,14934,Android,WiFi
17690,14935,Android,4G
17691,14936,iOS,4G
17692,14937,iOS,4G
17693,14938,Android,4G
17694,14939,iOS,WiFi
17695,14940,Android,4G
17696,14941,Android,5G
17697,14942,Android,4G
17698,14942,Android,4G
17699,14943,iOS,WiFi
17700,14944,iOS,5G
17701,14944,Android,4G
17702,14945,Android,5G
17703,14946,Android,4G
17704,14946,Android,WiFi
17705,14947,Android,5G
17706,14948,iOS,4G
17707,14948,Android,4G
17708,14949,Web,4G
17709,14950,Android,3G
17710,14950,Android,4G
17711,14951,Android,4G
17712,14951,Android,4G
17713,14952,Android,5G
17714,14953,Android,5G
17715,14953,iOS,4G
17716,14954,Android,WiFi
17717,14955,Android,WiFi
17718,14955,iOS,5G
17719,14956,Android,4G
17720,14957,Android,WiFi
17721,14958,Android,4G
17722,14959,Android,5G
17723,14959,Android,5G
17724,14960,Android,5G
17725,14961,iOS,4G
17726,14961,Android,5G
17727,14962,Android,4G
17728,14963,Android,WiFi
17729,14964,Android,4G
17730,14965,Android,5G
17731,14966,Android,4G
17732,14967,iOS,5G
17733,14968,Android,5G
17734,14969,Android,5G
17735,14970,Android,4G
17736,14971,Android,WiFi
17737,14972,Android,4G
17738,14973,Android,WiFi
17739,14974,Android,4G
17740,14975,Android,WiFi
17741,14976,Android,4G
17742,14977,Android,WiFi
17743,14978,Android,4G
17744,14979,iOS,4G
17745,14980,iOS,4G
17746,14980,Android,WiFi
17747,14981,Android,4G
17748,14982,iOS,4G
17749,14983,iOS,4G
17750,14983,Android,4G
17751,14984,Android,5G
17752,14985,Android,4G
17753,14986,Android,4G
17754,14987,Android,4G
17755,14988,Android,WiFi
17756,14989,Android,5G
17757,14990,Android,WiFi
17758,14991,Android,5G
17759,14992,iOS,4G
17760,14993,Android,4G
17761,14994,iOS,WiFi
17762,14995,Android,4G
17763,14996,Android,WiFi
17764,14997,Android,4G
17765,14998,Android,5G
17766,14999,iOS,4G
17767,15000,Android,5G
17768,15001,iOS,4G
17769,15002,Android,4G
17770,15002,iOS,5G
17771,15003,Android,4G
17772,15004,iOS,5G
17773,15005,Android,4G
17774,15006,Android,5G
17775,15007,Android,5G
17776,15008,Web,4G
17777,15009,iOS,5G
17778,15010,Android,5G
17779,15011,iOS,3G
17780,15012,Web,4G
17781,15013,iOS,4G
17782,15013,Android,4G
17783,15014,Android,4G
17784,15015,Android,4G
17785,15015,iOS,4G
17786,15016,Android,WiFi
17787,15016,Android,4G
17788,15017,Android,4G
17789,15018,iOS,4G
17790,15019,Android,4G
17791,15020,Android,WiFi
17792,15021,Android,5G
17793,15022,Android,WiFi
17794,15023,iOS,5G
17795,15024,Android,5G
17796,15025,Android,4G
17797,15026,Android,WiFi
17798,15026,Android,4G
17799,15027,iOS,WiFi
17800,15028,Android,WiFi
17801,15029,Android,4G
17802,15030,Android,5G
17803,15031,Android,4G
17804,15032,Android,WiFi
17805,15033,Android,4G
17806,15034,Android,3G
17807,15035,Android,WiFi
17808,15036,Android,WiFi
17809,15037,Android,4G
17810,15037,iOS,3G
17811,15038,Android,5G
17812,15039,Android,5G
17813,15040,Web,4G
17814,15041,Android,WiFi
17815,15042,iOS,4G
17816,15043,Android,4G
17817,15044,Android,4G
17818,15045,Android,WiFi
17819,15046,Android,4G
17820,15047,Android,4G
17821,15048,iOS,4G
17822,15049,iOS,4G
17823,15050,Android,WiFi
17824,15051,Android,4G
17825,15052,Android,4G
17826,15053,Android,5G
17827,15053,Android,5G
17828,15054,Android,WiFi
17829,15055,Android,4G
17830,15056,Android,5G
17831,15057,Android,4G
17832,15058,Android,WiFi
17833,15059,Android,5G
17834,15060,Android,5G
17835,15061,Android,WiFi
17836,15061,Android,4G
17837,15062,Web,4G
17838,15063,Android,5G
17839,15064,iOS,4G
17840,15065,Android,5G
17841,15066,Android,4G
17842,15067,Android,4G
17843,15068,Android,5G
17844,15068,iOS,4G
17845,15069,Android,5G
17846,15070,Android,3G
17847,15071,Android,4G
17848,15072,Android,4G
17849,15072,iOS,4G
17850,15073,Android,WiFi
17851,15074,Android,5G
17852,15074,iOS,5G
17853,15075,Android,5G
17854,15076,Android,3G
17855,15077,Android,5G
17856,15078,Android,4G
17857,15079,Android,5G
17858,15080,Android,5G
17859,15081,Android,5G
17860,15081,iOS,5G
17861,15082,Android,5G
17862,15083,Android,4G
17863,15084,Android,WiFi
17864,15085,Android,3G
17865,15085,Android,4G
17866,15086,Android,5G
17867,15086,iOS,5G
17868,15087,Android,4G
17869,15088,iOS,WiFi
17870,15088,iOS,4G
17871,15089,Android,WiFi
17872,15089,Android,3G
17873,15090,Android,4G
17874,15091,Android,5G
17875,15092,iOS,4G
17876,15092,Android,4G
17877,15093,Android,4G
17878,15094,Android,4G
17879,15095,Android,4G
17880,15096,Android,4G
17881,15097,iOS,4G
17882,15098,Android,WiFi
17883,15099,Android,5G
17884,15100,Android,4G
17885,15101,Android,4G
17886,15102,Android,4G
17887,15103,Android,4G
17888,15104,iOS,4G
17889,15105,Android,5G
17890,15106,Android,4G
17891,15107,Android,5G
17892,15108,Android,WiFi
17893,15109,Android,5G
17894,15110,Android,5G
17895,15111,Android,4G
17896,15111,Android,4G
17897,15112,Android,4G
17898,15113,Android,5G
17899,15114,Web,WiFi
17900,15114,iOS,4G
17901,15115,Android,4G
17902,15116,Android,4G
17903,15116,Android,4G
17904,15117,Android,4G
17905,15118,iOS,4G
17906,15119,Android,5G
17907,15120,Android,5G
17908,15121,Android,4G
17909,15122,Android,WiFi
17910,15123,Android,4G
17911,15124,Android,4G
17912,15125,iOS,WiFi
17913,15126,iOS,WiFi
17914,15127,iOS,5G
17915,15127,Android,5G
17916,15128,Android,4G
17917,15129,Android,5G
17918,15130,Android,4G
17919,15131,Android,WiFi
17920,15132,Android,4G
17921,15133,iOS,4G
17922,15134,Android,4G
17923,15135,Android,5G
17924,15136,Android,WiFi
17925,15137,Android,5G
17926,15138,iOS,5G
17927,15138,Android,4G
17928,15139,Android,WiFi
17929,15140,Android,WiFi
17930,15141,iOS,WiFi
17931,15142,Android,WiFi
17932,15142,Android,4G
17933,15143,Android,4G
17934,15144,Android,4G
17935,15145,Android,5G
17936,15145,Android,4G
17937,15146,Android,5G
17938,15147,iOS,3G
17939,15148,iOS,WiFi
17940,15149,Android,5G
17941,15150,iOS,4G
17942,15150,Android,5G
17943,15151,Android,5G
17944,15152,Android,WiFi
17945,15153,iOS,5G
17946,15154,Android,WiFi
17947,15155,Android,WiFi
17948,15156,iOS,5G
17949,15156,Android,WiFi
17950,15157,Android,5G
17951,15157,iOS,5G
17952,15158,iOS,5G
17953,15158,iOS,4G
17954,15159,Android,4G
17955,15160,iOS,5G
17956,15161,Android,3G
17957,15162,Android,WiFi
17958,15162,Android,4G
17959,15163,Android,WiFi
17960,15164,Android,4G
17961,15164,Web,4G
17962,15165,iOS,WiFi
17963,15165,Web,4G
17964,15166,Android,4G
17965,15167,Android,4G
17966,15167,Android,4G
17967,15168,Android,4G
17968,15169,Android,5G
17969,15170,Web,5G
17970,15171,Android,4G
17971,15172,Android,WiFi
17972,15172,Android,4G
17973,15173,Android,5G
17974,15174,Android,WiFi
17975,15175,Android,4G
17976,15176,iOS,4G
17977,15177,Android,4G
17978,15177,Android,4G
17979,15178,Android,5G
17980,15179,Android,5G
17981,15180,Android,WiFi
17982,15181,Android,WiFi
17983,15182,Android,5G
17984,15183,Android,4G
17985,15184,Android,WiFi
17986,15185,Android,5G
17987,15186,Android,4G
17988,15186,Android,4G
17989,15187,iOS,4G
17990,15188,Android,4G
17991,15189,iOS,4G
17992,15190,Android,4G
17993,15191,Android,4G
17994,15192,Android,4G
17995,15193,Android,5G
17996,15194,Android,4G
17997,15195,Android,5G
17998,15196,Android,4G
17999,15197,Android,5G
18000,15197,Android,5G
18001,15198,Android,5G
18002,15198,Android,4G
18003,15199,Android,4G
18004,15200,iOS,WiFi
18005,15201,Android,4G
18006,15202,iOS,WiFi
18007,15203,Android,4G
18008,15204,Android,5G
18009,15205,Android,5G
18010,15206,iOS,5G
18011,15207,iOS,4G
18012,15208,Android,5G
18013,15209,Android,5G
18014,15210,iOS,4G
18015,15211,Android,4G
18016,15212,Android,5G
18017,15212,Android,WiFi
18018,15213,iOS,4G
18019,15214,Android,WiFi
18020,15215,Android,5G
18021,15215,Android,4G
18022,15216,Android,5G
18023,15217,Android,WiFi
18024,15217,Android,5G
18025,15218,Android,4G
18026,15219,Android,4G
18027,15220,Android,4G
18028,15221,Android,5G
18029,15221,Android,4G
18030,15222,Android,WiFi
18031,15223,iOS,4G
18032,15224,iOS,3G
18033,15225,Android,4G
18034,15226,Android,4G
18035,15226,Android,4G
18036,15227,iOS,5G
18037,15228,Android,5G
18038,15228,iOS,4G
18039,15229,Android,WiFi
18040,15229,Android,WiFi
18041,15230,Android,WiFi
18042,15231,Android,3G
18043,15232,iOS,4G
18044,15233,Android,4G
18045,15234,Android,4G
18046,15235,iOS,WiFi
18047,15235,Android,3G
18048,15236,Android,WiFi
18049,15237,Android,3G
18050,15238,Android,5G
18051,15239,Android,5G
18052,15240,Android,5G
18053,15240,Android,4G
18054,15241,Android,WiFi
18055,15241,iOS,WiFi
18056,15242,Android,4G
18057,15243,Android,5G
18058,15244,Web,4G
18059,15245,iOS,WiFi
18060,15245,Android,WiFi
18061,15246,Android,4G
18062,15247,Android,WiFi
18063,15248,Android,5G
18064,15249,Android,4G
18065,15250,Android,WiFi
18066,15251,iOS,5G
18067,15252,Android,4G
18068,15253,Android,4G
18069,15254,Android,4G
18070,15255,Android,5G
18071,15256,Android,4G
18072,15257,Android,WiFi
18073,15258,Android,4G
18074,15259,Android,4G
18075,15260,Android,5G
18076,15261,Android,4G
18077,15262,Android,4G
18078,15262,iOS,5G
18079,15263,Android,4G
18080,15264,iOS,3G
18081,15265,Android,4G
18082,15265,Android,WiFi
18083,15266,iOS,5G
18084,15267,iOS,5G
18085,15268,Android,WiFi
18086,15269,Android,5G
18087,15270,iOS,4G
18088,15270,iOS,WiFi
18089,15271,Android,WiFi
18090,15271,Android,4G
18091,15272,Android,4G
18092,15273,Web,4G
18093,15274,Android,4G
18094,15275,Android,4G
18095,15276,Web,4G
18096,15276,Android,4G
18097,15277,iOS,4G
18098,15278,Android,WiFi
18099,15279,Android,WiFi
18100,15280,Android,4G
18101,15281,Android,WiFi
18102,15282,Android,4G
18103,15283,iOS,4G
18104,15284,Android,5G
18105,15285,Android,5G
18106,15286,Android,3G
18107,15287,Android,4G
18108,15288,Android,4G
18109,15289,Android,3G
18110,15290,Android,4G
18111,15291,Android,4G
18112,15292,Android,4G
18113,15293,Android,5G
18114,15294,Android,5G
18115,15295,Android,5G
18116,15296,iOS,WiFi
18117,15297,Web,4G
18118,15298,Android,5G
18119,15299,Android,4G
18120,15299,iOS,4G
18121,15300,Android,4G
18122,15301,Android,4G
18123,15302,Android,4G
18124,15303,iOS,4G
18125,15304,Android,4G
18126,15305,Android,3G
18127,15306,Android,3G
18128,15306,Android,5G
18129,15307,Web,4G
18130,15308,iOS,5G
18131,15309,Web,4G
18132,15310,Android,4G
18133,15311,Android,4G
18134,15311,Android,WiFi
18135,15312,Android,5G
18136,15313,Android,4G
18137,15314,Android,4G
18138,15315,Android,5G
18139,15315,iOS,5G
18140,15316,Android,4G
18141,15317,iOS,5G
18142,15318,Android,WiFi
18143,15319,Android,WiFi
18144,15319,Android,5G
18145,15320,iOS,WiFi
18146,15321,Android,WiFi
18147,15322,Android,4G
18148,15323,Web,4G
18149,15324,Android,4G
18150,15325,iOS,3G
18151,15326,Android,WiFi
18152,15327,Android,5G
18153,15328,Android,4G
18154,15329,Android,4G
18155,15330,Android,5G
18156,15331,Android,5G
18157,15331,Android,4G
18158,15332,Android,4G
18159,15333,Android,3G
18160,15333,iOS,4G
18161,15334,Android,WiFi
18162,15335,iOS,WiFi
18163,15335,Android,WiFi
18164,15336,Android,5G
18165,15337,iOS,4G
18166,15338,Android,4G
18167,15339,Android,4G
18168,15339,Android,4G
18169,15340,Web,WiFi
18170,15341,Android,4G
18171,15341,Android,3G
18172,15342,Android,5G
18173,15343,iOS,5G
18174,15344,Android,4G
18175,15345,Android,4G
18176,15346,Android,4G
18177,15347,Android,4G
18178,15348,Android,5G
18179,15349,Android,4G
18180,15350,Android,3G
18181,15351,Android,4G
18182,15352,iOS,5G
18183,15353,Android,WiFi
18184,15354,iOS,WiFi
18185,15355,Android,WiFi
18186,15355,Android,4G
18187,15356,Android,4G
18188,15357,Android,4G
18189,15358,Android,4G
18190,15359,Android,5G
18191,15360,Android,5G
18192,15361,Android,5G
18193,15362,iOS,4G
18194,15363,Android,WiFi
18195,15364,Android,4G
18196,15365,Android,4G
18197,15366,iOS,5G
18198,15367,Android,4G
18199,15368,Android,WiFi
18200,15369,Android,4G
18201,15369,Android,WiFi
18202,15370,iOS,5G
18203,15371,Android,4G
18204,15372,Android,4G
18205,15373,Android,WiFi
18206,15373,Android,4G
18207,15374,Android,5G
18208,15375,iOS,4G
18209,15376,Android,5G
18210,15377,Android,4G
18211,15378,Android,WiFi
18212,15379,Android,WiFi
18213,15379,Android,4G
18214,15380,Android,4G
18215,15381,Android,4G
18216,15381,iOS,4G
18217,15382,Android,5G
18218,15383,Android,4G
18219,15384,iOS,WiFi
18220,15385,Android,WiFi
18221,15386,Android,4G
18222,15387,Android,3G
18223,15388,Android,4G
18224,15389,Android,4G
18225,15389,Android,5G
18226,15390,Android,WiFi
18227,15391,Android,5G
18228,15391,Android,5G
18229,15392,Android,4G
18230,15393,Android,4G
18231,15394,Android,3G
18232,15395,iOS,4G
18233,15396,Android,WiFi
18234,15397,Android,4G
18235,15398,Android,5G
18236,15399,Android,WiFi
18237,15400,Android,WiFi
18238,15401,Android,4G
18239,15402,Android,4G
18240,15402,iOS,5G
18241,15403,Android,4G
18242,15404,Android,4G
18243,15405,Android,5G
18244,15406,Android,4G
18245,15407,Android,4G
18246,15408,Android,4G
18247,15408,iOS,4G
18248,15409,iOS,4G
18249,15409,Android,5G
18250,15410,Android,5G
18251,15411,iOS,4G
18252,15412,Android,5G
18253,15412,Android,4G
18254,15413,Android,5G
18255,15414,iOS,4G
18256,15414,iOS,4G
18257,15415,Android,5G
18258,15415,Android,4G
18259,15416,Android,5G
18260,15417,Android,WiFi
18261,15418,Android,4G
18262,15419,iOS,5G
18263,15420,Android,WiFi
18264,15421,Android,4G
18265,15422,iOS,4G
18266,15423,Android,5G
18267,15424,Android,4G
18268,15425,Android,5G
18269,15425,Android,5G
18270,15426,Android,WiFi
18271,15427,iOS,5G
18272,15428,iOS,4G
18273,15429,Android,4G
18274,15430,Android,3G
18275,15431,Android,4G
18276,15432,Android,5G
18277,15433,Android,4G
18278,15433,iOS,5G
18279,15434,Android,5G
18280,15435,Android,4G
18281,15435,iOS,3G
18282,15436,Android,WiFi
18283,15437,Android,WiFi
18284,15438,Android,4G
18285,15439,Android,4G
18286,15439,Web,4G
18287,15440,Android,5G
18288,15441,Android,4G
18289,15442,Android,5G
18290,15442,Android,4G
18291,15443,Android,WiFi
18292,15444,Android,WiFi
18293,15445,Android,5G
18294,15446,Android,4G
18295,15447,Android,WiFi
18296,15447,Android,WiFi
18297,15448,Android,5G
18298,15449,Android,4G
18299,15449,Android,5G
18300,15450,iOS,4G
18301,15451,Android,4G
18302,15452,Android,4G
18303,15453,iOS,3G
18304,15453,Android,5G
18305,15454,iOS,4G
18306,15454,Android,4G
18307,15455,Android,5G
18308,15456,Android,3G
18309,15456,Android,5G
18310,15457,Android,4G
18311,15458,Android,5G
18312,15459,Android,4G
18313,15460,Android,4G
18314,15461,Android,5G
18315,15462,Android,5G
18316,15463,Android,WiFi
18317,15463,Android,4G
18318,15464,Android,5G
18319,15465,Android,WiFi
18320,15466,Android,4G
18321,15467,Android,5G
18322,15468,Android,4G
18323,15469,Android,WiFi
18324,15470,Android,WiFi
18325,15471,Android,5G
18326,15472,Android,4G
18327,15473,iOS,4G
18328,15473,Android,4G
18329,15474,Android,5G
18330,15474,Android,3G
18331,15475,Android,4G
18332,15476,Android,4G
18333,15477,Android,4G
18334,15478,Android,4G
18335,15478,Android,4G
18336,15479,Android,4G
18337,15480,Android,5G
18338,15481,Android,4G
18339,15481,Android,5G
18340,15482,iOS,4G
18341,15482,Android,5G
18342,15483,iOS,5G
18343,15484,Android,WiFi
18344,15485,iOS,WiFi
18345,15486,iOS,5G
18346,15487,Android,5G
18347,15488,Android,WiFi
18348,15489,Android,5G
18349,15490,Android,5G
18350,15491,Android,5G
18351,15492,iOS,5G
18352,15493,iOS,3G
18353,15494,Android,4G
18354,15494,Android,5G
18355,15495,Android,4G
18356,15496,Android,WiFi
18357,15497,Android,4G
18358,15497,Android,4G
18359,15498,Android,4G
18360,15499,Android,5G
18361,15499,Android,4G
18362,15500,Android,4G
18363,15501,iOS,5G
18364,15502,iOS,4G
18365,15503,iOS,WiFi
18366,15503,Android,4G
18367,15504,Android,3G
18368,15505,Android,5G
18369,15506,iOS,5G
18370,15507,Android,5G
18371,15508,iOS,4G
18372,15509,iOS,5G
18373,15509,Android,4G
18374,15510,Android,4G
18375,15511,Android,5G
18376,15512,Android,4G
18377,15513,Android,WiFi
18378,15514,Android,4G
18379,15514,Android,5G
18380,15515,Android,4G
18381,15516,iOS,4G
18382,15517,Android,5G
18383,15518,iOS,3G
18384,15519,Android,3G
18385,15520,Android,4G
18386,15521,Android,4G
18387,15522,Android,5G
18388,15523,Android,5G
18389,15524,iOS,3G
18390,15525,Android,4G
18391,15526,Android,5G
18392,15526,Android,5G
18393,15527,Android,5G
18394,15528,Android,5G
18395,15529,Android,5G
18396,15530,iOS,3G
18397,15531,Android,4G
18398,15532,Android,4G
18399,15533,Android,5G
18400,15534,Android,4G
18401,15535,Android,5G
18402,15536,Android,WiFi
18403,15537,iOS,4G
18404,15538,Android,4G
18405,15539,Android,4G
18406,15539,Android,4G
18407,15540,Android,4G
18408,15541,Android,4G
18409,15541,Android,5G
18410,15542,Android,4G
18411,15543,Android,5G
18412,15544,Android,4G
18413,15545,Android,WiFi
18414,15546,iOS,5G
18415,15547,Android,5G
18416,15548,Android,4G
18417,15549,iOS,4G
18418,15550,Android,WiFi
18419,15551,Android,5G
18420,15552,Android,4G
18421,15553,Android,5G
18422,15553,Android,5G
18423,15554,Android,4G
18424,15554,iOS,5G
18425,15555,Android,4G
18426,15556,Android,3G
18427,15557,iOS,4G
18428,15558,Android,WiFi
18429,15559,Android,WiFi
18430,15560,Android,4G
18431,15561,iOS,5G
18432,15561,Android,4G
18433,15562,Android,WiFi
18434,15563,Android,5G
18435,15564,Android,5G
18436,15565,Android,4G
18437,15566,Android,5G
18438,15566,Android,4G
18439,15567,Android,4G
18440,15568,Android,3G
18441,15569,Android,4G
18442,15570,Android,4G
18443,15571,Android,5G
18444,15572,Android,WiFi
18445,15573,Android,WiFi
18446,15574,Android,4G
18447,15575,iOS,5G
18448,15576,Android,5G
18449,15577,Android,4G
18450,15578,Android,4G
18451,15579,iOS,5G
18452,15580,Android,4G
18453,15581,Android,5G
18454,15582,Android,4G
18455,15582,Android,5G
18456,15583,Android,WiFi
18457,15583,Android,5G
18458,15584,iOS,4G
18459,15585,Android,WiFi
18460,15586,iOS,5G
18461,15587,Android,5G
18462,15588,Android,WiFi
18463,15589,Android,5G
18464,15589,Android,WiFi
18465,15590,Web,WiFi
18466,15591,Android,5G
18467,15592,Android,WiFi
18468,15593,Android,5G
18469,15594,Web,5G
18470,15595,Android,4G
18471,15596,iOS,4G
18472,15596,Android,5G
18473,15597,Android,5G
18474,15598,iOS,5G
18475,15599,Android,4G
18476,15600,Android,4G
18477,15601,Android,5G
18478,15602,Android,WiFi
18479,15602,Android,WiFi
18480,15603,Android,5G
18481,15604,Android,4G
18482,15605,Android,4G
18483,15606,Web,4G
18484,15606,Android,4G
18485,15607,Android,4G
18486,15608,Android,4G
18487,15609,iOS,WiFi
18488,15610,iOS,5G
18489,15611,Web,5G
18490,15611,Android,4G
18491,15612,Android,4G
18492,15612,Android,WiFi
18493,15613,Android,WiFi
18494,15614,Android,4G
18495,15615,Android,5G
18496,15616,Android,4G
18497,15617,Android,5G
18498,15618,Android,5G
18499,15619,Android,4G
18500,15620,Android,5G
18501,15621,Web,WiFi
18502,15622,iOS,4G
18503,15623,Android,3G
18504,15624,Android,5G
18505,15625,Android,3G
18506,15626,Android,4G
18507,15627,Android,WiFi
18508,15628,Android,5G
18509,15629,Android,WiFi
18510,15629,iOS,4G
18511,15630,Android,3G
18512,15631,Android,4G
18513,15631,Android,5G
18514,15632,Android,5G
18515,15632,Android,4G
18516,15633,Android,4G
18517,15633,Android,4G
18518,15634,Android,5G
18519,15634,iOS,4G
18520,15635,Android,4G
18521,15636,Android,4G
18522,15637,Android,4G
18523,15638,Android,WiFi
18524,15639,Android,5G
18525,15640,Android,4G
18526,15641,Android,4G
18527,15642,Android,WiFi
18528,15643,iOS,4G
18529,15644,Android,5G
18530,15645,Android,4G
18531,15646,Android,5G
18532,15647,Android,4G
18533,15647,iOS,WiFi
18534,15648,Android,WiFi
18535,15649,Android,5G
18536,15650,Android,WiFi
18537,15651,Android,4G
18538,15652,Android,5G
18539,15653,Android,WiFi
18540,15654,Android,4G
18541,15655,Android,WiFi
18542,15656,Android,5G
18543,15657,Android,WiFi
18544,15658,Android,4G
18545,15659,iOS,5G
18546,15660,Android,4G
18547,15661,iOS,5G
18548,15662,Android,WiFi
18549,15663,Android,4G
18550,15664,Android,4G
18551,15665,Android,WiFi
18552,15666,Android,4G
18553,15667,iOS,WiFi
18554,15668,iOS,5G
18555,15669,Android,4G
18556,15669,Web,5G
18557,15670,Android,5G
18558,15671,Android,3G
18559,15672,Android,4G
18560,15673,Android,4G
18561,15674,Android,4G
18562,15675,Android,4G
18563,15675,Android,4G
18564,15676,Android,5G
18565,15677,iOS,5G
18566,15678,iOS,4G
18567,15679,Android,4G
18568,15680,Android,4G
18569,15681,iOS,4G
18570,15682,iOS,4G
18571,15683,Android,5G
18572,15684,Android,WiFi
18573,15685,Android,4G
18574,15686,iOS,WiFi
18575,15687,Android,3G
18576,15688,Android,WiFi
18577,15689,Android,5G
18578,15689,Android,5G
18579,15690,Android,5G
18580,15691,Android,WiFi
18581,15692,iOS,4G
18582,15692,iOS,4G
18583,15693,Android,5G
18584,15694,Android,WiFi
18585,15695,Android,4G
18586,15696,Android,WiFi
18587,15697,Android,WiFi
18588,15698,Android,5G
18589,15698,Web,4G
18590,15699,Android,WiFi
18591,15700,Android,5G
18592,15701,Android,5G
18593,15701,Android,5G
18594,15702,iOS,5G
18595,15703,Android,5G
18596,15704,iOS,5G
18597,15705,Android,4G
18598,15706,Android,4G
18599,15707,Android,3G
18600,15708,Android,5G
18601,15709,Android,5G
18602,15710,Android,WiFi
18603,15711,Android,4G
18604,15712,Android,5G
18605,15713,Android,5G
18606,15714,iOS,4G
18607,15714,Android,4G
18608,15715,Android,3G
18609,15716,iOS,WiFi
18610,15717,Android,WiFi
18611,15717,Android,5G
18612,15718,iOS,3G
18613,15718,Android,WiFi
18614,15719,Android,5G
18615,15720,Android,4G
18616,15721,Android,4G
18617,15722,iOS,4G
18618,15723,Android,WiFi
18619,15723,Android,5G
18620,15724,Android,4G
18621,15725,Android,4G
18622,15726,Android,4G
18623,15727,iOS,4G
18624,15728,Android,WiFi
18625,15729,iOS,5G
18626,15730,Android,5G
18627,15731,Android,5G
18628,15732,Android,4G
18629,15733,Android,4G
18630,15734,iOS,5G
18631,15735,Android,5G
18632,15736,Android,4G
18633,15736,Android,4G
18634,15737,Android,4G
18635,15738,Android,5G
18636,15739,iOS,4G
18637,15740,Android,WiFi
18638,15741,Android,WiFi
18639,15741,Android,4G
18640,15742,Android,5G
18641,15743,Android,4G
18642,15744,Android,4G
18643,15745,Android,WiFi
18644,15746,Android,WiFi
18645,15746,Android,4G
18646,15747,Android,5G
18647,15748,Android,4G
18648,15749,Android,5G
18649,15749,iOS,4G
18650,15750,Android,4G
18651,15751,Android,4G
18652,15752,Android,3G
18653,15753,Android,5G
18654,15754,Android,4G
18655,15755,Android,4G
18656,15756,iOS,WiFi
18657,15757,Web,5G
18658,15758,iOS,4G
18659,15759,Android,4G
18660,15760,Android,WiFi
18661,15761,iOS,5G
18662,15762,Android,4G
18663,15763,Android,5G
18664,15763,Android,4G
18665,15764,Android,WiFi
18666,15765,iOS,WiFi
18667,15765,Android,4G
18668,15766,Android,WiFi
18669,15767,Android,4G
18670,15768,Android,4G
18671,15769,Android,4G
18672,15769,iOS,4G
18673,15770,Android,WiFi
18674,15771,iOS,5G
18675,15772,Android,5G
18676,15772,Android,4G
18677,15773,Android,5G
18678,15774,Android,5G
18679,15775,Android,4G
18680,15776,Android,5G
18681,15777,iOS,4G
18682,15777,Android,4G
18683,15778,Android,3G
18684,15778,Android,WiFi
18685,15779,Web,5G
18686,15780,Android,WiFi
18687,15780,Android,5G
18688,15781,iOS,5G
18689,15781,Android,WiFi
18690,15782,Android,5G
18691,15783,Android,4G
18692,15783,iOS,5G
18693,15784,Android,4G
18694,15784,Android,4G
18695,15785,iOS,4G
18696,15785,Android,5G
18697,15786,Android,5G
18698,15787,Android,5G
18699,15788,Android,4G
18700,15789,Android,5G
18701,15790,iOS,5G
18702,15790,Android,4G
18703,15791,Android,5G
18704,15792,Android,4G
18705,15793,Android,5G
18706,15794,Android,4G
18707,15795,Android,5G
18708,15796,Android,4G
18709,15796,Android,4G
18710,15797,Android,4G
18711,15798,Android,3G
18712,15799,Android,5G
18713,15800,Android,5G
18714,15801,Android,5G
18715,15802,iOS,WiFi
18716,15803,Android,4G
18717,15804,Android,4G
18718,15805,Android,4G
18719,15805,Android,5G
18720,15806,Android,5G
18721,15807,iOS,5G
18722,15807,Android,4G
18723,15808,Android,4G
18724,15809,iOS,5G
18725,15809,Android,3G
18726,15810,Android,5G
18727,15811,iOS,4G
18728,15812,Android,4G
18729,15812,Android,4G
18730,15813,Android,4G
18731,15814,Android,WiFi
18732,15815,Android,4G
18733,15816,Android,4G
18734,15817,Android,4G
18735,15817,Android,4G
18736,15818,Android,WiFi
18737,15819,Android,4G
18738,15820,iOS,4G
18739,15821,Android,WiFi
18740,15822,Android,5G
18741,15822,iOS,4G
18742,15823,Android,4G
18743,15824,Android,4G
18744,15825,Android,WiFi
18745,15826,iOS,4G
18746,15827,Android,5G
18747,15828,iOS,5G
18748,15829,Android,5G
18749,15830,Android,WiFi
18750,15831,Android,5G
18751,15831,Android,5G
18752,15832,Android,4G
18753,15833,Android,4G
18754,15834,Android,4G
18755,15835,Android,4G
18756,15836,Android,5G
18757,15837,iOS,WiFi
18758,15838,Android,4G
18759,15838,Android,5G
18760,15839,Android,WiFi
18761,15839,Android,4G
18762,15840,Android,4G
18763,15841,Android,WiFi
18764,15842,Android,4G
18765,15843,Android,WiFi
18766,15844,iOS,5G
18767,15845,Android,4G
18768,15846,Android,WiFi
18769,15847,Android,WiFi
18770,15848,Android,WiFi
18771,15849,Android,5G
18772,15850,iOS,4G
18773,15851,iOS,4G
18774,15852,Android,5G
18775,15852,Android,5G
18776,15853,Web,5G
18777,15854,Android,WiFi
18778,15855,Android,WiFi
18779,15856,Android,WiFi
18780,15857,Android,4G
18781,15858,Android,4G
18782,15859,Android,4G
18783,15860,Android,WiFi
18784,15861,Android,5G
18785,15862,Android,4G
18786,15863,Android,WiFi
18787,15864,iOS,4G
18788,15864,Android,WiFi
18789,15865,Android,4G
18790,15865,Android,WiFi
18791,15866,Android,4G
18792,15867,Android,4G
18793,15868,iOS,4G
18794,15869,Android,4G
18795,15870,Android,5G
18796,15870,Android,5G
18797,15871,Android,5G
18798,15872,Android,4G
18799,15873,Android,WiFi
18800,15874,Android,WiFi
18801,15874,iOS,4G
18802,15875,Android,5G
18803,15875,Android,4G
18804,15876,Android,4G
18805,15877,Android,3G
18806,15878,Android,4G
18807,15879,Android,4G
18808,15880,Android,WiFi
18809,15881,Android,WiFi
18810,15882,iOS,4G
18811,15882,Android,5G
18812,15883,Android,4G
18813,15884,Android,4G
18814,15885,Android,4G
18815,15886,Android,4G
18816,15887,Android,WiFi
18817,15888,Android,WiFi
18818,15889,iOS,5G
18819,15890,Android,4G
18820,15891,iOS,5G
18821,15892,Android,WiFi
18822,15893,iOS,4G
18823,15894,iOS,5G
18824,15895,Android,WiFi
18825,15896,Android,4G
18826,15897,Android,5G
18827,15897,Android,WiFi
18828,15898,iOS,4G
18829,15898,iOS,5G
18830,15899,iOS,WiFi
18831,15899,Android,4G
18832,15900,Android,5G
18833,15901,Android,4G
18834,15901,Android,4G
18835,15902,Android,4G
18836,15903,Android,4G
18837,15904,Android,WiFi
18838,15904,Android,WiFi
18839,15905,Android,4G
18840,15906,Android,4G
18841,15907,Android,4G
18842,15908,Android,WiFi
18843,15909,Android,5G
18844,15909,Android,4G
18845,15910,Android,WiFi
18846,15911,Android,4G
18847,15912,Android,4G
18848,15913,Android,5G
18849,15914,Android,4G
18850,15914,Android,5G
18851,15915,iOS,4G
18852,15916,Android,4G
18853,15917,Android,4G
18854,15918,Android,4G
18855,15919,Android,5G
18856,15919,Android,5G
18857,15920,iOS,4G
18858,15921,Android,4G
18859,15922,Android,4G
18860,15922,Android,5G
18861,15923,Android,5G
18862,15924,Android,5G
18863,15925,Android,WiFi
18864,15926,Android,4G
18865,15927,Android,5G
18866,15928,Android,4G
18867,15929,Android,3G
18868,15930,Android,WiFi
18869,15931,Android,WiFi
18870,15932,Android,5G
18871,15933,Android,3G
18872,15933,iOS,4G
18873,15934,Android,4G
18874,15935,iOS,5G
18875,15936,Android,5G
18876,15937,Android,5G
18877,15938,iOS,5G
18878,15939,Android,3G
18879,15940,Android,5G
18880,15941,Android,WiFi
18881,15942,Android,4G
18882,15943,iOS,WiFi
18883,15944,Android,4G
18884,15944,Android,WiFi
18885,15945,Android,4G
18886,15946,Android,4G
18887,15947,Android,4G
18888,15947,Android,5G
18889,15948,Android,5G
18890,15949,Android,4G
18891,15950,Android,4G
18892,15951,Android,4G
18893,15952,Android,5G
18894,15953,Android,4G
18895,15954,iOS,WiFi
18896,15955,Android,WiFi
18897,15956,Android,5G
18898,15957,Android,4G
18899,15958,Android,5G
18900,15959,Android,5G
18901,15960,Android,5G
18902,15960,Android,5G
18903,15961,Android,4G
18904,15962,Android,WiFi
18905,15963,Android,WiFi
18906,15964,iOS,5G
18907,15965,Android,5G
18908,15966,Android,4G
18909,15967,Android,4G
18910,15968,iOS,5G
18911,15969,Android,5G
18912,15970,Android,WiFi
18913,15971,Android,5G
18914,15971,Android,4G
18915,15972,Android,4G
18916,15973,Android,5G
18917,15974,Android,4G
18918,15975,Android,4G
18919,15976,iOS,4G
18920,15977,Android,4G
18921,15978,Android,5G
18922,15979,Android,4G
18923,15979,iOS,4G
18924,15980,iOS,4G
18925,15980,iOS,3G
18926,15981,Android,5G
18927,15982,iOS,5G
18928,15983,Android,5G
18929,15983,Android,5G
18930,15984,iOS,5G
18931,15985,Android,WiFi
18932,15986,Android,5G
18933,15987,Android,4G
18934,15988,Android,WiFi
18935,15989,iOS,WiFi
18936,15989,Android,5G
18937,15990,iOS,4G
18938,15991,iOS,5G
18939,15992,Android,4G
18940,15993,Android,4G
18941,15994,Android,5G
18942,15995,Android,4G
18943,15996,iOS,5G
18944,15996,Android,5G
18945,15997,Android,4G
18946,15997,Android,5G
18947,15998,Android,5G
18948,15999,Android,4G
18949,16000,iOS,5G
18950,16001,Android,4G
18951,16002,Android,WiFi
18952,16003,Android,4G
18953,16004,Android,5G
18954,16004,iOS,3G
18955,16005,iOS,4G
18956,16006,iOS,4G
18957,16006,Android,WiFi
18958,16007,Android,4G
18959,16007,Android,5G
18960,16008,Android,5G
18961,16009,Android,WiFi
18962,16010,Android,5G
18963,16010,Android,5G
18964,16011,Android,WiFi
18965,16012,Android,3G
18966,16013,Android,4G
18967,16014,Android,4G
18968,16014,iOS,5G
18969,16015,Android,5G
18970,16016,Android,4G
18971,16016,Android,WiFi
18972,16017,Android,WiFi
18973,16018,Android,5G
18974,16018,Android,5G
18975,16019,iOS,4G
18976,16020,Android,WiFi
18977,16021,iOS,4G
18978,16022,Android,3G
18979,16023,Android,4G
18980,16024,Android,5G
18981,16024,Android,5G
18982,16025,Android,5G
18983,16026,iOS,WiFi
18984,16026,Android,WiFi
18985,16027,Android,3G
18986,16028,Android,5G
18987,16029,Android,4G
18988,16030,Android,WiFi
18989,16031,Android,4G
18990,16032,Android,5G
18991,16033,Android,4G
18992,16034,Android,4G
18993,16034,Android,4G
18994,16035,Android,4G
18995,16036,Web,WiFi
18996,16037,Android,4G
18997,16038,Android,4G
18998,16039,Android,5G
18999,16040,Android,4G
19000,16041,Android,WiFi
19001,16041,Android,WiFi
19002,16042,iOS,4G
19003,16042,iOS,WiFi
19004,16043,Android,4G
19005,16044,Android,4G
19006,16044,Web,4G
19007,16045,Android,5G
19008,16046,Android,4G
19009,16047,Web,4G
19010,16047,Android,5G
19011,16048,iOS,5G
19012,16049,Android,4G
19013,16050,Android,4G
19014,16050,Android,WiFi
19015,16051,iOS,4G
19016,16051,Android,WiFi
19017,16052,iOS,5G
19018,16053,Android,4G
19019,16054,Android,5G
19020,16055,Android,5G
19021,16056,Android,4G
19022,16057,Android,4G
19023,16058,Android,WiFi
19024,16059,Android,WiFi
19025,16060,Android,3G
19026,16061,iOS,4G
19027,16062,Android,WiFi
19028,16062,iOS,5G
19029,16063,iOS,4G
19030,16064,Android,4G
19031,16065,iOS,5G
19032,16066,Android,4G
19033,16066,Android,4G
19034,16067,Android,WiFi
19035,16068,Android,4G
19036,16069,Android,5G
19037,16070,Android,WiFi
19038,16071,iOS,4G
19039,16072,iOS,5G
19040,16073,Android,WiFi
19041,16074,Android,WiFi
19042,16075,iOS,4G
19043,16076,Android,4G
19044,16077,Android,5G
19045,16078,Android,3G
19046,16079,iOS,5G
19047,16080,iOS,4G
19048,16081,Android,4G
19049,16082,iOS,WiFi
19050,16083,iOS,4G
19051,16084,Web,WiFi
19052,16084,Android,5G
19053,16085,Android,5G
19054,16086,Android,4G
19055,16086,Android,WiFi
19056,16087,Android,4G
19057,16088,Android,5G
19058,16089,Android,4G
19059,16089,iOS,4G
19060,16090,Android,WiFi
19061,16090,Android,4G
19062,16091,Android,5G
19063,16091,Android,4G
19064,16092,Android,WiFi
19065,16093,Android,3G
19066,16094,Android,5G
19067,16095,Android,WiFi
19068,16096,Android,4G
19069,16096,Android,5G
19070,16097,iOS,4G
19071,16098,Android,4G
19072,16099,Android,4G
19073,16100,iOS,5G
19074,16101,Android,5G
19075,16102,Android,WiFi
19076,16103,Android,5G
19077,16104,iOS,3G
19078,16105,Android,4G
19079,16106,Android,4G
19080,16106,Android,4G
19081,16107,Android,5G
19082,16108,Android,WiFi
19083,16108,Android,5G
19084,16109,Android,4G
19085,16109,Android,WiFi
19086,16110,Android,4G
19087,16111,Android,5G
19088,16112,Android,5G
19089,16113,Android,4G
19090,16114,Android,4G
19091,16115,Android,4G
19092,16116,Android,5G
19093,16117,Android,4G
19094,16118,Android,5G
19095,16119,Android,5G
19096,16120,Android,4G
19097,16121,Android,5G
19098,16121,Android,4G
19099,16122,Android,WiFi
19100,16122,Android,WiFi
19101,16123,Android,5G
19102,16124,Android,5G
19103,16125,Android,4G
19104,16125,Android,5G
19105,16126,Android,WiFi
19106,16127,Android,WiFi
19107,16128,Android,WiFi
19108,16129,Android,4G
19109,16130,Android,5G
19110,16131,Android,4G
19111,16132,Android,4G
19112,16133,Android,WiFi
19113,16134,Android,4G
19114,16135,iOS,4G
19115,16136,iOS,4G
19116,16137,Android,4G
19117,16137,Android,WiFi
19118,16138,iOS,4G
19119,16139,iOS,5G
19120,16140,iOS,4G
19121,16140,Android,4G
19122,16141,Android,5G
19123,16142,Android,4G
19124,16142,iOS,4G
19125,16143,Android,5G
19126,16144,iOS,5G
19127,16145,Android,4G
19128,16146,Android,5G
19129,16147,Android,4G
19130,16148,Android,5G
19131,16149,Android,4G
19132,16150,Android,4G
19133,16150,Android,WiFi
19134,16151,iOS,WiFi
19135,16152,iOS,5G
19136,16152,iOS,4G
19137,16153,Android,5G
19138,16154,Android,4G
19139,16155,Android,5G
19140,16155,iOS,5G
19141,16156,Android,3G
19142,16157,Android,WiFi
19143,16158,Android,4G
19144,16158,Android,5G
19145,16159,Android,4G
19146,16160,Android,5G
19147,16161,Android,3G
19148,16162,Android,5G
19149,16163,Android,5G
19150,16164,Android,4G
19151,16165,Android,5G
19152,16166,Android,4G
19153,16167,Android,5G
19154,16168,iOS,WiFi
19155,16169,Android,4G
19156,16170,Android,4G
19157,16170,iOS,4G
19158,16171,Android,4G
19159,16172,Android,WiFi
19160,16173,Android,WiFi
19161,16174,Android,5G
19162,16175,Android,5G
19163,16175,Android,5G
19164,16176,Android,5G
19165,16177,iOS,4G
19166,16178,Android,4G
19167,16179,iOS,4G
19168,16179,Android,4G
19169,16180,Android,4G
19170,16181,iOS,WiFi
19171,16182,Android,WiFi
19172,16183,Android,WiFi
19173,16183,Android,4G
19174,16184,iOS,5G
19175,16185,Android,5G
19176,16186,iOS,4G
19177,16187,iOS,WiFi
19178,16188,Android,4G
19179,16189,Android,4G
19180,16190,Android,4G
19181,16191,Android,5G
19182,16192,Android,4G
19183,16193,Android,WiFi
19184,16194,Android,4G
19185,16195,iOS,WiFi
19186,16196,Android,5G
19187,16197,Android,WiFi
19188,16198,Android,4G
19189,16198,Android,4G
19190,16199,Android,3G
19191,16200,Android,WiFi
19192,16201,Android,5G
19193,16202,Android,4G
19194,16203,Android,4G
19195,16204,iOS,4G
19196,16205,Android,4G
19197,16205,Android,5G
19198,16206,Android,WiFi
19199,16207,Android,4G
19200,16208,iOS,4G
19201,16209,Web,5G
19202,16210,Android,WiFi
19203,16211,Android,4G
19204,16212,Web,4G
19205,16212,Android,4G
19206,16213,Android,5G
19207,16214,Android,5G
19208,16215,Android,WiFi
19209,16215,Android,WiFi
19210,16216,Android,4G
19211,16217,Android,4G
19212,16218,Android,5G
19213,16219,Android,4G
19214,16220,Android,4G
19215,16221,Android,4G
19216,16222,Android,WiFi
19217,16223,Android,WiFi
19218,16224,Android,WiFi
19219,16225,Android,5G
19220,16226,iOS,4G
19221,16227,Android,4G
19222,16227,Android,4G
19223,16228,Android,4G
19224,16228,iOS,5G
19225,16229,Android,4G
19226,16229,Android,5G
19227,16230,Android,3G
19228,16231,iOS,4G
19229,16232,iOS,WiFi
19230,16233,Android,4G
19231,16234,Android,5G
19232,16234,Android,WiFi
19233,16235,Android,WiFi
19234,16236,Android,WiFi
19235,16237,Android,5G
19236,16238,Android,5G
19237,16239,iOS,WiFi
19238,16239,Web,5G
19239,16240,Android,5G
19240,16240,Android,WiFi
19241,16241,iOS,WiFi
19242,16242,iOS,5G
19243,16243,iOS,4G
19244,16244,Android,WiFi
19245,16245,Android,5G
19246,16246,Android,WiFi
19247,16247,Android,5G
19248,16248,Android,4G
19249,16249,Android,WiFi
19250,16250,Android,5G
19251,16251,Android,5G
19252,16252,Android,5G
19253,16253,iOS,5G
19254,16253,Android,4G
19255,16254,Android,5G
19256,16254,Android,WiFi
19257,16255,Android,WiFi
19258,16256,Android,4G
19259,16256,Android,5G
19260,16257,Android,WiFi
19261,16258,Android,4G
19262,16258,Android,4G
19263,16259,Android,4G
19264,16260,Android,WiFi
19265,16261,iOS,5G
19266,16261,Android,4G
19267,16262,Android,5G
19268,16263,Android,5G
19269,16264,Android,WiFi
19270,16265,Android,5G
19271,16265,Android,4G
19272,16266,Web,5G
19273,16267,iOS,5G
19274,16268,iOS,WiFi
19275,16269,Android,WiFi
19276,16270,Android,4G
19277,16271,iOS,4G
19278,16272,Android,4G
19279,16272,Android,5G
19280,16273,Android,4G
19281,16274,iOS,4G
19282,16275,Web,4G
19283,16276,Android,4G
19284,16277,Android,4G
19285,16278,Android,4G
19286,16279,Android,4G
19287,16280,Android,3G
19288,16280,Android,WiFi
19289,16281,Android,WiFi
19290,16282,Android,4G
19291,16283,Android,4G
19292,16284,Android,4G
19293,16284,Android,4G
19294,16285,Android,4G
19295,16286,Android,WiFi
19296,16287,Android,WiFi
19297,16288,Android,4G
19298,16289,iOS,5G
19299,16290,Web,4G
19300,16291,Android,4G
19301,16292,Android,5G
19302,16293,Android,5G
19303,16294,iOS,WiFi
19304,16295,Android,4G
19305,16296,Android,4G
19306,16297,Android,WiFi
19307,16297,Android,5G
19308,16298,Android,4G
19309,16299,Android,4G
19310,16300,Android,3G
19311,16301,Android,5G
19312,16302,Android,WiFi
19313,16303,iOS,4G
19314,16304,Android,4G
19315,16305,Android,4G
19316,16306,Android,4G
19317,16307,Android,4G
19318,16308,Android,3G
19319,16309,Android,5G
19320,16310,Android,WiFi
19321,16310,Android,WiFi
19322,16311,iOS,4G
19323,16311,Android,WiFi
19324,16312,Web,4G
19325,16313,Android,4G
19326,16314,Android,5G
19327,16314,iOS,WiFi
19328,16315,Android,WiFi
19329,16315,iOS,4G
19330,16316,Android,4G
19331,16316,Android,5G
19332,16317,Android,4G
19333,16318,Android,4G
19334,16319,iOS,4G
19335,16320,Android,3G
19336,16321,Android,WiFi
19337,16322,Android,4G
19338,16323,Android,WiFi
19339,16323,iOS,WiFi
19340,16324,Android,5G
19341,16325,Android,4G
19342,16326,Android,4G
19343,16327,Android,5G
19344,16328,Android,WiFi
19345,16328,Android,5G
19346,16329,Web,5G
19347,16330,Android,4G
19348,16331,iOS,4G
19349,16332,Android,4G
19350,16333,Android,4G
19351,16334,Android,4G
19352,16335,Android,4G
19353,16336,Android,4G
19354,16337,Android,WiFi
19355,16338,iOS,WiFi
19356,16339,Android,WiFi
19357,16340,Android,WiFi
19358,16340,Android,4G
19359,16341,Android,4G
19360,16342,Android,5G
19361,16343,Web,4G
19362,16344,Web,5G
19363,16345,Web,WiFi
19364,16346,Android,WiFi
19365,16347,iOS,4G
19366,16348,iOS,5G
19367,16348,Android,WiFi
19368,16349,iOS,5G
19369,16349,iOS,3G
19370,16350,Android,3G
19371,16351,Android,5G
19372,16351,iOS,4G
19373,16352,Android,4G
19374,16353,Android,4G
19375,16354,Android,3G
19376,16355,Android,WiFi
19377,16356,Android,WiFi
19378,16357,Android,5G
19379,16358,Android,4G
19380,16359,Android,5G
19381,16360,Android,3G
19382,16361,Android,4G
19383,16362,Android,4G
19384,16363,Android,4G
19385,16364,Android,5G
19386,16365,Android,WiFi
19387,16366,Android,5G
19388,16367,Android,5G
19389,16368,Android,4G
19390,16369,Android,4G
19391,16370,Android,4G
19392,16371,Android,4G
19393,16372,Android,4G
19394,16373,Android,4G
19395,16374,Android,4G
19396,16374,Android,4G
19397,16375,Android,4G
19398,16375,Android,5G
19399,16376,iOS,4G
19400,16377,Android,WiFi
19401,16377,Android,WiFi
19402,16378,Android,5G
19403,16379,iOS,5G
19404,16380,Web,4G
19405,16381,Android,5G
19406,16382,Android,4G
19407,16383,Android,5G
19408,16384,Android,WiFi
19409,16385,iOS,4G
19410,16386,Android,4G
19411,16387,Web,4G
19412,16388,Android,4G
19413,16388,Android,4G
19414,16389,Android,WiFi
19415,16390,iOS,4G
19416,16391,Android,4G
19417,16391,Android,4G
19418,16392,Android,5G
19419,16393,Android,4G
19420,16393,Android,5G
19421,16394,Android,4G
19422,16394,Android,5G
19423,16395,Android,5G
19424,16396,Android,WiFi
19425,16397,Android,4G
19426,16397,Android,5G
19427,16398,Android,4G
19428,16398,Android,5G
19429,16399,Android,5G
19430,16400,Android,5G
19431,16400,Android,5G
19432,16401,iOS,4G
19433,16402,Android,WiFi
19434,16403,Android,4G
19435,16404,Android,4G
19436,16405,Android,5G
19437,16406,Android,WiFi
19438,16407,Android,WiFi
19439,16408,Android,5G
19440,16409,Android,3G
19441,16410,Android,WiFi
19442,16411,Web,5G
19443,16412,Android,5G
19444,16413,iOS,5G
19445,16414,Android,5G
19446,16414,iOS,5G
19447,16415,Android,WiFi
19448,16415,Android,4G
19449,16416,Android,3G
19450,16416,Android,4G
19451,16417,Android,3G
19452,16418,Android,4G
19453,16419,iOS,4G
19454,16420,Android,4G
19455,16420,Android,WiFi
19456,16421,Android,4G
19457,16422,Android,WiFi
19458,16423,Android,4G
19459,16424,Android,WiFi
19460,16425,Android,WiFi
19461,16426,Android,4G
19462,16427,Android,WiFi
19463,16428,Android,4G
19464,16429,Android,5G
19465,16430,Android,4G
19466,16430,iOS,4G
19467,16431,Android,4G
19468,16432,iOS,5G
19469,16433,Android,5G
19470,16434,iOS,4G
19471,16435,Android,5G
19472,16436,Android,4G
19473,16437,Android,WiFi
19474,16438,Android,4G
19475,16439,Android,4G
19476,16440,Android,4G
19477,16441,Android,WiFi
19478,16442,Android,4G
19479,16442,Android,WiFi
19480,16443,iOS,4G
19481,16443,Android,5G
19482,16444,Android,3G
19483,16444,Android,4G
19484,16445,Android,4G
19485,16445,Android,4G
19486,16446,iOS,5G
19487,16447,Android,3G
19488,16448,Android,4G
19489,16449,Web,4G
19490,16450,Android,4G
19491,16451,Android,WiFi
19492,16452,Android,4G
19493,16453,Android,4G
19494,16454,Android,4G
19495,16455,Android,4G
19496,16456,Android,WiFi
19497,16457,iOS,5G
19498,16458,iOS,4G
19499,16459,Android,4G
19500,16460,Android,3G
19501,16461,Android,5G
19502,16461,Android,5G
19503,16462,Android,4G
19504,16463,Android,4G
19505,16464,Web,WiFi
19506,16464,Android,5G
19507,16465,Android,4G
19508,16466,iOS,WiFi
19509,16467,Android,5G
19510,16468,Android,4G
19511,16469,Android,4G
19512,16470,Android,WiFi
19513,16470,Android,3G
19514,16471,Android,WiFi
19515,16471,Android,5G
19516,16472,Android,5G
19517,16473,Android,4G
19518,16474,Android,5G
19519,16475,Android,4G
19520,16476,Android,5G
19521,16477,Android,4G
19522,16478,Android,5G
19523,16479,Android,4G
19524,16480,Android,4G
19525,16481,iOS,4G
19526,16482,Android,4G
19527,16483,Android,3G
19528,16484,Android,5G
19529,16485,Android,5G
19530,16486,iOS,4G
19531,16487,iOS,5G
19532,16488,Android,5G
19533,16489,iOS,5G
19534,16490,iOS,WiFi
19535,16491,Android,5G
19536,16492,Android,4G
19537,16493,Android,5G
19538,16494,Android,WiFi
19539,16494,Android,4G
19540,16495,iOS,4G
19541,16496,Android,4G
19542,16496,iOS,WiFi
19543,16497,iOS,4G
19544,16498,Android,WiFi
19545,16499,Android,WiFi
19546,16500,Android,5G
19547,16500,Android,4G
19548,16501,Android,5G
19549,16502,Android,4G
19550,16503,Android,5G
19551,16504,Android,4G
19552,16505,iOS,WiFi
19553,16506,iOS,4G
19554,16506,Android,4G
19555,16507,Android,4G
19556,16507,Android,5G
19557,16508,iOS,WiFi
19558,16509,Android,5G
19559,16509,iOS,4G
19560,16510,Android,WiFi
19561,16511,Android,WiFi
19562,16511,Android,5G
19563,16512,Android,4G
19564,16513,Android,5G
19565,16514,Android,4G
19566,16515,Android,5G
19567,16516,iOS,4G
19568,16517,Android,4G
19569,16518,Android,4G
19570,16519,Android,5G
19571,16520,Android,5G
19572,16521,Android,4G
19573,16521,Android,4G
19574,16522,Android,4G
19575,16523,iOS,5G
19576,16524,Android,4G
19577,16525,Android,4G
19578,16525,Android,WiFi
19579,16526,Android,4G
19580,16527,Android,4G
19581,16528,Android,WiFi
19582,16528,Android,5G
19583,16529,Android,WiFi
19584,16529,Android,4G
19585,16530,Android,WiFi
19586,16531,Android,WiFi
19587,16532,Android,3G
19588,16533,Android,5G
19589,16534,Android,4G
19590,16535,Android,5G
19591,16536,Android,4G
19592,16536,Android,4G
19593,16537,Android,4G
19594,16538,Android,4G
19595,16539,Android,4G
19596,16540,Android,5G
19597,16541,Android,5G
19598,16542,Android,5G
19599,16543,Android,4G
19600,16544,Android,WiFi
19601,16545,Android,4G
19602,16546,Web,5G
19603,16547,iOS,WiFi
19604,16548,Android,4G
19605,16549,Android,5G
19606,16550,Android,4G
19607,16550,iOS,5G
19608,16551,Android,WiFi
19609,16552,Android,4G
19610,16552,Android,4G
19611,16553,Web,WiFi
19612,16554,Android,WiFi
19613,16555,Android,4G
19614,16555,Android,5G
19615,16556,iOS,5G
19616,16557,Android,5G
19617,16558,Android,4G
19618,16559,Android,4G
19619,16560,Android,WiFi
19620,16561,Web,4G
19621,16562,Android,5G
19622,16562,Android,5G
19623,16563,iOS,4G
19624,16564,Android,5G
19625,16565,Android,5G
19626,16566,Android,WiFi
19627,16567,Android,5G
19628,16568,Android,4G
19629,16569,Android,5G
19630,16570,Android,4G
19631,16571,iOS,WiFi
19632,16572,Android,4G
19633,16572,Android,4G
19634,16573,Android,5G
19635,16574,Android,WiFi
19636,16575,Android,4G
19637,16576,iOS,5G
19638,16577,Android,5G
19639,16578,iOS,4G
19640,16579,Android,WiFi
19641,16580,Android,5G
19642,16580,Android,4G
19643,16581,Android,WiFi
19644,16582,Android,5G
19645,16583,Android,4G
19646,16583,Android,5G
19647,16584,Android,5G
19648,16585,Android,4G
19649,16586,Android,4G
19650,16587,iOS,4G
19651,16587,Android,4G
19652,16588,Android,4G
19653,16588,Android,4G
19654,16589,Android,4G
19655,16590,Android,WiFi
19656,16591,Android,3G
19657,16592,iOS,4G
19658,16593,iOS,WiFi
19659,16594,iOS,4G
19660,16595,Android,4G
19661,16596,Android,4G
19662,16597,Android,WiFi
19663,16597,Android,5G
19664,16598,Android,4G
19665,16599,iOS,5G
19666,16600,Android,4G
19667,16601,Android,5G
19668,16601,Android,4G
19669,16602,Android,4G
19670,16603,iOS,4G
19671,16603,iOS,4G
19672,16604,Android,WiFi
19673,16605,Android,4G
19674,16606,iOS,4G
19675,16606,Android,4G
19676,16607,Android,5G
19677,16608,Android,5G
19678,16609,iOS,4G
19679,16609,Android,4G
19680,16610,Android,4G
19681,16611,Android,5G
19682,16612,Android,5G
19683,16612,Android,WiFi
19684,16613,Android,4G
19685,16614,iOS,4G
19686,16615,Android,4G
19687,16616,Android,5G
19688,16617,iOS,5G
19689,16618,Android,4G
19690,16619,iOS,3G
19691,16619,Android,4G
19692,16620,Android,5G
19693,16621,Android,4G
19694,16621,Android,4G
19695,16622,Android,WiFi
19696,16623,Android,4G
19697,16624,Android,WiFi
19698,16625,Android,5G
19699,16625,Android,4G
19700,16626,Android,4G
19701,16627,Android,5G
19702,16628,Android,WiFi
19703,16629,Android,4G
19704,16630,Android,4G
19705,16631,Android,WiFi
19706,16632,Android,5G
19707,16633,Android,5G
19708,16634,Android,4G
19709,16635,Android,5G
19710,16636,Android,WiFi
19711,16636,Android,5G
19712,16637,Android,4G
19713,16638,Android,4G
19714,16639,Android,WiFi
19715,16640,Android,4G
19716,16641,iOS,4G
19717,16642,Android,4G
19718,16643,Web,WiFi
19719,16644,iOS,4G
19720,16644,Android,5G
19721,16645,Android,5G
19722,16646,Android,4G
19723,16647,Android,WiFi
19724,16647,iOS,4G
19725,16648,iOS,WiFi
19726,16649,Android,5G
19727,16650,Android,WiFi
19728,16650,iOS,5G
19729,16651,Android,WiFi
19730,16651,Android,5G
19731,16652,Android,WiFi
19732,16653,Android,WiFi
19733,16654,iOS,WiFi
19734,16655,Android,5G
19735,16656,iOS,4G
19736,16657,Android,4G
19737,16657,Android,4G
19738,16658,iOS,4G
19739,16659,Android,WiFi
19740,16660,Android,4G
19741,16661,Android,4G
19742,16662,Android,4G
19743,16663,Android,5G
19744,16664,Android,WiFi
19745,16665,Android,4G
19746,16666,iOS,5G
19747,16667,Android,5G
19748,16668,Android,4G
19749,16669,Android,4G
19750,16670,Android,WiFi
19751,16670,Android,4G
19752,16671,Android,4G
19753,16672,Android,4G
19754,16673,Android,4G
19755,16674,Android,4G
19756,16675,Android,3G
19757,16676,Android,4G
19758,16677,Android,4G
19759,16678,iOS,4G
19760,16679,Android,4G
19761,16680,iOS,4G
19762,16681,Android,4G
19763,16682,Android,WiFi
19764,16683,Android,5G
19765,16684,Android,4G
19766,16685,iOS,5G
19767,16686,Android,4G
19768,16687,iOS,5G
19769,16688,iOS,5G
19770,16689,Android,4G
19771,16690,Android,4G
19772,16691,Android,WiFi
19773,16692,Android,4G
19774,16692,Android,4G
19775,16693,iOS,4G
19776,16694,Android,4G
19777,16695,Android,WiFi
19778,16696,Android,5G
19779,16697,Android,5G
19780,16698,Android,4G
19781,16699,Android,WiFi
19782,16700,Android,4G
19783,16700,Android,5G
19784,16701,Android,4G
19785,16702,Android,WiFi
19786,16703,Android,4G
19787,16704,iOS,5G
19788,16705,Android,WiFi
19789,16706,Android,4G
19790,16707,iOS,5G
19791,16708,Android,4G
19792,16709,Android,5G
19793,16710,iOS,4G
19794,16711,iOS,WiFi
19795,16711,Android,3G
19796,16712,Android,5G
19797,16713,Android,4G
19798,16713,Android,4G
19799,16714,Android,5G
19800,16715,Web,WiFi
19801,16716,Android,5G
19802,16717,iOS,WiFi
19803,16718,Android,4G
19804,16719,Android,4G
19805,16720,iOS,5G
19806,16721,Android,4G
19807,16721,Android,WiFi
19808,16722,Android,4G
19809,16723,Android,WiFi
19810,16724,iOS,4G
19811,16725,Android,WiFi
19812,16726,Android,4G
19813,16727,Android,4G
19814,16728,Android,5G
19815,16729,Android,WiFi
19816,16729,Android,4G
19817,16730,Android,4G
19818,16731,Android,5G
19819,16731,Android,5G
19820,16732,Android,WiFi
19821,16733,Android,3G
19822,16734,Android,4G
19823,16734,Android,4G
19824,16735,Android,4G
19825,16736,Android,4G
19826,16736,Android,4G
19827,16737,Android,4G
19828,16738,Android,4G
19829,16739,Android,5G
19830,16740,Android,5G
19831,16741,Android,5G
19832,16742,Android,4G
19833,16743,Android,5G
19834,16744,iOS,WiFi
19835,16744,Android,5G
19836,16745,Android,4G
19837,16746,Android,4G
19838,16747,Android,4G
19839,16747,Android,3G
19840,16748,Android,4G
19841,16749,Android,4G
19842,16750,Android,WiFi
19843,16751,Android,4G
19844,16752,Android,4G
19845,16753,iOS,4G
19846,16754,Android,4G
19847,16754,iOS,5G
19848,16755,Android,4G
19849,16756,Android,5G
19850,16757,iOS,5G
19851,16758,Android,5G
19852,16759,Android,5G
19853,16760,Android,4G
19854,16761,Android,4G
19855,16762,Android,4G
19856,16763,Android,4G
19857,16764,Android,4G
19858,16764,Android,4G
19859,16765,Android,5G
19860,16766,Android,4G
19861,16766,Android,WiFi
19862,16767,Android,5G
19863,16768,Android,WiFi
19864,16769,iOS,5G
19865,16769,Android,5G
19866,16770,Android,WiFi
19867,16771,Android,WiFi
19868,16772,Web,4G
19869,16773,Android,WiFi
19870,16773,Android,4G
19871,16774,Android,4G
19872,16774,Android,5G
19873,16775,Android,5G
19874,16776,Android,4G
19875,16777,Android,5G
19876,16778,Android,4G
19877,16779,Android,3G
19878,16780,Android,5G
19879,16781,Android,5G
19880,16781,Android,WiFi
19881,16782,Android,WiFi
19882,16783,Web,4G
19883,16784,Android,4G
19884,16784,Android,5G
19885,16785,Android,4G
19886,16786,Android,WiFi
19887,16787,Android,5G
19888,16788,Web,4G
19889,16789,Android,3G
19890,16790,Android,5G
19891,16791,iOS,WiFi
19892,16792,Android,5G
19893,16793,Android,4G
19894,16794,iOS,4G
19895,16794,iOS,4G
19896,16795,Android,WiFi
19897,16796,Android,4G
19898,16797,iOS,4G
19899,16798,Android,WiFi
19900,16799,Android,4G
19901,16799,Android,4G
19902,16800,Android,WiFi
19903,16801,Android,3G
19904,16802,Android,5G
19905,16803,iOS,4G
19906,16803,Android,4G
19907,16804,iOS,4G
19908,16805,iOS,WiFi
19909,16805,Android,5G
19910,16806,Android,5G
19911,16807,iOS,5G
19912,16808,Android,5G
19913,16809,Android,5G
19914,16810,Android,4G
19915,16811,Android,5G
19916,16811,Android,4G
19917,16812,Android,4G
19918,16812,Android,WiFi
19919,16813,Android,5G
19920,16813,Android,3G
19921,16814,iOS,4G
19922,16814,iOS,4G
19923,16815,Android,4G
19924,16816,Web,5G
19925,16817,Android,4G
19926,16818,Android,4G
19927,16819,Android,5G
19928,16820,iOS,WiFi
19929,16821,Android,4G
19930,16822,iOS,WiFi
19931,16822,Android,4G
19932,16823,Android,4G
19933,16824,Android,4G
19934,16825,Android,5G
19935,16826,Android,WiFi
19936,16827,Android,4G
19937,16828,Android,4G
19938,16829,Android,5G
19939,16829,Android,5G
19940,16830,Android,5G
19941,16831,Android,5G
19942,16832,Android,5G
19943,16833,Android,WiFi
19944,16834,Android,5G
19945,16835,Android,4G
19946,16836,Android,WiFi
19947,16837,Android,4G
19948,16838,Android,4G
19949,16839,Android,4G
19950,16840,Android,4G
19951,16841,Android,WiFi
19952,16842,Android,4G
19953,16843,Android,5G
19954,16844,Android,5G
19955,16845,Android,5G
19956,16846,Android,4G
19957,16847,iOS,5G
19958,16848,iOS,5G
19959,16849,iOS,WiFi
19960,16850,iOS,4G
19961,16851,Android,4G
19962,16852,Android,5G
19963,16853,Android,4G
19964,16854,Android,4G
19965,16855,Web,5G
19966,16856,iOS,4G
19967,16857,Android,WiFi
19968,16858,Android,4G
19969,16859,Android,4G
19970,16860,Android,5G
19971,16860,Android,4G
19972,16861,iOS,WiFi
19973,16862,Android,WiFi
19974,16863,Android,4G
19975,16864,Android,5G
19976,16865,Android,4G
19977,16866,Android,5G
19978,16867,Android,4G
19979,16868,iOS,4G
19980,16868,iOS,WiFi
19981,16869,Android,WiFi
19982,16870,Android,4G
19983,16870,Android,5G
19984,16871,Android,WiFi
19985,16872,iOS,5G
19986,16873,Android,4G
19987,16874,Android,4G
19988,16875,iOS,4G
19989,16876,Android,4G
19990,16877,iOS,5G
19991,16878,Android,5G
19992,16878,Android,5G
19993,16879,Android,4G
19994,16880,Android,4G
19995,16881,iOS,5G
19996,16882,Android,4G
19997,16883,Android,5G
19998,16883,Web,4G
19999,16884,Android,4G
20000,16884,Android,5G
20001,16885,iOS,WiFi
20002,16885,Android,3G
20003,16886,Android,5G
20004,16887,Android,5G
20005,16888,iOS,4G
20006,16889,iOS,5G
20007,16890,Android,5G
20008,16891,Android,5G
20009,16892,Android,4G
20010,16893,Android,5G
20011,16893,Android,4G
20012,16894,Android,5G
20013,16895,Android,WiFi
20014,16896,iOS,WiFi
20015,16897,Android,4G
20016,16898,Android,WiFi
20017,16899,Android,4G
20018,16900,Android,4G
20019,16901,Android,4G
20020,16902,Android,5G
20021,16903,Android,5G
20022,16904,Android,4G
20023,16905,iOS,5G
20024,16906,Android,5G
20025,16907,Web,3G
20026,16908,iOS,WiFi
20027,16909,iOS,4G
20028,16910,Android,4G
20029,16910,Android,4G
20030,16911,iOS,5G
20031,16912,Android,4G
20032,16913,Android,4G
20033,16914,Android,4G
20034,16915,Android,WiFi
20035,16916,Android,5G
20036,16917,Android,4G
20037,16918,iOS,5G
20038,16919,Android,4G
20039,16919,Android,4G
20040,16920,iOS,4G
20041,16921,Android,WiFi
20042,16922,Android,4G
20043,16923,Android,5G
20044,16924,Android,5G
20045,16925,Android,4G
20046,16926,Android,4G
20047,16927,Android,4G
20048,16928,Android,WiFi
20049,16929,Android,5G
20050,16930,Android,WiFi
20051,16930,Android,WiFi
20052,16931,Android,WiFi
20053,16932,Android,4G
20054,16933,Web,4G
20055,16934,Android,4G
20056,16935,Android,4G
20057,16936,Android,5G
20058,16937,Android,4G
20059,16937,Android,WiFi
20060,16938,Android,5G
20061,16938,iOS,3G
20062,16939,Android,5G
20063,16939,iOS,5G
20064,16940,iOS,3G
20065,16940,Android,3G
20066,16941,Android,5G
20067,16942,Android,5G
20068,16943,iOS,4G
20069,16944,Android,5G
20070,16944,Android,4G
20071,16945,iOS,WiFi
20072,16946,Android,4G
20073,16947,Android,5G
20074,16948,Android,4G
20075,16949,Android,4G
20076,16950,Android,5G
20077,16951,Android,4G
20078,16951,Android,4G
20079,16952,Android,5G
20080,16953,Android,WiFi
20081,16954,iOS,5G
20082,16954,Android,5G
20083,16955,iOS,5G
20084,16956,Android,4G
20085,16956,Android,WiFi
20086,16957,Android,3G
20087,16958,iOS,5G
20088,16959,iOS,WiFi
20089,16960,Android,5G
20090,16961,Android,5G
20091,16961,Android,4G
20092,16962,Android,4G
20093,16963,iOS,4G
20094,16964,Android,5G
20095,16965,Android,4G
20096,16966,iOS,5G
20097,16966,Android,5G
20098,16967,Android,4G
20099,16968,Android,4G
20100,16969,Android,4G
20101,16970,Android,4G
20102,16971,Android,5G
20103,16972,Android,WiFi
20104,16973,Android,4G
20105,16974,Web,WiFi
20106,16975,Android,4G
20107,16976,Android,WiFi
20108,16977,Android,5G
20109,16978,iOS,5G
20110,16979,Android,4G
20111,16980,iOS,5G
20112,16981,Android,4G
20113,16982,Android,4G
20114,16983,Android,WiFi
20115,16984,Android,WiFi
20116,16984,Android,WiFi
20117,16985,Android,4G
20118,16986,Android,4G
20119,16987,Android,WiFi
20120,16988,iOS,WiFi
20121,16989,Android,5G
20122,16990,Android,5G
20123,16991,Android,5G
20124,16992,Android,WiFi
20125,16993,iOS,4G
20126,16993,Android,WiFi
20127,16994,iOS,WiFi
20128,16995,Android,WiFi
20129,16996,iOS,4G
20130,16996,Android,5G
20131,16997,Android,4G
20132,16998,iOS,5G
20133,16999,Android,5G
20134,17000,Android,WiFi
20135,17001,Android,WiFi
20136,17002,Android,4G
20137,17003,Android,5G
20138,17003,Android,5G
20139,17004,Android,WiFi
20140,17005,Android,4G
20141,17006,Android,4G
20142,17007,Android,4G
20143,17008,Android,4G
20144,17009,Android,WiFi
20145,17009,Android,WiFi
20146,17010,iOS,4G
20147,17011,iOS,5G
20148,17012,iOS,5G
20149,17013,iOS,4G
20150,17013,Android,5G
20151,17014,Android,4G
20152,17014,Android,3G
20153,17015,Web,3G
20154,17016,Android,5G
20155,17017,Android,4G
20156,17018,Android,WiFi
20157,17019,Android,4G
20158,17020,Android,4G
20159,17020,Android,4G
20160,17021,iOS,4G
20161,17022,Android,5G
20162,17023,iOS,5G
20163,17023,Android,4G
20164,17024,Android,4G
20165,17025,Android,4G
20166,17026,Android,5G
20167,17026,iOS,5G
20168,17027,Android,5G
20169,17028,Android,4G
20170,17028,Android,WiFi
20171,17029,Android,5G
20172,17029,Android,4G
20173,17030,Android,5G
20174,17031,Android,4G
20175,17031,Android,WiFi
20176,17032,Android,3G
20177,17033,Android,5G
20178,17034,Android,4G
20179,17034,Android,5G
20180,17035,Android,5G
20181,17036,Android,4G
20182,17036,Android,5G
20183,17037,Android,4G
20184,17038,Android,WiFi
20185,17039,Android,WiFi
20186,17040,Android,4G
20187,17041,iOS,4G
20188,17042,Android,WiFi
20189,17043,iOS,5G
20190,17044,Android,5G
20191,17044,Android,5G
20192,17045,Android,5G
20193,17046,Android,5G
20194,17047,Android,4G
20195,17048,Android,5G
20196,17049,Android,3G
20197,17049,Android,4G
20198,17050,iOS,5G
20199,17051,iOS,5G
20200,17052,iOS,5G
20201,17053,Android,4G
20202,17054,Android,4G
20203,17055,Android,WiFi
20204,17056,Android,5G
20205,17056,Android,5G
20206,17057,Android,4G
20207,17058,iOS,5G
20208,17059,Android,4G
20209,17060,Web,5G
20210,17061,Android,WiFi
20211,17062,Android,WiFi
20212,17063,iOS,4G
20213,17064,Android,5G
20214,17065,iOS,4G
20215,17066,Android,5G
20216,17067,Android,4G
20217,17068,Android,5G
20218,17069,iOS,5G
20219,17070,iOS,WiFi
20220,17070,Android,WiFi
20221,17071,Android,4G
20222,17072,Android,4G
20223,17073,iOS,5G
20224,17073,iOS,5G
20225,17074,Android,WiFi
20226,17075,iOS,5G
20227,17076,Android,4G
20228,17077,Android,4G
20229,17077,iOS,5G
20230,17078,Android,4G
20231,17079,Android,4G
20232,17080,Android,5G
20233,17081,Android,WiFi
20234,17082,iOS,4G
20235,17083,Android,4G
20236,17084,Android,3G
20237,17084,Android,WiFi
20238,17085,Android,5G
20239,17086,Android,WiFi
20240,17087,Android,4G
20241,17088,Android,WiFi
20242,17089,iOS,5G
20243,17090,Android,WiFi
20244,17091,Android,4G
20245,17091,Android,4G
20246,17092,Android,5G
20247,17093,iOS,5G
20248,17094,Android,WiFi
20249,17095,Android,5G
20250,17096,iOS,WiFi
20251,17097,Android,5G
20252,17097,iOS,WiFi
20253,17098,iOS,4G
20254,17099,Android,5G
20255,17100,iOS,WiFi
20256,17101,Android,4G
20257,17102,Web,4G
20258,17103,iOS,5G
20259,17104,Android,WiFi
20260,17105,Android,3G
20261,17106,Android,5G
20262,17107,Android,WiFi
20263,17108,Android,5G
20264,17109,iOS,4G
20265,17109,Android,5G
20266,17110,iOS,4G
20267,17110,Android,WiFi
20268,17111,Android,4G
20269,17111,Android,5G
20270,17112,Android,5G
20271,17112,Android,4G
20272,17113,Android,5G
20273,17114,Android,3G
20274,17115,Android,WiFi
20275,17115,Android,4G
20276,17116,Android,4G
20277,17117,Android,5G
20278,17118,Android,4G
20279,17119,Android,WiFi
20280,17120,iOS,WiFi
20281,17121,Android,4G
20282,17122,iOS,4G
20283,17123,Android,4G
20284,17124,Android,4G
20285,17124,iOS,5G
20286,17125,Android,WiFi
20287,17126,iOS,5G
20288,17127,Android,WiFi
20289,17128,Android,5G
20290,17129,Android,3G
20291,17129,Android,WiFi
20292,17130,Android,4G
20293,17130,Android,4G
20294,17131,Android,5G
20295,17132,Android,5G
20296,17133,Android,5G
20297,17134,Android,5G
20298,17135,iOS,4G
20299,17136,iOS,4G
20300,17137,Android,4G
20301,17137,iOS,4G
20302,17138,Android,5G
20303,17139,Android,4G
20304,17140,Android,4G
20305,17140,Android,4G
20306,17141,Android,5G
20307,17142,iOS,WiFi
20308,17143,Android,4G
20309,17144,Web,3G
20310,17144,Android,5G
20311,17145,Android,4G
20312,17146,Android,4G
20313,17146,iOS,WiFi
20314,17147,Android,4G
20315,17147,Android,4G
20316,17148,Android,5G
20317,17149,Android,5G
20318,17150,Android,4G
20319,17151,Android,4G
20320,17152,iOS,4G
20321,17152,Android,4G
20322,17153,Android,WiFi
20323,17153,Android,4G
20324,17154,Android,5G
20325,17155,Android,5G
20326,17155,iOS,3G
20327,17156,Android,WiFi
20328,17157,Android,4G
20329,17157,Android,5G
20330,17158,Android,WiFi
20331,17158,Android,4G
20332,17159,Android,4G
20333,17160,Android,5G
20334,17160,Android,WiFi
20335,17161,Android,WiFi
20336,17162,Android,5G
20337,17163,iOS,4G
20338,17164,Android,4G
20339,17165,Android,4G
20340,17166,Android,4G
20341,17167,Android,4G
20342,17168,Android,5G
20343,17169,Android,WiFi
20344,17170,Android,4G
20345,17171,Android,4G
20346,17172,iOS,4G
20347,17173,Android,3G
20348,17174,Android,4G
20349,17175,Android,4G
20350,17175,Android,WiFi
20351,17176,Web,3G
20352,17177,Android,WiFi
20353,17178,Android,5G
20354,17179,iOS,WiFi
20355,17179,Android,4G
20356,17180,Android,WiFi
20357,17181,Android,4G
20358,17182,Android,5G
20359,17183,Android,5G
20360,17183,Android,4G
20361,17184,Web,4G
20362,17185,Android,4G
20363,17186,Android,4G
20364,17187,Android,4G
20365,17188,Android,4G
20366,17189,Android,4G
20367,17190,iOS,4G
20368,17191,Android,3G
20369,17192,Android,4G
20370,17193,Android,WiFi
20371,17193,Android,4G
20372,17194,Android,4G
20373,17195,Android,5G
20374,17196,Android,4G
20375,17197,Android,4G
20376,17197,Android,4G
20377,17198,Android,4G
20378,17199,iOS,4G
20379,17200,Web,4G
20380,17201,Android,4G
20381,17201,Android,4G
20382,17202,Android,5G
20383,17203,Android,5G
20384,17204,Android,WiFi
20385,17204,Android,4G
20386,17205,Android,4G
20387,17206,Android,4G
20388,17207,Android,4G
20389,17208,Android,4G
20390,17209,Android,4G
20391,17210,iOS,WiFi
20392,17211,Android,4G
20393,17212,Android,5G
20394,17213,iOS,4G
20395,17214,Android,4G
20396,17215,Android,4G
20397,17215,Android,4G
20398,17216,Android,WiFi
20399,17216,iOS,WiFi
20400,17217,Android,WiFi
20401,17218,Android,4G
20402,17219,iOS,5G
20403,17220,Android,WiFi
20404,17221,Android,4G
20405,17221,Android,3G
20406,17222,Android,4G
20407,17223,Android,3G
20408,17224,Android,5G
20409,17225,Android,WiFi
20410,17225,Android,5G
20411,17226,Android,5G
20412,17227,Android,5G
20413,17228,Android,5G
20414,17229,Android,3G
20415,17230,Android,4G
20416,17231,Android,4G
20417,17232,Android,5G
20418,17233,Android,5G
20419,17234,Android,4G
20420,17235,Android,5G
20421,17236,Android,4G
20422,17237,iOS,WiFi
20423,17237,Android,4G
20424,17238,iOS,WiFi
20425,17239,Android,WiFi
20426,17239,Android,4G
20427,17240,Android,4G
20428,17241,Android,5G
20429,17242,Android,4G
20430,17243,Android,WiFi
20431,17243,Android,WiFi
20432,17244,Web,3G
20433,17245,Android,4G
20434,17246,iOS,5G
20435,17247,Android,5G
20436,17248,Android,5G
20437,17249,Android,4G
20438,17250,Android,WiFi
20439,17251,Android,4G
20440,17252,Android,5G
20441,17253,Android,5G
20442,17254,Android,3G
20443,17255,Android,4G
20444,17256,Android,5G
20445,17257,Android,5G
20446,17258,Android,5G
20447,17259,iOS,5G
20448,17259,iOS,4G
20449,17260,Android,4G
20450,17261,Android,WiFi
20451,17262,Android,5G
20452,17263,Android,WiFi
20453,17264,Android,5G
20454,17265,Android,4G
20455,17266,Android,5G
20456,17267,Android,4G
20457,17268,Android,4G
20458,17269,Android,4G
20459,17269,Web,4G
20460,17270,Android,WiFi
20461,17271,Android,4G
20462,17271,iOS,5G
20463,17272,Android,4G
20464,17273,iOS,WiFi
20465,17273,iOS,WiFi
20466,17274,Android,WiFi
20467,17274,Android,5G
20468,17275,Android,4G
20469,17276,iOS,5G
20470,17277,Android,4G
20471,17277,Android,4G
20472,17278,Android,5G
20473,17279,Android,5G
20474,17280,Android,WiFi
20475,17281,Android,5G
20476,17282,Android,WiFi
20477,17283,Android,5G
20478,17283,Android,4G
20479,17284,iOS,4G
20480,17284,Android,4G
20481,17285,Android,WiFi
20482,17286,iOS,4G
20483,17286,Android,WiFi
20484,17287,Android,4G
20485,17288,iOS,4G
20486,17289,iOS,WiFi
20487,17290,Android,WiFi
20488,17291,Android,4G
20489,17292,iOS,4G
20490,17293,Android,4G
20491,17294,Android,5G
20492,17295,Web,4G
20493,17296,Android,WiFi
20494,17297,iOS,4G
20495,17298,iOS,5G
20496,17299,Web,4G
20497,17300,Android,5G
20498,17301,Android,4G
20499,17302,Android,4G
20500,17303,Android,WiFi
20501,17304,Android,4G
20502,17305,Android,WiFi
20503,17305,Android,4G
20504,17306,Android,4G
20505,17307,Android,4G
20506,17308,Android,WiFi
20507,17309,Android,4G
20508,17310,Android,WiFi
20509,17310,Android,3G
20510,17311,Android,5G
20511,17312,Android,4G
20512,17313,Android,5G
20513,17314,Android,4G
20514,17315,Android,WiFi
20515,17316,Android,4G
20516,17317,Android,4G
20517,17317,Android,5G
20518,17318,Android,5G
20519,17319,Android,4G
20520,17320,iOS,4G
20521,17321,Android,4G
20522,17322,Android,5G
20523,17323,Android,4G
20524,17324,Android,5G
20525,17325,Android,WiFi
20526,17326,Android,5G
20527,17327,iOS,5G
20528,17328,Android,4G
20529,17329,Android,WiFi
20530,17329,Android,5G
20531,17330,Android,5G
20532,17331,Android,5G
20533,17332,iOS,4G
20534,17333,Android,5G
20535,17334,Android,4G
20536,17335,Android,4G
20537,17336,Android,4G
20538,17336,Android,5G
20539,17337,Android,4G
20540,17338,Android,WiFi
20541,17338,Android,4G
20542,17339,Android,4G
20543,17339,Android,4G
20544,17340,Android,5G
20545,17341,Android,3G
20546,17342,Android,4G
20547,17343,Android,4G
20548,17343,Android,4G
20549,17344,Android,4G
20550,17344,Android,4G
20551,17345,Android,4G
20552,17345,Android,4G
20553,17346,Android,4G
20554,17347,Android,4G
20555,17348,Android,WiFi
20556,17349,iOS,4G
20557,17350,Android,4G
20558,17351,Android,5G
20559,17352,Android,4G
20560,17353,Android,5G
20561,17354,Android,5G
20562,17355,Android,4G
20563,17356,Android,5G
20564,17357,Android,WiFi
20565,17358,Android,WiFi
20566,17359,Web,4G
20567,17360,Android,WiFi
20568,17361,Android,5G
20569,17362,Android,3G
20570,17363,Android,3G
20571,17364,iOS,4G
20572,17365,iOS,4G
20573,17366,Android,5G
20574,17367,Android,WiFi
20575,17367,Android,4G
20576,17368,iOS,5G
20577,17369,iOS,5G
20578,17369,Android,WiFi
20579,17370,Android,4G
20580,17371,Android,WiFi
20581,17372,Android,5G
20582,17373,Android,4G
20583,17374,iOS,4G
20584,17375,iOS,5G
20585,17376,Web,WiFi
20586,17376,Android,WiFi
20587,17377,iOS,4G
20588,17377,Android,WiFi
20589,17378,iOS,4G
20590,17379,Android,4G
20591,17380,Web,5G
20592,17381,Android,4G
20593,17382,Android,5G
20594,17382,Android,4G
20595,17383,Android,4G
20596,17383,Android,4G
20597,17384,Android,WiFi
20598,17385,Android,5G
20599,17386,Android,4G
20600,17387,Android,5G
20601,17388,iOS,WiFi
20602,17389,Android,4G
20603,17390,Android,4G
20604,17391,Web,4G
20605,17392,Android,WiFi
20606,17393,Android,5G
20607,17394,Android,5G
20608,17395,Android,3G
20609,17396,Android,4G
20610,17396,Android,4G
20611,17397,Android,3G
20612,17398,Android,3G
20613,17399,Android,4G
20614,17400,Android,WiFi
20615,17400,Android,5G
20616,17401,Android,4G
20617,17402,Android,4G
20618,17403,Android,4G
20619,17404,Web,WiFi
20620,17405,Web,4G
20621,17406,Android,4G
20622,17407,Android,4G
20623,17408,Android,3G
20624,17409,Android,4G
20625,17410,Android,4G
20626,17411,iOS,4G
20627,17412,Android,5G
20628,17413,Android,4G
20629,17414,Android,4G
20630,17415,iOS,4G
20631,17416,Android,4G
20632,17417,iOS,4G
20633,17418,Android,4G
20634,17419,iOS,5G
20635,17420,Android,4G
20636,17421,Android,4G
20637,17421,Android,4G
20638,17422,Android,4G
20639,17423,Android,5G
20640,17424,Android,4G
20641,17425,Android,4G
20642,17426,iOS,5G
20643,17427,Android,WiFi
20644,17427,Android,4G
20645,17428,Android,WiFi
20646,17429,Android,WiFi
20647,17430,Android,4G
20648,17431,Android,4G
20649,17431,iOS,5G
20650,17432,Android,WiFi
20651,17433,Android,5G
20652,17434,Android,3G
20653,17435,Android,5G
20654,17435,Android,4G
20655,17436,Android,4G
20656,17437,iOS,3G
20657,17438,Android,5G
20658,17439,Android,4G
20659,17440,Android,5G
20660,17441,Android,4G
20661,17442,Android,WiFi
20662,17443,Android,5G
20663,17444,Android,WiFi
20664,17445,Android,4G
20665,17446,Android,5G
20666,17447,Android,4G
20667,17448,Android,4G
20668,17448,Android,5G
20669,17449,Android,5G
20670,17450,Android,WiFi
20671,17451,Android,4G
20672,17451,Android,3G
20673,17452,Android,5G
20674,17453,Android,4G
20675,17454,Android,4G
20676,17455,Android,5G
20677,17455,iOS,4G
20678,17456,Android,5G
20679,17457,Android,WiFi
20680,17458,Android,5G
20681,17458,Android,5G
20682,17459,Android,5G
20683,17460,Android,4G
20684,17461,Web,5G
20685,17462,Android,4G
20686,17462,iOS,4G
20687,17463,Android,4G
20688,17464,Android,4G
20689,17465,Android,4G
20690,17466,Android,WiFi
20691,17467,iOS,WiFi
20692,17468,Android,WiFi
20693,17469,Android,WiFi
20694,17470,iOS,4G
20695,17471,Android,4G
20696,17471,Android,4G
20697,17472,Android,3G
20698,17473,Android,5G
20699,17474,Android,4G
20700,17475,Android,5G
20701,17476,Android,5G
20702,17477,Android,4G
20703,17478,Android,4G
20704,17479,Android,4G
20705,17480,iOS,5G
20706,17481,Android,WiFi
20707,17482,Android,4G
20708,17483,iOS,5G
20709,17484,Android,5G
20710,17485,Android,4G
20711,17486,Android,4G
20712,17487,Android,5G
20713,17488,iOS,4G
20714,17489,Android,WiFi
20715,17489,Android,4G
20716,17490,Android,5G
20717,17491,Android,5G
20718,17492,iOS,4G
20719,17492,Android,WiFi
20720,17493,Android,5G
20721,17494,iOS,3G
20722,17494,Android,WiFi
20723,17495,iOS,5G
20724,17496,Android,5G
20725,17497,iOS,4G
20726,17497,Android,5G
20727,17498,Android,WiFi
20728,17498,Android,4G
20729,17499,Android,4G
20730,17499,Android,5G
20731,17500,Android,WiFi
20732,17501,iOS,5G
20733,17502,iOS,4G
20734,17503,Android,3G
20735,17504,iOS,5G
20736,17504,Android,4G
20737,17505,iOS,5G
20738,17506,Android,4G
20739,17507,Android,4G
20740,17508,Android,5G
20741,17509,Android,5G
20742,17510,Android,5G
20743,17511,Android,5G
20744,17512,iOS,4G
20745,17513,Android,5G
20746,17514,Android,4G
20747,17514,Web,WiFi
20748,17515,Android,4G
20749,17516,Android,4G
20750,17517,iOS,5G
20751,17518,Android,4G
20752,17519,iOS,WiFi
20753,17520,Android,4G
20754,17521,Android,4G
20755,17522,Android,WiFi
20756,17523,Web,4G
20757,17524,Android,5G
20758,17525,Android,5G
20759,17526,iOS,4G
20760,17526,iOS,WiFi
20761,17527,Android,5G
20762,17527,Android,5G
20763,17528,Android,4G
20764,17529,Android,4G
20765,17530,Android,4G
20766,17531,Android,4G
20767,17532,Android,4G
20768,17533,Android,WiFi
20769,17534,Android,WiFi
20770,17534,Android,WiFi
20771,17535,Android,WiFi
20772,17536,Web,4G
20773,17537,Android,WiFi
20774,17538,Android,4G
20775,17538,Android,WiFi
20776,17539,iOS,4G
20777,17540,Android,WiFi
20778,17540,Android,5G
20779,17541,Android,4G
20780,17542,Android,4G
20781,17543,Android,4G
20782,17544,Android,WiFi
20783,17545,Android,5G
20784,17545,Android,4G
20785,17546,Android,4G
20786,17547,Android,5G
20787,17548,iOS,4G
20788,17549,iOS,5G
20789,17550,Android,WiFi
20790,17551,Android,5G
20791,17552,iOS,5G
20792,17553,Web,WiFi
20793,17554,Web,5G
20794,17555,Android,3G
20795,17555,Android,5G
20796,17556,Android,5G
20797,17557,Android,5G
20798,17558,Android,5G
20799,17559,Web,5G
20800,17560,iOS,4G
20801,17560,Android,WiFi
20802,17561,Android,WiFi
20803,17561,Android,WiFi
20804,17562,Android,5G
20805,17563,Android,5G
20806,17564,Android,4G
20807,17564,Android,WiFi
20808,17565,Android,4G
20809,17565,Android,5G
20810,17566,Android,4G
20811,17567,Android,4G
20812,17568,iOS,5G
20813,17569,Android,WiFi
20814,17570,Android,4G
20815,17571,iOS,WiFi
20816,17572,Android,5G
20817,17572,Android,4G
20818,17573,Android,4G
20819,17574,Android,5G
20820,17575,Android,5G
20821,17575,iOS,4G
20822,17576,iOS,4G
20823,17577,Android,5G
20824,17578,Android,4G
20825,17579,Android,4G
20826,17580,Android,WiFi
20827,17581,Android,WiFi
20828,17582,Android,WiFi
20829,17583,Android,4G
20830,17583,Android,WiFi
20831,17584,Android,4G
20832,17585,Android,5G
20833,17585,Android,5G
20834,17586,Android,5G
20835,17587,Android,4G
20836,17588,Web,5G
20837,17588,iOS,5G
20838,17589,Web,4G
20839,17590,iOS,4G
20840,17591,Android,4G
20841,17592,Android,WiFi
20842,17593,Android,4G
20843,17593,Android,5G
20844,17594,Android,4G
20845,17595,iOS,5G
20846,17596,Android,WiFi
20847,17597,iOS,4G
20848,17598,Android,5G
20849,17599,Android,5G
20850,17600,iOS,WiFi
20851,17601,Android,4G
20852,17601,Android,WiFi
20853,17602,Android,5G
20854,17603,Web,3G
20855,17604,Android,5G
20856,17605,Android,5G
20857,17606,Android,5G
20858,17606,Android,WiFi
20859,17607,Web,4G
20860,17608,Android,4G
20861,17609,Web,4G
20862,17609,Android,4G
20863,17610,iOS,5G
20864,17611,Android,5G
20865,17611,Android,5G
20866,17612,Web,4G
20867,17613,Android,5G
20868,17614,Android,5G
20869,17615,Web,WiFi
20870,17616,Android,WiFi
20871,17617,Android,5G
20872,17618,Android,4G
20873,17618,Android,4G
20874,17619,Android,5G
20875,17620,iOS,4G
20876,17621,Android,WiFi
20877,17622,iOS,4G
20878,17623,iOS,5G
20879,17624,Android,5G
20880,17625,Android,5G
20881,17625,Android,3G
20882,17626,Android,4G
20883,17627,iOS,5G
20884,17628,iOS,WiFi
20885,17629,Android,WiFi
20886,17629,Android,WiFi
20887,17630,Android,4G
20888,17631,Android,4G
20889,17632,Android,4G
20890,17633,Android,4G
20891,17634,Android,5G
20892,17635,Android,5G
20893,17636,Android,4G
20894,17637,Android,5G
20895,17638,Android,5G
20896,17639,Android,4G
20897,17640,Android,3G
20898,17641,Android,WiFi
20899,17642,Android,5G
20900,17643,Android,WiFi
20901,17644,Android,5G
20902,17645,Android,3G
20903,17646,Android,5G
20904,17647,Android,5G
20905,17647,iOS,4G
20906,17648,Android,WiFi
20907,17649,Android,WiFi
20908,17650,Android,WiFi
20909,17651,Android,WiFi
20910,17652,iOS,4G
20911,17652,iOS,WiFi
20912,17653,iOS,WiFi
20913,17653,iOS,4G
20914,17654,Android,5G
20915,17655,iOS,4G
20916,17656,Android,4G
20917,17656,Android,4G
20918,17657,iOS,4G
20919,17657,Android,4G
20920,17658,Android,5G
20921,17659,Android,4G
20922,17659,Android,4G
20923,17660,Android,4G
20924,17661,Android,4G
20925,17661,Android,4G
20926,17662,iOS,4G
20927,17663,Android,5G
20928,17664,Android,4G
20929,17664,iOS,5G
20930,17665,Android,4G
20931,17666,Android,4G
20932,17667,iOS,WiFi
20933,17668,Android,4G
20934,17669,Android,4G
20935,17670,iOS,5G
20936,17671,Android,5G
20937,17672,Android,4G
20938,17673,Android,4G
20939,17674,iOS,5G
20940,17675,iOS,4G
20941,17675,Android,5G
20942,17676,Web,4G
20943,17677,iOS,4G
20944,17678,Android,4G
20945,17678,Android,WiFi
20946,17679,iOS,5G
20947,17680,Android,5G
20948,17681,Web,WiFi
20949,17682,Android,WiFi
20950,17683,Android,4G
20951,17684,iOS,4G
20952,17685,Web,5G
20953,17686,Android,4G
20954,17687,Android,4G
20955,17688,Android,3G
20956,17688,Android,4G
20957,17689,Android,4G
20958,17690,Android,5G
20959,17691,Android,WiFi
20960,17692,Android,5G
20961,17693,Android,4G
20962,17694,Android,4G
20963,17695,Android,4G
20964,17696,iOS,WiFi
20965,17697,Android,WiFi
20966,17698,Android,5G
20967,17699,Android,4G
20968,17700,Web,5G
20969,17701,Android,4G
20970,17702,Android,5G
20971,17703,Android,5G
20972,17704,Android,5G
20973,17704,Android,5G
20974,17705,Android,4G
20975,17705,Android,5G
20976,17706,Android,4G
20977,17707,Android,4G
20978,17707,Android,WiFi
20979,17708,Android,4G
20980,17709,Android,4G
20981,17710,Android,4G
20982,17710,Android,5G
20983,17711,Android,5G
20984,17712,Android,5G
20985,17712,Android,3G
20986,17713,Android,5G
20987,17714,Android,4G
20988,17715,Android,4G
20989,17716,iOS,WiFi
20990,17716,Android,5G
20991,17717,iOS,WiFi
20992,17718,Android,4G
20993,17719,Android,4G
20994,17719,Android,WiFi
20995,17720,Android,WiFi
20996,17720,iOS,4G
20997,17721,Android,WiFi
20998,17721,Android,5G
20999,17722,Android,4G
21000,17723,iOS,5G
21001,17723,iOS,4G
21002,17724,iOS,5G
21003,17725,iOS,4G
21004,17726,Android,4G
21005,17726,Android,4G
21006,17727,Android,4G
21007,17728,iOS,WiFi
21008,17728,Android,4G
21009,17729,Android,4G
21010,17730,iOS,5G
21011,17731,iOS,5G
21012,17732,Android,5G
21013,17732,Android,4G
21014,17733,iOS,4G
21015,17734,Android,4G
21016,17735,Android,WiFi
21017,17736,Android,4G
21018,17737,Android,4G
21019,17737,Android,4G
21020,17738,iOS,4G
21021,17739,Android,5G
21022,17740,Android,4G
21023,17741,Android,4G
21024,17742,iOS,4G
21025,17743,iOS,4G
21026,17744,Android,4G
21027,17745,Android,WiFi
21028,17746,Android,WiFi
21029,17747,Android,4G
21030,17748,Android,4G
21031,17748,Android,4G
21032,17749,Android,4G
21033,17750,Android,4G
21034,17751,Android,5G
21035,17751,Android,4G
21036,17752,Android,5G
21037,17753,iOS,5G
21038,17754,Android,5G
21039,17755,iOS,4G
21040,17756,Android,5G
21041,17757,Android,5G
21042,17757,Android,4G
21043,17758,Android,WiFi
21044,17759,Android,5G
21045,17760,iOS,5G
21046,17760,iOS,WiFi
21047,17761,Android,WiFi
21048,17762,Android,5G
21049,17763,Android,4G
21050,17764,iOS,5G
21051,17765,Android,WiFi
21052,17766,Android,4G
21053,17767,Android,5G
21054,17768,Android,5G
21055,17769,Android,5G
21056,17769,Android,5G
21057,17770,Android,4G
21058,17771,iOS,5G
21059,17772,Android,4G
21060,17773,iOS,4G
21061,17774,Android,WiFi
21062,17775,Android,WiFi
21063,17776,Android,4G
21064,17777,Android,4G
21065,17778,Android,4G
21066,17779,Android,4G
21067,17780,Android,5G
21068,17781,Android,4G
21069,17782,iOS,5G
21070,17783,Android,WiFi
21071,17784,Android,5G
21072,17785,Android,4G
21073,17786,Android,4G
21074,17787,Android,5G
21075,17788,Android,5G
21076,17789,Android,5G
21077,17790,iOS,5G
21078,17791,iOS,5G
21079,17792,Android,5G
21080,17792,iOS,4G
21081,17793,Android,WiFi
21082,17794,Android,4G
21083,17795,iOS,WiFi
21084,17796,iOS,5G
21085,17797,Android,3G
21086,17798,Android,4G
21087,17799,Android,5G
21088,17800,iOS,5G
21089,17801,Android,WiFi
21090,17801,Android,3G
21091,17802,Android,3G
21092,17803,iOS,4G
21093,17804,iOS,WiFi
21094,17805,Android,5G
21095,17806,iOS,4G
21096,17806,iOS,5G
21097,17807,Web,5G
21098,17808,Android,WiFi
21099,17809,iOS,5G
21100,17810,Android,WiFi
21101,17811,iOS,4G
21102,17812,Android,WiFi
21103,17813,Android,5G
21104,17814,Android,5G
21105,17815,Android,4G
21106,17816,Android,WiFi
21107,17817,Android,5G
21108,17818,Android,3G
21109,17819,Android,WiFi
21110,17820,iOS,WiFi
21111,17821,Android,4G
21112,17821,Android,5G
21113,17822,Android,4G
21114,17823,Android,WiFi
21115,17824,Android,4G
21116,17825,Android,WiFi
21117,17826,Android,WiFi
21118,17826,Android,5G
21119,17827,Android,4G
21120,17827,Web,4G
21121,17828,Android,4G
21122,17829,Android,WiFi
21123,17830,Android,4G
21124,17831,iOS,4G
21125,17832,iOS,WiFi
21126,17833,Android,5G
21127,17834,Android,5G
21128,17835,Android,WiFi
21129,17836,Android,5G
21130,17837,Android,4G
21131,17838,Android,WiFi
21132,17839,Android,4G
21133,17840,Android,4G
21134,17841,Android,4G
21135,17842,Android,WiFi
21136,17843,Android,5G
21137,17844,Web,5G
21138,17845,Android,WiFi
21139,17846,Android,WiFi
21140,17847,Android,4G
21141,17848,Android,4G
21142,17849,Android,4G
21143,17850,Android,WiFi
21144,17851,Android,4G
21145,17851,Android,5G
21146,17852,Android,4G
21147,17853,Android,4G
21148,17853,Android,5G
21149,17854,iOS,5G
21150,17855,Android,4G
21151,17855,iOS,4G
21152,17856,iOS,5G
21153,17857,iOS,4G
21154,17858,Android,5G
21155,17859,iOS,4G
21156,17860,Android,5G
21157,17861,Android,5G
21158,17862,Android,4G
21159,17863,iOS,WiFi
21160,17863,iOS,3G
21161,17864,Android,4G
21162,17865,Android,5G
21163,17866,Android,4G
21164,17867,iOS,4G
21165,17868,Android,4G
21166,17869,Android,5G
21167,17870,iOS,5G
21168,17871,Android,4G
21169,17871,Android,4G
21170,17872,Web,5G
21171,17873,Android,5G
21172,17873,Android,4G
21173,17874,Android,4G
21174,17875,Android,5G
21175,17876,Android,4G
21176,17877,Android,WiFi
21177,17878,Android,WiFi
21178,17879,Android,4G
21179,17880,Android,4G
21180,17881,iOS,5G
21181,17882,Android,4G
21182,17883,Android,4G
21183,17884,Android,4G
21184,17885,Android,WiFi
21185,17885,Android,WiFi
21186,17886,Android,4G
21187,17887,Android,5G
21188,17888,Android,4G
21189,17888,Android,4G
21190,17889,Android,4G
21191,17889,Android,4G
21192,17890,Android,5G
21193,17891,Android,WiFi
21194,17892,Android,5G
21195,17893,iOS,4G
21196,17894,iOS,5G
21197,17895,iOS,5G
21198,17895,Web,WiFi
21199,17896,Android,5G
21200,17897,iOS,4G
21201,17898,Android,4G
21202,17898,Android,WiFi
21203,17899,Android,4G
21204,17900,Android,4G
21205,17901,Android,4G
21206,17902,Android,5G
21207,17903,Android,5G
21208,17903,Android,5G
21209,17904,Android,4G
21210,17905,iOS,4G
21211,17906,Android,3G
21212,17907,Android,4G
21213,17908,Android,WiFi
21214,17909,Android,4G
21215,17910,Android,4G
21216,17910,Android,4G
21217,17911,Android,WiFi
21218,17912,Android,WiFi
21219,17913,Android,WiFi
21220,17914,Android,4G
21221,17915,Android,5G
21222,17916,Web,4G
21223,17917,Android,4G
21224,17918,Android,WiFi
21225,17919,Android,5G
21226,17920,Android,4G
21227,17921,Android,4G
21228,17922,Android,WiFi
21229,17923,Web,5G
21230,17924,Android,WiFi
21231,17925,iOS,5G
21232,17926,Android,5G
21233,17926,Android,4G
21234,17927,Android,5G
21235,17928,Android,4G
21236,17929,Android,5G
21237,17929,Android,5G
21238,17930,Android,5G
21239,17931,iOS,4G
21240,17932,Android,WiFi
21241,17932,Android,WiFi
21242,17933,iOS,5G
21243,17934,Android,5G
21244,17935,iOS,4G
21245,17936,Android,WiFi
21246,17937,Web,WiFi
21247,17938,Android,5G
21248,17939,Android,WiFi
21249,17940,iOS,5G
21250,17941,iOS,WiFi
21251,17942,Android,3G
21252,17943,iOS,4G
21253,17944,Android,5G
21254,17945,iOS,4G
21255,17946,Android,4G
21256,17947,Android,4G
21257,17948,Android,4G
21258,17948,Android,5G
21259,17949,Android,WiFi
21260,17950,Android,4G
21261,17951,Android,4G
21262,17952,Android,4G
21263,17953,Android,WiFi
21264,17954,Android,4G
21265,17955,Android,5G
21266,17956,iOS,WiFi
21267,17957,Android,4G
21268,17957,Android,WiFi
21269,17958,Android,4G
21270,17959,Web,4G
21271,17960,Android,WiFi
21272,17961,iOS,WiFi
21273,17962,Android,5G
21274,17963,Android,WiFi
21275,17964,Android,4G
21276,17965,Android,4G
21277,17966,Android,4G
21278,17967,Android,4G
21279,17967,iOS,4G
21280,17968,Android,WiFi
21281,17969,Android,5G
21282,17969,Android,4G
21283,17970,iOS,4G
21284,17971,Android,4G
21285,17972,Android,4G
21286,17973,Android,5G
21287,17974,Android,5G
21288,17975,Android,4G
21289,17976,Android,WiFi
21290,17977,Android,5G
21291,17978,Web,4G
21292,17979,Android,WiFi
21293,17979,Android,4G
21294,17980,Android,WiFi
21295,17980,iOS,4G
21296,17981,Android,WiFi
21297,17982,iOS,4G
21298,17983,iOS,4G
21299,17984,Android,3G
21300,17984,iOS,5G
21301,17985,Android,4G
21302,17986,iOS,4G
21303,17987,Android,4G
21304,17988,Android,WiFi
21305,17989,Android,4G
21306,17990,Android,5G
21307,17991,Android,4G
21308,17992,iOS,5G
21309,17992,iOS,WiFi
21310,17993,Android,5G
21311,17994,iOS,5G
21312,17995,Android,WiFi
21313,17995,Android,4G
21314,17996,Android,WiFi
21315,17996,Android,WiFi
21316,17997,iOS,5G
21317,17998,Android,WiFi
21318,17999,Android,WiFi
21319,18000,Android,WiFi
21320,18000,Android,4G
21321,18001,Android,4G
21322,18002,Android,5G
21323,18003,Android,5G
21324,18004,Android,5G
21325,18004,Android,4G
21326,18005,Android,WiFi
21327,18005,Android,5G
21328,18006,Android,4G
21329,18007,Android,4G
21330,18007,Android,WiFi
21331,18008,Android,4G
21332,18009,Android,5G
21333,18010,Android,5G
21334,18011,Android,WiFi
21335,18012,Android,4G
21336,18013,Android,4G
21337,18014,Android,WiFi
21338,18015,Android,5G
21339,18016,Android,5G
21340,18017,iOS,5G
21341,18018,Android,5G
21342,18019,Android,4G
21343,18019,Android,WiFi
21344,18020,iOS,4G
21345,18020,Android,5G
21346,18021,Android,4G
21347,18022,Android,4G
21348,18023,iOS,5G
21349,18024,Android,5G
21350,18025,Android,4G
21351,18026,iOS,WiFi
21352,18027,Android,WiFi
21353,18028,Android,WiFi
21354,18028,Android,5G
21355,18029,Android,5G
21356,18030,iOS,4G
21357,18031,Android,4G
21358,18031,Android,5G
21359,18032,Android,4G
21360,18033,Android,4G
21361,18033,Android,4G
21362,18034,Android,5G
21363,18035,Android,4G
21364,18036,Android,4G
21365,18036,Android,4G
21366,18037,iOS,WiFi
21367,18038,Android,5G
21368,18038,Android,4G
21369,18039,Android,4G
21370,18039,Android,WiFi
21371,18040,Android,4G
21372,18040,Android,WiFi
21373,18041,Android,5G
21374,18042,Android,4G
21375,18043,iOS,WiFi
21376,18044,Android,5G
21377,18045,iOS,4G
21378,18046,Android,3G
21379,18047,Android,5G
21380,18047,Android,5G
21381,18048,iOS,WiFi
21382,18049,iOS,WiFi
21383,18050,iOS,5G
21384,18051,Android,5G
21385,18052,Android,4G
21386,18053,Android,WiFi
21387,18054,Android,4G
21388,18055,Android,3G
21389,18056,Web,3G
21390,18057,Android,4G
21391,18058,Android,5G
21392,18059,Android,5G
21393,18059,Android,5G
21394,18060,Android,5G
21395,18061,Android,4G
21396,18062,Android,4G
21397,18063,Android,4G
21398,18064,iOS,WiFi
21399,18065,iOS,WiFi
21400,18066,iOS,4G
21401,18067,iOS,5G
21402,18067,Android,4G
21403,18068,Android,5G
21404,18069,Android,5G
21405,18070,Android,4G
21406,18071,Android,5G
21407,18072,Android,5G
21408,18073,Android,4G
21409,18074,Android,4G
21410,18075,Android,4G
21411,18075,Android,5G
21412,18076,Android,4G
21413,18076,iOS,WiFi
21414,18077,iOS,4G
21415,18078,Android,5G
21416,18078,iOS,4G
21417,18079,iOS,5G
21418,18080,iOS,4G
21419,18081,Android,4G
21420,18082,iOS,WiFi
21421,18083,Android,5G
21422,18084,Android,WiFi
21423,18085,Android,4G
21424,18085,Android,4G
21425,18086,Android,4G
21426,18087,Android,4G
21427,18087,iOS,WiFi
21428,18088,Android,4G
21429,18089,Android,WiFi
21430,18090,Android,4G
21431,18091,Android,4G
21432,18092,iOS,5G
21433,18093,Android,4G
21434,18093,Android,5G
21435,18094,Android,4G
21436,18094,Android,4G
21437,18095,Android,4G
21438,18096,Android,4G
21439,18096,Android,4G
21440,18097,Android,5G
21441,18098,Android,4G
21442,18099,Android,4G
21443,18100,Android,5G
21444,18101,iOS,4G
21445,18102,Android,3G
21446,18102,Android,4G
21447,18103,Android,5G
21448,18104,Android,3G
21449,18105,Android,4G
21450,18106,Android,5G
21451,18107,Android,4G
21452,18108,Android,4G
21453,18109,Android,4G
21454,18110,Android,5G
21455,18111,Android,3G
21456,18112,Android,5G
21457,18113,iOS,WiFi
21458,18114,Android,5G
21459,18115,Android,WiFi
21460,18116,Android,5G
21461,18116,iOS,4G
21462,18117,Android,4G
21463,18118,Web,5G
21464,18119,Web,5G
21465,18120,iOS,5G
21466,18120,Android,4G
21467,18121,Android,4G
21468,18122,Android,5G
21469,18123,Web,5G
21470,18124,Android,4G
21471,18125,Android,4G
21472,18126,Android,4G
21473,18127,Android,5G
21474,18128,Android,3G
21475,18129,Android,4G
21476,18130,Android,4G
21477,18131,Android,4G
21478,18131,Android,5G
21479,18132,iOS,5G
21480,18132,Android,4G
21481,18133,iOS,3G
21482,18133,Android,4G
21483,18134,Android,WiFi
21484,18135,iOS,4G
21485,18136,Android,4G
21486,18137,Android,WiFi
21487,18138,Android,WiFi
21488,18139,Android,5G
21489,18140,Android,5G
21490,18141,Android,5G
21491,18142,Android,WiFi
21492,18143,Android,5G
21493,18144,iOS,4G
21494,18145,iOS,WiFi
21495,18145,Android,4G
21496,18146,Android,4G
21497,18146,Android,5G
21498,18147,Android,4G
21499,18148,Android,4G
21500,18149,Android,5G
21501,18149,Android,5G
21502,18150,iOS,4G
21503,18151,Android,WiFi
21504,18152,Android,4G
21505,18152,Android,4G
21506,18153,Android,4G
21507,18154,Android,WiFi
21508,18155,Android,5G
21509,18156,Android,5G
21510,18157,Android,5G
21511,18158,iOS,3G
21512,18159,Android,5G
21513,18160,Android,3G
21514,18161,Android,5G
21515,18162,Android,5G
21516,18163,Android,5G
21517,18164,Android,4G
21518,18165,Android,5G
21519,18166,Android,4G
21520,18167,Android,WiFi
21521,18167,iOS,4G
21522,18168,Android,5G
21523,18169,iOS,4G
21524,18170,Android,4G
21525,18171,Android,5G
21526,18172,Android,4G
21527,18173,Android,4G
21528,18173,Android,4G
21529,18174,iOS,4G
21530,18175,Android,4G
21531,18176,iOS,4G
21532,18177,Android,4G
21533,18178,Android,4G
21534,18179,Android,5G
21535,18180,iOS,4G
21536,18181,Android,WiFi
21537,18182,Android,4G
21538,18183,Android,4G
21539,18184,Android,5G
21540,18185,Android,4G
21541,18186,Android,4G
21542,18186,iOS,5G
21543,18187,Android,4G
21544,18187,Android,5G
21545,18188,iOS,4G
21546,18188,Web,WiFi
21547,18189,Android,4G
21548,18189,Android,WiFi
21549,18190,Android,5G
21550,18190,Web,4G
21551,18191,Android,5G
21552,18192,iOS,4G
21553,18193,Android,4G
21554,18193,iOS,4G
21555,18194,Android,5G
21556,18195,Web,5G
21557,18196,iOS,4G
21558,18196,Android,5G
21559,18197,Android,4G
21560,18197,Android,4G
21561,18198,Android,WiFi
21562,18199,Android,4G
21563,18200,Web,4G
21564,18201,Android,4G
21565,18201,Android,5G
21566,18202,Android,5G
21567,18203,Android,5G
21568,18204,Android,5G
21569,18205,Android,5G
21570,18206,Android,5G
21571,18207,Android,5G
21572,18208,Android,4G
21573,18209,Android,WiFi
21574,18210,Android,4G
21575,18210,iOS,5G
21576,18211,Android,5G
21577,18211,Android,4G
21578,18212,Android,5G
21579,18213,iOS,4G
21580,18214,Android,WiFi
21581,18214,Android,5G
21582,18215,Android,WiFi
21583,18216,Android,4G
21584,18217,Android,4G
21585,18218,iOS,4G
21586,18219,Android,WiFi
21587,18220,Android,WiFi
21588,18221,iOS,5G
21589,18222,Web,WiFi
21590,18223,Android,4G
21591,18223,Web,4G
21592,18224,Android,WiFi
21593,18224,Android,WiFi
21594,18225,Android,5G
21595,18226,Android,5G
21596,18226,Android,5G
21597,18227,Android,WiFi
21598,18228,Web,WiFi
21599,18229,Android,4G
21600,18230,Android,WiFi
21601,18231,Android,3G
21602,18232,Android,5G
21603,18233,Android,WiFi
21604,18233,Android,4G
21605,18234,Android,4G
21606,18235,Android,4G
21607,18236,Android,5G
21608,18237,Android,4G
21609,18238,Android,4G
21610,18238,Android,4G
21611,18239,iOS,4G
21612,18240,Web,WiFi
21613,18240,Android,4G
21614,18241,Android,5G
21615,18242,iOS,5G
21616,18243,iOS,5G
21617,18244,Web,4G
21618,18245,Android,4G
21619,18246,Android,5G
21620,18247,Android,3G
21621,18248,Android,4G
21622,18248,Web,4G
21623,18249,Android,4G
21624,18250,Android,4G
21625,18250,Android,4G
21626,18251,Android,WiFi
21627,18251,Android,4G
21628,18252,Android,WiFi
21629,18253,Android,4G
21630,18254,Android,4G
21631,18255,Android,4G
21632,18256,Android,4G
21633,18257,iOS,4G
21634,18257,Android,4G
21635,18258,Android,4G
21636,18258,Android,WiFi
21637,18259,Android,4G
21638,18260,Android,5G
21639,18261,Android,WiFi
21640,18262,Android,5G
21641,18263,iOS,4G
21642,18264,Android,5G
21643,18265,Web,4G
21644,18266,Android,4G
21645,18267,Android,WiFi
21646,18268,Android,WiFi
21647,18269,iOS,WiFi
21648,18269,Android,WiFi
21649,18270,Android,5G
21650,18271,Android,WiFi
21651,18272,Android,WiFi
21652,18273,Android,5G
21653,18274,Android,5G
21654,18275,Android,4G
21655,18276,Android,4G
21656,18276,Android,5G
21657,18277,Android,4G
21658,18278,Android,5G
21659,18279,Android,WiFi
21660,18280,iOS,5G
21661,18280,Android,4G
21662,18281,Android,WiFi
21663,18281,Android,4G
21664,18282,iOS,4G
21665,18282,Android,WiFi
21666,18283,Android,4G
21667,18284,Android,4G
21668,18285,iOS,4G
21669,18285,iOS,4G
21670,18286,Web,WiFi
21671,18287,iOS,WiFi
21672,18288,Android,5G
21673,18289,iOS,5G
21674,18289,Android,5G
21675,18290,Android,WiFi
21676,18290,Android,4G
21677,18291,Android,WiFi
21678,18292,Android,4G
21679,18293,iOS,4G
21680,18294,Android,4G
21681,18295,Android,5G
21682,18295,Android,5G
21683,18296,iOS,4G
21684,18297,Android,5G
21685,18298,iOS,4G
21686,18299,Web,5G
21687,18300,Android,WiFi
21688,18301,Android,4G
21689,18302,Android,WiFi
21690,18302,Android,4G
21691,18303,Android,5G
21692,18304,iOS,5G
21693,18305,Android,4G
21694,18306,iOS,4G
21695,18307,Android,3G
21696,18307,Android,4G
21697,18308,Android,4G
21698,18309,Android,4G
21699,18310,Android,5G
21700,18310,Web,4G
21701,18311,iOS,4G
21702,18311,iOS,5G
21703,18312,Android,4G
21704,18313,iOS,5G
21705,18313,Android,5G
21706,18314,Android,5G
21707,18315,Android,5G
21708,18316,Android,4G
21709,18317,iOS,4G
21710,18318,Android,4G
21711,18319,Android,WiFi
21712,18320,Android,3G
21713,18321,iOS,5G
21714,18322,Android,4G
21715,18323,Android,WiFi
21716,18324,iOS,5G
21717,18325,Android,4G
21718,18326,Android,3G
21719,18326,iOS,4G
21720,18327,Android,WiFi
21721,18328,Android,4G
21722,18328,Android,5G
21723,18329,Android,4G
21724,18329,Android,4G
21725,18330,Android,WiFi
21726,18331,Android,4G
21727,18331,iOS,5G
21728,18332,Android,4G
21729,18333,Android,5G
21730,18333,iOS,5G
21731,18334,Android,4G
21732,18335,Android,5G
21733,18336,Android,5G
21734,18337,Android,WiFi
21735,18338,Android,4G
21736,18339,Android,5G
21737,18339,Android,WiFi
21738,18340,Android,5G
21739,18341,Android,4G
21740,18342,Android,5G
21741,18342,Android,4G
21742,18343,iOS,4G
21743,18343,Android,4G
21744,18344,iOS,4G
21745,18345,iOS,4G
21746,18346,Android,4G
21747,18347,Android,WiFi
21748,18348,Android,5G
21749,18349,Android,4G
21750,18349,Web,WiFi
21751,18350,Android,5G
21752,18351,iOS,4G
21753,18352,Android,4G
21754,18352,iOS,5G
21755,18353,Web,4G
21756,18354,Android,WiFi
21757,18355,Android,4G
21758,18356,Android,4G
21759,18357,Android,4G
21760,18357,iOS,4G
21761,18358,iOS,4G
21762,18358,iOS,5G
21763,18359,Android,5G
21764,18360,Android,5G
21765,18361,Android,5G
21766,18362,Android,4G
21767,18362,iOS,4G
21768,18363,Android,WiFi
21769,18363,Android,4G
21770,18364,Android,4G
21771,18364,Android,4G
21772,18365,Android,3G
21773,18365,Android,4G
21774,18366,Android,4G
21775,18367,Android,WiFi
21776,18367,Web,4G
21777,18368,Android,WiFi
21778,18369,iOS,4G
21779,18370,Android,5G
21780,18371,iOS,4G
21781,18372,Android,WiFi
21782,18373,Android,5G
21783,18374,Android,5G
21784,18375,iOS,4G
21785,18376,Android,4G
21786,18377,Android,3G
21787,18378,Android,3G
21788,18379,Android,4G
21789,18380,Android,5G
21790,18381,Android,5G
21791,18382,iOS,4G
21792,18383,iOS,4G
21793,18383,Android,WiFi
21794,18384,Android,5G
21795,18384,Android,4G
21796,18385,Web,4G
21797,18386,Android,4G
21798,18387,Android,4G
21799,18388,Android,5G
21800,18389,Android,5G
21801,18390,Android,4G
21802,18391,Android,4G
21803,18392,Android,WiFi
21804,18393,iOS,4G
21805,18394,iOS,WiFi
21806,18395,Android,WiFi
21807,18396,Android,5G
21808,18397,Android,4G
21809,18398,Web,4G
21810,18399,Android,4G
21811,18400,iOS,5G
21812,18401,Android,WiFi
21813,18401,Android,5G
21814,18402,Android,5G
21815,18402,Android,5G
21816,18403,Android,4G
21817,18404,Android,5G
21818,18404,Android,4G
21819,18405,iOS,5G
21820,18406,Android,5G
21821,18407,Android,4G
21822,18408,Android,5G
21823,18409,Android,4G
21824,18410,Android,5G
21825,18411,Android,5G
21826,18412,Android,5G
21827,18413,Android,5G
21828,18414,Android,WiFi
21829,18415,Android,WiFi
21830,18416,iOS,5G
21831,18416,Android,4G
21832,18417,Web,4G
21833,18418,Android,5G
21834,18419,Android,5G
21835,18420,Android,4G
21836,18421,Android,4G
21837,18422,Android,WiFi
21838,18423,Android,5G
21839,18424,iOS,4G
21840,18425,Android,5G
21841,18426,Android,4G
21842,18427,Web,5G
21843,18428,Android,4G
21844,18429,Android,3G
21845,18430,Android,5G
21846,18431,Android,5G
21847,18431,Android,WiFi
21848,18432,Android,4G
21849,18433,Android,5G
21850,18434,Android,3G
21851,18434,Android,WiFi
21852,18435,Android,4G
21853,18436,Android,5G
21854,18437,Android,4G
21855,18438,Android,5G
21856,18439,Android,4G
21857,18439,iOS,WiFi
21858,18440,Android,4G
21859,18440,Android,4G
21860,18441,Android,4G
21861,18442,Android,5G
21862,18442,Android,4G
21863,18443,iOS,WiFi
21864,18443,Android,4G
21865,18444,Android,5G
21866,18445,Android,4G
21867,18446,iOS,5G
21868,18447,Android,5G
21869,18447,Android,3G
21870,18448,Android,WiFi
21871,18449,Android,4G
21872,18450,Android,5G
21873,18450,Android,4G
21874,18451,Android,4G
21875,18452,Web,4G
21876,18453,Android,WiFi
21877,18454,Android,WiFi
21878,18455,Android,4G
21879,18456,Web,4G
21880,18457,Android,WiFi
21881,18457,Android,4G
21882,18458,Android,4G
21883,18459,Android,5G
21884,18460,iOS,4G
21885,18461,iOS,4G
21886,18462,iOS,5G
21887,18463,Android,5G
21888,18464,iOS,4G
21889,18465,Android,5G
21890,18466,iOS,WiFi
21891,18467,Android,4G
21892,18467,Android,4G
21893,18468,Android,5G
21894,18468,Android,WiFi
21895,18469,Android,5G
21896,18470,Android,WiFi
21897,18471,Android,5G
21898,18472,Android,5G
21899,18472,iOS,5G
21900,18473,iOS,5G
21901,18474,Android,WiFi
21902,18475,Android,WiFi
21903,18476,iOS,4G
21904,18477,Android,5G
21905,18477,iOS,4G
21906,18478,Android,4G
21907,18478,iOS,4G
21908,18479,Android,4G
21909,18479,Android,5G
21910,18480,Android,4G
21911,18480,iOS,WiFi
21912,18481,iOS,5G
21913,18481,Android,5G
21914,18482,Android,5G
21915,18483,Android,4G
21916,18484,Android,WiFi
21917,18485,Android,WiFi
21918,18486,iOS,4G
21919,18487,Android,WiFi
21920,18488,Android,4G
21921,18489,Android,4G
21922,18490,Android,4G
21923,18491,Android,WiFi
21924,18492,Android,5G
21925,18492,Android,5G
21926,18493,Android,WiFi
21927,18493,Android,4G
21928,18494,Android,4G
21929,18495,Android,5G
21930,18496,Android,5G
21931,18496,iOS,WiFi
21932,18497,Android,3G
21933,18498,Android,WiFi
21934,18499,Android,4G
21935,18500,Android,4G
21936,18501,Web,WiFi
21937,18502,Android,4G
21938,18503,Android,4G
21939,18504,Android,WiFi
21940,18505,Android,3G
21941,18506,iOS,4G
21942,18507,Android,4G
21943,18508,Android,3G
21944,18509,iOS,4G
21945,18510,Android,4G
21946,18511,iOS,WiFi
21947,18512,Android,WiFi
21948,18513,Android,3G
21949,18513,Android,WiFi
21950,18514,Android,5G
21951,18514,Android,5G
21952,18515,Android,WiFi
21953,18515,Android,WiFi
21954,18516,Android,5G
21955,18517,Android,4G
21956,18518,Android,5G
21957,18519,iOS,4G
21958,18520,Android,5G
21959,18521,Android,4G
21960,18522,iOS,WiFi
21961,18523,Android,4G
21962,18523,iOS,4G
21963,18524,Android,4G
21964,18524,Android,WiFi
21965,18525,iOS,5G
21966,18526,Android,4G
21967,18526,Android,4G
21968,18527,Android,5G
21969,18528,Android,4G
21970,18529,Android,4G
21971,18530,Android,4G
21972,18531,Android,4G
21973,18532,iOS,5G
21974,18533,Android,4G
21975,18534,iOS,4G
21976,18535,iOS,4G
21977,18536,Android,4G
21978,18537,Android,5G
21979,18538,iOS,4G
21980,18539,Android,4G
21981,18540,Android,WiFi
21982,18541,Android,WiFi
21983,18542,iOS,5G
21984,18542,Android,4G
21985,18543,Android,4G
21986,18544,Android,4G
21987,18544,iOS,5G
21988,18545,Android,4G
21989,18546,Web,4G
21990,18547,Android,4G
21991,18548,iOS,4G
21992,18549,Web,4G
21993,18550,Android,4G
21994,18551,iOS,WiFi
21995,18552,iOS,4G
21996,18553,Android,5G
21997,18553,Android,4G
21998,18554,iOS,4G
21999,18555,iOS,4G
22000,18556,Android,5G
22001,18556,Android,4G
22002,18557,iOS,4G
22003,18558,Android,4G
22004,18559,iOS,3G
22005,18560,Android,4G
22006,18561,iOS,4G
22007,18561,Android,4G
22008,18562,Android,3G
22009,18563,Android,5G
22010,18564,Android,WiFi
22011,18565,Android,4G
22012,18566,Android,WiFi
22013,18567,Android,WiFi
22014,18568,Android,5G
22015,18569,Android,5G
22016,18570,Android,5G
22017,18571,Android,4G
22018,18572,Android,5G
22019,18573,Android,WiFi
22020,18574,Android,4G
22021,18574,Android,4G
22022,18575,Android,4G
22023,18576,Android,4G
22024,18577,Android,5G
22025,18578,Android,5G
22026,18579,Android,3G
22027,18580,iOS,5G
22028,18581,Android,WiFi
22029,18582,Android,5G
22030,18583,Android,4G
22031,18584,Android,5G
22032,18585,Android,5G
22033,18586,Android,4G
22034,18586,Android,5G
22035,18587,iOS,5G
22036,18587,Android,4G
22037,18588,Android,5G
22038,18589,Android,4G
22039,18590,Android,5G
22040,18591,Android,4G
22041,18591,Android,4G
22042,18592,Android,4G
22043,18593,Android,5G
22044,18594,Android,5G
22045,18595,iOS,5G
22046,18596,Android,4G
22047,18596,Android,5G
22048,18597,Android,4G
22049,18598,iOS,4G
22050,18599,Android,WiFi
22051,18600,Android,4G
22052,18601,Android,5G
22053,18602,Android,WiFi
22054,18603,iOS,WiFi
22055,18604,Web,WiFi
22056,18605,Android,4G
22057,18606,Android,WiFi
22058,18607,Android,4G
22059,18608,Android,4G
22060,18609,Android,4G
22061,18609,iOS,WiFi
22062,18610,Android,5G
22063,18611,iOS,5G
22064,18611,Android,4G
22065,18612,Android,WiFi
22066,18613,Android,5G
22067,18614,iOS,5G
22068,18615,Android,5G
22069,18616,iOS,5G
22070,18617,iOS,4G
22071,18617,iOS,4G
22072,18618,Android,4G
22073,18619,Android,5G
22074,18620,iOS,4G
22075,18621,iOS,4G
22076,18622,Android,4G
22077,18623,Android,5G
22078,18624,Android,4G
22079,18624,Android,4G
22080,18625,Android,4G
22081,18626,Android,4G
22082,18627,Android,4G
22083,18628,iOS,4G
22084,18628,Android,3G
22085,18629,Android,4G
22086,18630,Android,4G
22087,18631,Android,4G
22088,18632,Android,WiFi
22089,18633,Android,WiFi
22090,18634,Android,4G
22091,18635,iOS,5G
22092,18636,iOS,4G
22093,18637,Android,WiFi
22094,18637,Android,5G
22095,18638,Android,4G
22096,18639,Android,4G
22097,18640,iOS,4G
22098,18641,Android,5G
22099,18642,iOS,5G
22100,18643,Android,5G
22101,18644,iOS,5G
22102,18645,Android,4G
22103,18645,Android,WiFi
22104,18646,iOS,4G
22105,18647,Android,4G
22106,18648,Android,4G
22107,18649,Android,4G
22108,18650,Android,WiFi
22109,18651,Android,4G
22110,18652,Android,WiFi
22111,18653,Android,4G
22112,18654,Android,4G
22113,18655,Android,5G
22114,18656,Android,5G
22115,18657,Android,4G
22116,18657,Android,WiFi
22117,18658,Android,WiFi
22118,18659,Android,4G
22119,18660,iOS,4G
22120,18661,Android,4G
22121,18662,iOS,4G
22122,18663,iOS,4G
22123,18664,Android,WiFi
22124,18665,Android,4G
22125,18666,Android,5G
22126,18667,Android,5G
22127,18668,Android,WiFi
22128,18669,Android,3G
22129,18670,Android,WiFi
22130,18671,Android,5G
22131,18671,Android,WiFi
22132,18672,Android,5G
22133,18673,Android,5G
22134,18674,Android,4G
22135,18675,Android,4G
22136,18676,Android,4G
22137,18676,Android,4G
22138,18677,Android,WiFi
22139,18678,iOS,5G
22140,18679,Android,WiFi
22141,18680,Android,4G
22142,18681,Android,5G
22143,18682,iOS,4G
22144,18683,Android,4G
22145,18684,Android,5G
22146,18685,Android,4G
22147,18686,Android,5G
22148,18686,Android,4G
22149,18687,Android,5G
22150,18688,Android,5G
22151,18689,Android,5G
22152,18690,Android,4G
22153,18691,Android,5G
22154,18692,Android,WiFi
22155,18692,Android,4G
22156,18693,Android,4G
22157,18694,Android,4G
22158,18695,Android,5G
22159,18696,iOS,4G
22160,18697,Android,4G
22161,18698,iOS,5G
22162,18699,Android,WiFi
22163,18700,Android,WiFi
22164,18701,Android,4G
22165,18702,Android,WiFi
22166,18702,Android,5G
22167,18703,Android,5G
22168,18704,Android,3G
22169,18704,Android,4G
22170,18705,iOS,4G
22171,18705,Android,5G
22172,18706,Android,3G
22173,18706,iOS,5G
22174,18707,Android,5G
22175,18708,Android,4G
22176,18709,iOS,4G
22177,18710,Android,4G
22178,18710,iOS,4G
22179,18711,Android,4G
22180,18711,iOS,4G
22181,18712,Web,WiFi
22182,18713,Android,5G
22183,18714,Android,4G
22184,18714,Android,4G
22185,18715,Android,4G
22186,18716,iOS,4G
22187,18717,iOS,4G
22188,18718,Android,4G
22189,18719,iOS,5G
22190,18719,Android,4G
22191,18720,Android,4G
22192,18720,Android,5G
22193,18721,Android,4G
22194,18722,iOS,4G
22195,18723,Android,WiFi
22196,18724,Android,4G
22197,18724,Android,5G
22198,18725,Android,5G
22199,18726,Android,4G
22200,18726,Android,WiFi
22201,18727,Android,5G
22202,18728,Android,4G
22203,18729,Android,3G
22204,18729,Android,4G
22205,18730,iOS,4G
22206,18731,Android,5G
22207,18732,Android,4G
22208,18733,Android,3G
22209,18734,Android,5G
22210,18735,Android,4G
22211,18736,Android,WiFi
22212,18737,Android,3G
22213,18738,iOS,4G
22214,18739,Android,4G
22215,18740,Android,WiFi
22216,18741,Android,4G
22217,18742,Android,5G
22218,18743,iOS,4G
22219,18744,Android,WiFi
22220,18745,iOS,4G
22221,18746,Android,4G
22222,18747,Android,5G
22223,18748,Android,WiFi
22224,18749,Android,3G
22225,18750,Android,4G
22226,18751,iOS,5G
22227,18752,Android,5G
22228,18753,Android,5G
22229,18753,Android,5G
22230,18754,Android,4G
22231,18755,Android,5G
22232,18756,iOS,5G
22233,18757,Android,4G
22234,18758,Android,WiFi
22235,18759,Android,4G
22236,18760,Android,4G
22237,18761,Android,4G
22238,18762,Android,WiFi
22239,18763,Android,4G
22240,18764,iOS,WiFi
22241,18765,Android,5G
22242,18766,Android,4G
22243,18767,Android,4G
22244,18768,Android,5G
22245,18769,Android,5G
22246,18770,Android,5G
22247,18771,Android,5G
22248,18772,Android,5G
22249,18773,iOS,WiFi
22250,18773,Android,4G
22251,18774,Android,5G
22252,18775,Android,WiFi
22253,18775,Android,WiFi
22254,18776,Android,5G
22255,18776,iOS,4G
22256,18777,iOS,4G
22257,18778,Android,WiFi
22258,18778,Android,WiFi
22259,18779,Android,4G
22260,18780,Android,4G
22261,18781,iOS,5G
22262,18782,Android,4G
22263,18782,Android,4G
22264,18783,iOS,4G
22265,18784,Android,5G
22266,18784,Android,5G
22267,18785,Android,3G
22268,18786,Android,WiFi
22269,18787,Android,5G
22270,18788,Android,WiFi
22271,18788,Android,4G
22272,18789,Android,5G
22273,18790,Android,5G
22274,18791,Android,4G
22275,18792,Android,4G
22276,18793,Android,5G
22277,18794,Android,4G
22278,18795,Android,4G
22279,18796,Android,5G
22280,18797,Android,4G
22281,18798,Android,4G
22282,18799,Android,4G
22283,18799,Android,4G
22284,18800,Android,WiFi
22285,18800,Android,WiFi
22286,18801,Android,WiFi
22287,18802,Android,5G
22288,18803,Android,3G
22289,18804,Android,4G
22290,18804,Android,WiFi
22291,18805,Android,WiFi
22292,18806,Android,5G
22293,18807,Android,4G
22294,18808,Android,4G
22295,18809,Android,5G
22296,18810,Android,WiFi
22297,18811,Web,5G
22298,18812,Android,4G
22299,18813,iOS,4G
22300,18814,Android,4G
22301,18815,Android,4G
22302,18816,iOS,WiFi
22303,18817,Android,4G
22304,18818,Android,5G
22305,18819,Android,WiFi
22306,18820,Android,WiFi
22307,18821,iOS,4G
22308,18822,Android,5G
22309,18823,Android,5G
22310,18824,Android,WiFi
22311,18824,Android,5G
22312,18825,iOS,5G
22313,18826,iOS,4G
22314,18827,Android,WiFi
22315,18827,Android,4G
22316,18828,Android,WiFi
22317,18829,Android,4G
22318,18830,Android,5G
22319,18831,Android,4G
22320,18832,iOS,4G
22321,18833,Web,3G
22322,18834,Android,5G
22323,18835,Android,WiFi
22324,18836,Android,4G
22325,18837,Android,4G
22326,18838,Android,4G
22327,18839,Android,4G
22328,18840,Android,4G
22329,18841,Android,5G
22330,18842,Android,5G
22331,18842,Android,5G
22332,18843,Web,4G
22333,18844,Android,5G
22334,18845,Android,WiFi
22335,18846,Android,WiFi
22336,18847,Android,4G
22337,18848,Android,4G
22338,18849,Android,4G
22339,18849,Android,4G
22340,18850,Android,4G
22341,18851,Android,4G
22342,18852,Android,WiFi
22343,18853,Android,WiFi
22344,18853,iOS,4G
22345,18854,Android,4G
22346,18855,Web,5G
22347,18856,Android,5G
22348,18857,Android,4G
22349,18858,iOS,WiFi
22350,18859,Android,5G
22351,18860,Android,4G
22352,18861,Android,4G
22353,18862,iOS,5G
22354,18863,Android,4G
22355,18864,Android,5G
22356,18865,Android,4G
22357,18866,Android,WiFi
22358,18867,Android,5G
22359,18868,Android,5G
22360,18869,Android,3G
22361,18870,Android,3G
22362,18871,Android,4G
22363,18872,Android,4G
22364,18873,Android,5G
22365,18874,Android,4G
22366,18875,Android,4G
22367,18876,iOS,5G
22368,18877,iOS,5G
22369,18877,Android,WiFi
22370,18878,Android,4G
22371,18879,Android,WiFi
22372,18880,Android,4G
22373,18881,Android,WiFi
22374,18882,Android,WiFi
22375,18883,Android,4G
22376,18884,Android,5G
22377,18885,Android,4G
22378,18886,Android,4G
22379,18887,Android,4G
22380,18888,Android,4G
22381,18889,iOS,4G
22382,18890,Web,5G
22383,18891,Android,4G
22384,18892,Android,4G
22385,18893,Android,4G
22386,18894,Android,4G
22387,18894,Android,4G
22388,18895,Android,WiFi
22389,18896,Android,5G
22390,18897,Android,5G
22391,18898,Android,4G
22392,18899,iOS,4G
22393,18900,Android,4G
22394,18901,Android,4G
22395,18902,iOS,WiFi
22396,18903,Android,5G
22397,18904,iOS,4G
22398,18904,Android,5G
22399,18905,iOS,5G
22400,18906,Android,4G
22401,18907,Android,4G
22402,18908,iOS,5G
22403,18909,Android,4G
22404,18910,iOS,4G
22405,18911,Android,5G
22406,18912,Android,4G
22407,18913,Android,WiFi
22408,18913,iOS,5G
22409,18914,iOS,5G
22410,18915,Android,5G
22411,18916,Android,4G
22412,18917,iOS,5G
22413,18918,Android,4G
22414,18919,Android,4G
22415,18920,Android,4G
22416,18920,Android,5G
22417,18921,Android,5G
22418,18921,Android,WiFi
22419,18922,Android,4G
22420,18923,Android,5G
22421,18924,iOS,WiFi
22422,18924,Android,5G
22423,18925,iOS,4G
22424,18926,Android,WiFi
22425,18927,Android,4G
22426,18928,Android,3G
22427,18929,Android,4G
22428,18930,Android,5G
22429,18931,Android,5G
22430,18932,iOS,5G
22431,18933,Android,3G
22432,18934,iOS,4G
22433,18935,Android,4G
22434,18936,iOS,4G
22435,18937,Android,4G
22436,18938,Android,5G
22437,18939,Android,4G
22438,18939,Android,4G
22439,18940,Android,5G
22440,18941,Android,4G
22441,18942,Android,3G
22442,18942,Android,3G
22443,18943,Android,4G
22444,18944,Android,4G
22445,18944,Android,4G
22446,18945,Android,5G
22447,18945,Android,4G
22448,18946,Android,4G
22449,18947,Android,4G
22450,18948,iOS,WiFi
22451,18949,Android,5G
22452,18950,Android,3G
22453,18951,iOS,4G
22454,18952,Android,4G
22455,18953,iOS,4G
22456,18954,Android,5G
22457,18955,Android,3G
22458,18956,Android,5G
22459,18957,Android,4G
22460,18958,Web,5G
22461,18959,Android,4G
22462,18960,Web,5G
22463,18961,Android,WiFi
22464,18962,Android,WiFi
22465,18963,Android,5G
22466,18964,Android,3G
22467,18965,Android,5G
22468,18966,Android,5G
22469,18966,Android,4G
22470,18967,iOS,5G
22471,18967,Android,4G
22472,18968,Android,4G
22473,18969,iOS,4G
22474,18970,Android,5G
22475,18971,Android,4G
22476,18972,Android,5G
22477,18973,Android,4G
22478,18974,Android,4G
22479,18975,Android,WiFi
22480,18975,Android,5G
22481,18976,iOS,4G
22482,18977,Android,4G
22483,18978,Android,4G
22484,18979,Android,5G
22485,18979,Android,4G
22486,18980,Android,5G
22487,18981,Android,5G
22488,18982,Android,5G
22489,18983,iOS,WiFi
22490,18984,Android,5G
22491,18985,Android,4G
22492,18986,Android,3G
22493,18987,Android,WiFi
22494,18988,Android,5G
22495,18989,iOS,4G
22496,18990,Android,4G
22497,18991,Android,5G
22498,18992,Android,5G
22499,18993,Android,WiFi
22500,18994,Android,5G
22501,18994,iOS,5G
22502,18995,Android,5G
22503,18996,Android,4G
22504,18997,iOS,3G
22505,18998,Web,4G
22506,18999,Android,WiFi
22507,19000,Android,4G
22508,19001,Android,5G
22509,19002,Android,4G
22510,19003,Android,4G
22511,19004,Android,4G
22512,19005,Android,3G
22513,19006,Android,4G
22514,19007,iOS,4G
22515,19008,Android,4G
22516,19009,Android,4G
22517,19010,Android,5G
22518,19011,Android,4G
22519,19012,Android,WiFi
22520,19012,Android,4G
22521,19013,Android,4G
22522,19014,Android,4G
22523,19015,Web,4G
22524,19015,Android,4G
22525,19016,Android,4G
22526,19017,Android,4G
22527,19017,iOS,4G
22528,19018,Android,5G
22529,19019,Android,4G
22530,19020,Android,5G
22531,19020,Android,WiFi
22532,19021,Android,4G
22533,19022,Android,5G
22534,19023,Android,5G
22535,19024,Android,4G
22536,19025,Android,4G
22537,19026,Android,4G
22538,19027,Android,5G
22539,19028,iOS,4G
22540,19029,Android,5G
22541,19030,Android,4G
22542,19031,Android,5G
22543,19032,Android,4G
22544,19033,Android,4G
22545,19034,Android,5G
22546,19035,Android,3G
22547,19036,Android,5G
22548,19037,Android,5G
22549,19038,iOS,5G
22550,19039,iOS,4G
22551,19040,Android,WiFi
22552,19040,iOS,4G
22553,19041,Android,4G
22554,19041,Web,4G
22555,19042,Android,5G
22556,19043,iOS,4G
22557,19044,Android,5G
22558,19045,Android,WiFi
22559,19046,Android,4G
22560,19047,iOS,5G
22561,19048,Android,4G
22562,19048,Android,5G
22563,19049,iOS,4G
22564,19049,Android,4G
22565,19050,Android,3G
22566,19051,Android,WiFi
22567,19051,Android,5G
22568,19052,Android,WiFi
22569,19053,Android,5G
22570,19054,Android,WiFi
22571,19055,Android,WiFi
22572,19056,Android,4G
22573,19057,Android,4G
22574,19057,Android,4G
22575,19058,Android,4G
22576,19059,Android,4G
22577,19060,Android,4G
22578,19061,Android,4G
22579,19062,iOS,5G
22580,19063,Android,4G
22581,19064,iOS,4G
22582,19065,iOS,5G
22583,19066,Android,WiFi
22584,19066,Android,4G
22585,19067,Android,4G
22586,19068,Android,4G
22587,19069,iOS,5G
22588,19069,Android,3G
22589,19070,Android,4G
22590,19071,Android,4G
22591,19072,Android,4G
22592,19073,Android,5G
22593,19074,Android,4G
22594,19074,Android,4G
22595,19075,iOS,WiFi
22596,19076,iOS,4G
22597,19077,Android,4G
22598,19078,Android,4G
22599,19079,Android,WiFi
22600,19080,iOS,4G
22601,19081,Android,5G
22602,19082,Android,4G
22603,19083,Android,3G
22604,19084,Android,4G
22605,19084,Android,5G
22606,19085,Android,4G
22607,19085,Web,5G
22608,19086,Android,5G
22609,19087,Android,4G
22610,19087,Android,4G
22611,19088,Android,5G
22612,19089,Android,4G
22613,19090,Android,WiFi
22614,19091,Android,4G
22615,19092,Android,WiFi
22616,19093,iOS,4G
22617,19094,Android,5G
22618,19094,Android,5G
22619,19095,Android,5G
22620,19096,Android,5G
22621,19096,iOS,4G
22622,19097,iOS,4G
22623,19098,Android,WiFi
22624,19099,Android,4G
22625,19099,Android,4G
22626,19100,Android,4G
22627,19101,Android,WiFi
22628,19102,Android,5G
22629,19103,Android,4G
22630,19103,Android,4G
22631,19104,Android,3G
22632,19105,Android,4G
22633,19106,Web,WiFi
22634,19107,Android,3G
22635,19108,Android,4G
22636,19109,Android,5G
22637,19110,Android,5G
22638,19111,Android,4G
22639,19112,iOS,5G
22640,19112,Android,5G
22641,19113,Android,WiFi
22642,19114,Android,4G
22643,19115,Android,4G
22644,19116,Android,5G
22645,19117,Android,4G
22646,19118,iOS,4G
22647,19119,iOS,4G
22648,19119,iOS,WiFi
22649,19120,iOS,5G
22650,19121,Android,5G
22651,19122,iOS,4G
22652,19123,Android,4G
22653,19123,Android,4G
22654,19124,iOS,4G
22655,19125,Android,5G
22656,19126,Android,WiFi
22657,19127,Android,4G
22658,19128,Android,WiFi
22659,19129,Android,4G
22660,19130,iOS,4G
22661,19131,Android,5G
22662,19132,Android,4G
22663,19133,Android,WiFi
22664,19133,Android,4G
22665,19134,iOS,4G
22666,19135,Android,4G
22667,19136,Android,4G
22668,19137,Android,WiFi
22669,19137,Android,WiFi
22670,19138,Android,5G
22671,19139,Android,5G
22672,19140,Android,WiFi
22673,19141,Android,4G
22674,19142,Android,4G
22675,19143,Android,5G
22676,19143,Android,WiFi
22677,19144,Android,WiFi
22678,19145,iOS,WiFi
22679,19146,Android,5G
22680,19147,iOS,4G
22681,19148,Android,WiFi
22682,19148,Android,WiFi
22683,19149,iOS,4G
22684,19150,Android,5G
22685,19151,Android,WiFi
22686,19152,iOS,4G
22687,19153,Android,4G
22688,19154,Android,4G
22689,19155,Android,5G
22690,19156,Android,4G
22691,19157,Android,5G
22692,19158,Android,5G
22693,19159,iOS,4G
22694,19160,Android,4G
22695,19161,Android,4G
22696,19162,Android,WiFi
22697,19162,iOS,WiFi
22698,19163,Android,4G
22699,19164,iOS,4G
22700,19165,Android,4G
22701,19165,Android,4G
22702,19166,Android,5G
22703,19167,Web,5G
22704,19168,Web,4G
22705,19169,Android,5G
22706,19170,iOS,WiFi
22707,19171,Android,5G
22708,19171,Android,4G
22709,19172,Android,4G
22710,19173,iOS,3G
22711,19173,Android,4G
22712,19174,Android,4G
22713,19175,Android,4G
22714,19176,Android,5G
22715,19177,Android,5G
22716,19177,Android,4G
22717,19178,Android,4G
22718,19179,Android,WiFi
22719,19180,iOS,5G
22720,19180,Android,4G
22721,19181,Android,4G
22722,19182,Android,4G
22723,19183,Android,WiFi
22724,19183,iOS,4G
22725,19184,Android,4G
22726,19185,Android,4G
22727,19186,iOS,3G
22728,19187,Android,5G
22729,19187,Android,WiFi
22730,19188,Android,4G
22731,19188,Android,4G
22732,19189,Android,WiFi
22733,19190,Android,WiFi
22734,19191,iOS,3G
22735,19192,Android,4G
22736,19192,Android,4G
22737,19193,Android,4G
22738,19193,Android,5G
22739,19194,iOS,WiFi
22740,19194,Android,5G
22741,19195,Android,4G
22742,19196,iOS,4G
22743,19197,Android,WiFi
22744,19198,Android,4G
22745,19199,iOS,WiFi
22746,19200,Android,5G
22747,19201,Android,5G
22748,19202,Android,WiFi
22749,19203,Android,4G
22750,19204,iOS,4G
22751,19205,Android,5G
22752,19206,Android,5G
22753,19206,Android,WiFi
22754,19207,Android,WiFi
22755,19207,iOS,4G
22756,19208,iOS,4G
22757,19209,Android,WiFi
22758,19210,Android,4G
22759,19211,iOS,3G
22760,19212,Android,4G
22761,19213,Android,4G
22762,19214,Android,4G
22763,19214,Android,WiFi
22764,19215,Android,3G
22765,19215,iOS,3G
22766,19216,Android,5G
22767,19217,Android,5G
22768,19218,Android,5G
22769,19219,Android,WiFi
22770,19220,Android,4G
22771,19221,Android,4G
22772,19222,Android,4G
22773,19223,Android,4G
22774,19224,Android,WiFi
22775,19225,Android,4G
22776,19226,Android,3G
22777,19227,Android,4G
22778,19228,iOS,4G
22779,19229,Android,5G
22780,19230,Android,5G
22781,19231,Android,WiFi
22782,19232,Android,5G
22783,19233,Android,5G
22784,19233,Web,WiFi
22785,19234,Android,WiFi
22786,19235,Android,4G
22787,19236,Android,5G
22788,19237,Android,WiFi
22789,19238,Android,5G
22790,19239,Android,4G
22791,19240,iOS,5G
22792,19241,Android,5G
22793,19242,Android,5G
22794,19243,iOS,5G
22795,19244,Android,5G
22796,19244,Android,5G
22797,19245,Android,4G
22798,19246,Android,5G
22799,19247,Android,5G
22800,19248,Android,4G
22801,19249,Android,3G
22802,19250,Android,4G
22803,19251,iOS,4G
22804,19252,Android,WiFi
22805,19253,Android,5G
22806,19254,Android,WiFi
22807,19255,iOS,3G
22808,19256,iOS,4G
22809,19257,Android,4G
22810,19258,Android,4G
22811,19259,iOS,4G
22812,19259,Android,4G
22813,19260,Android,5G
22814,19261,Android,WiFi
22815,19262,Android,4G
22816,19263,Android,4G
22817,19263,Android,4G
22818,19264,Android,5G
22819,19264,Android,4G
22820,19265,Android,3G
22821,19266,Android,WiFi
22822,19266,Android,WiFi
22823,19267,iOS,5G
22824,19267,Android,4G
22825,19268,Android,4G
22826,19269,Android,3G
22827,19270,Android,4G
22828,19271,Android,4G
22829,19272,Android,5G
22830,19273,iOS,4G
22831,19274,Android,4G
22832,19275,Android,4G
22833,19276,Web,5G
22834,19277,Android,5G
22835,19278,Android,4G
22836,19279,Android,4G
22837,19280,Android,5G
22838,19280,iOS,4G
22839,19281,Android,4G
22840,19281,Android,4G
22841,19282,Android,WiFi
22842,19282,Android,4G
22843,19283,Android,4G
22844,19284,Android,4G
22845,19285,Android,4G
22846,19286,Android,5G
22847,19287,Android,4G
22848,19288,Android,WiFi
22849,19289,Web,WiFi
22850,19290,Android,4G
22851,19290,Android,5G
22852,19291,Android,WiFi
22853,19292,iOS,4G
22854,19292,Android,3G
22855,19293,Android,WiFi
22856,19294,Android,WiFi
22857,19294,Android,WiFi
22858,19295,iOS,4G
22859,19296,Android,5G
22860,19297,Android,5G
22861,19297,Android,5G
22862,19298,iOS,4G
22863,19299,Android,4G
22864,19300,Android,5G
22865,19301,Android,5G
22866,19302,Android,5G
22867,19303,Android,4G
22868,19304,Android,WiFi
22869,19305,Web,4G
22870,19305,Android,4G
22871,19306,Android,WiFi
22872,19307,Android,WiFi
22873,19308,Android,WiFi
22874,19309,Android,WiFi
22875,19310,Android,4G
22876,19311,Android,5G
22877,19312,Android,5G
22878,19313,iOS,4G
22879,19314,Android,5G
22880,19315,Android,5G
22881,19316,Android,4G
22882,19317,iOS,5G
22883,19317,iOS,4G
22884,19318,Android,WiFi
22885,19318,Android,5G
22886,19319,Android,4G
22887,19319,Android,WiFi
22888,19320,Android,5G
22889,19321,Android,4G
22890,19322,Android,4G
22891,19323,Android,4G
22892,19323,Android,WiFi
22893,19324,Android,WiFi
22894,19325,Android,5G
22895,19326,Android,5G
22896,19327,Android,WiFi
22897,19328,Android,5G
22898,19329,Android,5G
22899,19330,Android,4G
22900,19331,Android,4G
22901,19332,iOS,4G
22902,19333,Android,WiFi
22903,19334,Web,5G
22904,19335,Android,WiFi
22905,19336,Android,WiFi
22906,19337,Android,4G
22907,19338,Android,4G
22908,19338,Android,4G
22909,19339,iOS,5G
22910,19340,Web,5G
22911,19341,Android,4G
22912,19341,Android,WiFi
22913,19342,Android,WiFi
22914,19343,Android,4G
22915,19344,Android,WiFi
22916,19345,Web,5G
22917,19346,Android,4G
22918,19347,Android,5G
22919,19348,iOS,5G
22920,19348,Android,WiFi
22921,19349,Android,3G
22922,19349,Android,4G
22923,19350,Android,WiFi
22924,19351,Android,4G
22925,19352,Android,4G
22926,19353,Android,5G
22927,19354,Android,5G
22928,19354,Android,5G
22929,19355,Android,4G
22930,19356,iOS,4G
22931,19357,Android,5G
22932,19358,Android,WiFi
22933,19358,Android,4G
22934,19359,Android,4G
22935,19360,Android,4G
22936,19361,Android,4G
22937,19362,iOS,WiFi
22938,19363,iOS,5G
22939,19364,iOS,4G
22940,19365,Android,4G
22941,19366,iOS,WiFi
22942,19367,Android,4G
22943,19367,Android,4G
22944,19368,Web,4G
22945,19369,Android,3G
22946,19370,Android,4G
22947,19371,Android,WiFi
22948,19372,Android,4G
22949,19373,Android,5G
22950,19374,Android,4G
22951,19375,Android,WiFi
22952,19376,Android,4G
22953,19377,Android,4G
22954,19377,Android,4G
22955,19378,iOS,5G
22956,19379,iOS,WiFi
22957,19380,iOS,3G
22958,19381,Android,4G
22959,19381,Android,4G
22960,19382,Android,3G
22961,19383,Android,4G
22962,19384,Android,4G
22963,19385,iOS,4G
22964,19386,iOS,WiFi
22965,19387,iOS,4G
22966,19388,Android,4G
22967,19388,Android,4G
22968,19389,iOS,WiFi
22969,19390,iOS,5G
22970,19391,iOS,5G
22971,19392,Android,WiFi
22972,19393,Android,5G
22973,19394,iOS,5G
22974,19395,Android,3G
22975,19396,Android,5G
22976,19397,Android,5G
22977,19398,Android,WiFi
22978,19399,Android,WiFi
22979,19400,Android,WiFi
22980,19401,iOS,4G
22981,19402,Android,5G
22982,19403,Android,4G
22983,19403,Web,WiFi
22984,19404,Web,5G
22985,19405,iOS,4G
22986,19405,Android,WiFi
22987,19406,Android,5G
22988,19407,Android,5G
22989,19408,Android,4G
22990,19409,Android,4G
22991,19410,Android,4G
22992,19411,Android,5G
22993,19412,Android,WiFi
22994,19413,Android,5G
22995,19413,iOS,5G
22996,19414,iOS,4G
22997,19415,Android,WiFi
22998,19416,Android,5G
22999,19416,Android,WiFi
23000,19417,iOS,4G
23001,19418,Android,WiFi
23002,19419,Android,4G
23003,19420,iOS,WiFi
23004,19421,Android,5G
23005,19421,Android,WiFi
23006,19422,Android,5G
23007,19423,iOS,WiFi
23008,19424,iOS,WiFi
23009,19425,Android,WiFi
23010,19426,iOS,4G
23011,19427,Android,4G
23012,19428,Android,5G
23013,19429,Android,5G
23014,19430,iOS,WiFi
23015,19431,Android,4G
23016,19432,Android,5G
23017,19433,iOS,4G
23018,19434,Android,WiFi
23019,19435,Android,5G
23020,19436,Android,3G
23021,19437,iOS,4G
23022,19438,Android,3G
23023,19439,Android,WiFi
23024,19440,Android,WiFi
23025,19441,Android,5G
23026,19442,Android,WiFi
23027,19443,Android,5G
23028,19444,Android,WiFi
23029,19445,Android,WiFi
23030,19446,Android,5G
23031,19447,iOS,5G
23032,19448,Android,4G
23033,19449,Android,4G
23034,19450,Web,4G
23035,19451,iOS,5G
23036,19451,Android,5G
23037,19452,Android,3G
23038,19453,iOS,5G
23039,19454,Android,3G
23040,19455,Android,4G
23041,19456,Android,WiFi
23042,19457,Android,4G
23043,19458,Android,3G
23044,19458,Android,5G
23045,19459,iOS,4G
23046,19460,iOS,4G
23047,19461,Android,WiFi
23048,19462,Android,4G
23049,19462,iOS,WiFi
23050,19463,Android,5G
23051,19464,Android,5G
23052,19465,iOS,WiFi
23053,19466,Android,4G
23054,19467,Android,4G
23055,19468,Android,5G
23056,19469,Android,4G
23057,19470,Android,WiFi
23058,19471,Android,WiFi
23059,19472,Android,4G
23060,19472,Android,3G
23061,19473,iOS,4G
23062,19474,Android,5G
23063,19475,iOS,4G
23064,19476,Android,4G
23065,19477,Android,4G
23066,19478,Android,5G
23067,19479,Android,4G
23068,19479,Android,4G
23069,19480,Android,4G
23070,19481,Android,WiFi
23071,19482,iOS,5G
23072,19483,Android,4G
23073,19483,Android,4G
23074,19484,Android,5G
23075,19485,Android,WiFi
23076,19486,Android,4G
23077,19486,iOS,4G
23078,19487,Android,4G
23079,19487,iOS,4G
23080,19488,Android,5G
23081,19489,iOS,4G
23082,19490,Android,4G
23083,19491,Android,4G
23084,19491,Android,4G
23085,19492,Android,WiFi
23086,19493,Android,5G
23087,19494,Android,4G
23088,19494,Android,5G
23089,19495,Android,5G
23090,19496,Android,5G
23091,19497,Android,5G
23092,19498,Android,5G
23093,19499,iOS,WiFi
23094,19499,Android,5G
23095,19500,Android,4G
23096,19501,iOS,WiFi
23097,19502,Android,4G
23098,19503,Android,WiFi
23099,19504,Android,4G
23100,19505,Android,4G
23101,19505,Android,5G
23102,19506,Android,WiFi
23103,19507,Android,4G
23104,19507,Android,4G
23105,19508,Android,3G
23106,19508,Android,4G
23107,19509,Android,WiFi
23108,19510,Android,4G
23109,19511,iOS,5G
23110,19512,Android,5G
23111,19513,Android,5G
23112,19514,Web,5G
23113,19514,Android,4G
23114,19515,Android,4G
23115,19515,Android,4G
23116,19516,iOS,4G
23117,19517,iOS,4G
23118,19518,Android,4G
23119,19519,Android,WiFi
23120,19520,Android,4G
23121,19521,Android,5G
23122,19521,iOS,4G
23123,19522,Android,WiFi
23124,19522,Android,5G
23125,19523,Android,5G
23126,19524,Android,4G
23127,19525,Android,WiFi
23128,19526,Android,5G
23129,19527,Android,3G
23130,19528,Android,4G
23131,19529,Android,4G
23132,19530,Android,4G
23133,19531,Android,4G
23134,19532,Android,5G
23135,19533,Android,4G
23136,19534,Android,WiFi
23137,19535,Android,4G
23138,19535,iOS,4G
23139,19536,iOS,5G
23140,19537,Web,4G
23141,19538,iOS,WiFi
23142,19539,Android,4G
23143,19540,Android,4G
23144,19541,Android,5G
23145,19541,Android,WiFi
23146,19542,Android,WiFi
23147,19543,Android,WiFi
23148,19543,Android,WiFi
23149,19544,Android,5G
23150,19545,Android,5G
23151,19546,iOS,3G
23152,19546,Android,4G
23153,19547,Android,5G
23154,19548,iOS,4G
23155,19549,Android,WiFi
23156,19550,Android,WiFi
23157,19551,Android,5G
23158,19552,Android,4G
23159,19552,Android,4G
23160,19553,Android,5G
23161,19554,Android,5G
23162,19555,iOS,5G
23163,19556,Android,4G
23164,19556,Android,5G
23165,19557,Android,4G
23166,19558,Android,4G
23167,19558,Android,4G
23168,19559,Android,4G
23169,19560,Android,5G
23170,19561,iOS,4G
23171,19562,Android,4G
23172,19562,Android,5G
23173,19563,Android,5G
23174,19564,Android,WiFi
23175,19565,Android,4G
23176,19565,Android,5G
23177,19566,Android,WiFi
23178,19567,Android,5G
23179,19568,Android,WiFi
23180,19569,iOS,4G
23181,19569,Android,5G
23182,19570,iOS,5G
23183,19570,iOS,WiFi
23184,19571,iOS,5G
23185,19572,iOS,3G
23186,19573,Android,5G
23187,19574,Android,4G
23188,19575,Android,5G
23189,19576,Android,4G
23190,19577,Android,4G
23191,19578,Android,5G
23192,19579,Android,4G
23193,19579,Android,5G
23194,19580,Android,WiFi
23195,19580,Android,4G
23196,19581,Android,5G
23197,19582,Android,WiFi
23198,19583,Android,4G
23199,19584,iOS,4G
23200,19585,Android,5G
23201,19586,iOS,WiFi
23202,19587,iOS,WiFi
23203,19588,Android,WiFi
23204,19589,Android,4G
23205,19589,Android,4G
23206,19590,Android,WiFi
23207,19591,Android,4G
23208,19592,Android,4G
23209,19593,Android,5G
23210,19594,Android,4G
23211,19594,Android,WiFi
23212,19595,Android,4G
23213,19596,Android,4G
23214,19597,Android,4G
23215,19598,Android,4G
23216,19599,Android,WiFi
23217,19599,Android,4G
23218,19600,Android,WiFi
23219,19601,iOS,5G
23220,19602,Android,4G
23221,19603,iOS,5G
23222,19604,Android,4G
23223,19605,Android,5G
23224,19606,Android,4G
23225,19607,iOS,5G
23226,19608,iOS,5G
23227,19609,Android,4G
23228,19610,iOS,4G
23229,19611,Android,4G
23230,19612,Android,5G
23231,19613,Android,4G
23232,19614,Android,5G
23233,19615,iOS,WiFi
23234,19616,iOS,4G
23235,19617,Android,3G
23236,19618,Android,WiFi
23237,19619,Android,5G
23238,19620,Android,5G
23239,19621,Android,4G
23240,19622,Android,5G
23241,19623,Web,4G
23242,19624,Android,5G
23243,19625,Android,WiFi
23244,19626,Android,4G
23245,19627,Android,5G
23246,19628,Android,5G
23247,19629,Android,4G
23248,19630,Android,4G
23249,19631,Android,4G
23250,19632,Web,WiFi
23251,19633,Android,WiFi
23252,19634,Android,5G
23253,19635,Android,4G
23254,19636,Android,5G
23255,19637,Android,WiFi
23256,19638,iOS,WiFi
23257,19639,Android,4G
23258,19640,Android,5G
23259,19641,iOS,5G
23260,19642,Android,4G
23261,19643,Android,4G
23262,19644,Android,4G
23263,19644,Android,WiFi
23264,19645,iOS,5G
23265,19646,Android,5G
23266,19646,Android,4G
23267,19647,Android,5G
23268,19648,Android,4G
23269,19649,Android,4G
23270,19649,Android,WiFi
23271,19650,Android,WiFi
23272,19651,Android,WiFi
23273,19652,iOS,5G
23274,19653,Android,5G
23275,19654,iOS,4G
23276,19655,Android,5G
23277,19655,iOS,3G
23278,19656,Android,4G
23279,19657,Android,5G
23280,19658,Android,4G
23281,19659,Android,5G
23282,19660,Android,3G
23283,19661,Android,4G
23284,19662,iOS,4G
23285,19663,Android,4G
23286,19664,Android,5G
23287,19665,Android,4G
23288,19665,iOS,4G
23289,19666,Android,4G
23290,19667,Android,5G
23291,19668,Android,4G
23292,19669,iOS,4G
23293,19670,iOS,5G
23294,19670,Android,WiFi
23295,19671,iOS,5G
23296,19672,Android,4G
23297,19673,Android,5G
23298,19674,Android,4G
23299,19674,Android,3G
23300,19675,Android,WiFi
23301,19676,iOS,4G
23302,19676,Android,5G
23303,19677,iOS,4G
23304,19678,Web,5G
23305,19678,Android,5G
23306,19679,Android,5G
23307,19680,Android,5G
23308,19681,Android,4G
23309,19681,Android,5G
23310,19682,iOS,4G
23311,19683,Android,4G
23312,19684,Android,WiFi
23313,19685,Android,4G
23314,19686,iOS,5G
23315,19686,iOS,5G
23316,19687,Android,4G
23317,19688,Android,4G
23318,19689,Android,4G
23319,19689,Android,4G
23320,19690,Android,4G
23321,19691,iOS,3G
23322,19692,Android,4G
23323,19693,Android,4G
23324,19693,Android,5G
23325,19694,Android,5G
23326,19695,Web,WiFi
23327,19696,Android,5G
23328,19697,Android,WiFi
23329,19698,Android,4G
23330,19699,Android,4G
23331,19700,Android,4G
23332,19700,Android,4G
23333,19701,Android,WiFi
23334,19702,iOS,5G
23335,19703,Web,WiFi
23336,19704,Android,5G
23337,19705,Android,4G
23338,19705,Android,4G
23339,19706,Android,4G
23340,19707,iOS,WiFi
23341,19708,iOS,4G
23342,19708,Android,5G
23343,19709,Android,4G
23344,19710,iOS,5G
23345,19711,Android,4G
23346,19711,Android,4G
23347,19712,Android,WiFi
23348,19713,Android,4G
23349,19714,Android,4G
23350,19715,iOS,4G
23351,19716,Android,WiFi
23352,19717,Android,4G
23353,19718,iOS,4G
23354,19719,Android,5G
23355,19720,iOS,5G
23356,19721,Android,4G
23357,19722,Android,5G
23358,19723,Android,3G
23359,19724,Android,WiFi
23360,19725,Android,4G
23361,19725,Android,5G
23362,19726,Android,WiFi
23363,19727,Android,4G
23364,19728,Android,4G
23365,19729,Android,5G
23366,19730,iOS,4G
23367,19730,Android,4G
23368,19731,Android,4G
23369,19731,Android,4G
23370,19732,Android,4G
23371,19733,Android,5G
23372,19734,iOS,5G
23373,19735,Android,5G
23374,19736,iOS,4G
23375,19737,Android,4G
23376,19738,Android,5G
23377,19739,Android,4G
23378,19740,iOS,5G
23379,19741,Android,WiFi
23380,19742,Android,5G
23381,19743,Android,4G
23382,19743,Android,4G
23383,19744,iOS,5G
23384,19745,Android,5G
23385,19746,Web,4G
23386,19747,Web,4G
23387,19748,Android,4G
23388,19749,iOS,4G
23389,19750,Android,4G
23390,19751,Android,5G
23391,19752,Android,4G
23392,19753,Android,WiFi
23393,19754,Android,4G
23394,19754,iOS,4G
23395,19755,Android,WiFi
23396,19756,Android,5G
23397,19757,Android,WiFi
23398,19758,iOS,4G
23399,19758,Android,3G
23400,19759,Android,4G
23401,19760,Android,4G
23402,19761,Android,4G
23403,19761,iOS,4G
23404,19762,iOS,4G
23405,19763,Android,5G
23406,19764,iOS,5G
23407,19765,iOS,4G
23408,19766,Android,5G
23409,19767,Android,5G
23410,19768,Android,4G
23411,19769,iOS,4G
23412,19770,Android,5G
23413,19771,Android,4G
23414,19772,Android,4G
23415,19773,iOS,WiFi
23416,19774,Android,4G
23417,19775,Android,5G
23418,19776,Android,5G
23419,19777,Android,4G
23420,19778,Android,4G
23421,19779,Android,WiFi
23422,19779,Android,WiFi
23423,19780,Android,5G
23424,19781,Android,4G
23425,19782,Android,4G
23426,19783,Android,4G
23427,19784,Android,WiFi
23428,19785,Android,3G
23429,19786,iOS,4G
23430,19787,Android,5G
23431,19788,iOS,4G
23432,19789,Android,4G
23433,19790,iOS,WiFi
23434,19791,iOS,4G
23435,19791,iOS,4G
23436,19792,Android,4G
23437,19792,Android,4G
23438,19793,Android,5G
23439,19794,Android,WiFi
23440,19795,iOS,5G
23441,19796,Android,4G
23442,19797,Android,WiFi
23443,19798,Android,4G
23444,19799,Android,4G
23445,19799,Android,4G
23446,19800,Android,WiFi
23447,19801,Android,4G
23448,19802,Android,5G
23449,19803,iOS,5G
23450,19804,iOS,5G
23451,19805,Android,4G
23452,19805,Android,5G
23453,19806,Android,WiFi
23454,19807,Android,4G
23455,19808,Web,5G
23456,19808,Android,5G
23457,19809,Android,4G
23458,19810,Android,WiFi
23459,19811,Android,5G
23460,19812,iOS,4G
23461,19813,iOS,4G
23462,19814,Android,4G
23463,19815,Android,4G
23464,19816,iOS,4G
23465,19817,Android,WiFi
23466,19818,Android,5G
23467,19819,iOS,4G
23468,19820,Android,4G
23469,19821,iOS,3G
23470,19821,Android,5G
23471,19822,Android,4G
23472,19823,iOS,5G
23473,19824,Android,5G
23474,19825,Android,5G
23475,19826,Android,4G
23476,19827,Android,4G
23477,19828,Android,4G
23478,19829,Android,WiFi
23479,19830,iOS,WiFi
23480,19831,Android,WiFi
23481,19832,iOS,WiFi
23482,19833,Android,5G
23483,19834,Android,4G
23484,19835,Android,4G
23485,19836,Android,4G
23486,19837,Android,WiFi
23487,19838,Android,4G
23488,19839,Android,WiFi
23489,19840,Android,4G
23490,19841,iOS,5G
23491,19842,Android,5G
23492,19843,Android,WiFi
23493,19844,Android,5G
23494,19845,Android,4G
23495,19846,Android,3G
23496,19847,Android,5G
23497,19848,Android,4G
23498,19849,Android,4G
23499,19850,iOS,5G
23500,19851,Android,4G
23501,19852,Web,4G
23502,19853,iOS,WiFi
23503,19854,Android,4G
23504,19854,Android,4G
23505,19855,iOS,5G
23506,19856,Android,WiFi
23507,19857,Android,5G
23508,19858,Android,4G
23509,19859,Android,WiFi
23510,19860,iOS,4G
23511,19861,Android,5G
23512,19862,Android,4G
23513,19863,Android,4G
23514,19864,Android,3G
23515,19864,Android,4G
23516,19865,iOS,4G
23517,19866,iOS,5G
23518,19866,Android,4G
23519,19867,Android,WiFi
23520,19867,Android,5G
23521,19868,Android,WiFi
23522,19869,Android,WiFi
23523,19869,iOS,WiFi
23524,19870,Android,3G
23525,19871,Android,4G
23526,19871,iOS,5G
23527,19872,iOS,WiFi
23528,19873,Web,4G
23529,19874,Android,5G
23530,19875,Android,5G
23531,19876,Android,3G
23532,19877,Android,4G
23533,19878,iOS,5G
23534,19879,Android,4G
23535,19880,Android,4G
23536,19881,Android,4G
23537,19882,Android,5G
23538,19883,Android,5G
23539,19884,iOS,5G
23540,19885,iOS,4G
23541,19886,Android,4G
23542,19887,Android,4G
23543,19888,Android,4G
23544,19889,Android,5G
23545,19889,Android,4G
23546,19890,iOS,WiFi
23547,19891,Android,4G
23548,19892,iOS,5G
23549,19893,Android,5G
23550,19894,Android,WiFi
23551,19894,Android,WiFi
23552,19895,iOS,4G
23553,19896,Android,5G
23554,19897,Android,5G
23555,19898,Android,WiFi
23556,19899,Android,4G
23557,19900,Android,5G
23558,19901,Android,4G
23559,19902,Android,WiFi
23560,19903,Android,WiFi
23561,19904,Android,5G
23562,19905,Android,5G
23563,19906,Android,WiFi
23564,19907,Android,WiFi
23565,19908,Android,4G
23566,19909,iOS,5G
23567,19910,Android,WiFi
23568,19911,Android,5G
23569,19912,Android,4G
23570,19913,Android,5G
23571,19914,iOS,4G
23572,19915,iOS,5G
23573,19916,Android,5G
23574,19917,iOS,4G
23575,19918,Android,4G
23576,19919,Android,WiFi
23577,19920,Android,5G
23578,19921,Android,5G
23579,19922,Android,4G
23580,19923,Android,3G
23581,19924,Android,3G
23582,19925,Android,3G
23583,19925,Android,4G
23584,19926,Android,4G
23585,19927,Android,WiFi
23586,19928,Android,4G
23587,19929,Android,5G
23588,19930,iOS,4G
23589,19931,Android,5G
23590,19932,Android,5G
23591,19932,Android,WiFi
23592,19933,Android,WiFi
23593,19933,Android,5G
23594,19934,Android,4G
23595,19935,Web,4G
23596,19935,Android,5G
23597,19936,Android,4G
23598,19937,Android,5G
23599,19938,Android,WiFi
23600,19938,Android,5G
23601,19939,Android,WiFi
23602,19940,iOS,4G
23603,19941,Android,5G
23604,19942,Android,4G
23605,19943,Android,4G
23606,19944,Web,5G
23607,19945,Android,5G
23608,19946,Android,4G
23609,19947,Web,5G
23610,19947,iOS,WiFi
23611,19948,Android,WiFi
23612,19949,Android,WiFi
23613,19949,Android,4G
23614,19950,Android,5G
23615,19951,Android,4G
23616,19951,iOS,4G
23617,19952,Android,5G
23618,19953,Android,4G
23619,19953,Android,4G
23620,19954,Android,5G
23621,19955,Android,WiFi
23622,19956,Android,4G
23623,19957,iOS,WiFi
23624,19958,iOS,WiFi
23625,19959,Android,5G
23626,19960,Android,4G
23627,19961,Android,4G
23628,19962,Android,4G
23629,19963,Android,WiFi
23630,19964,iOS,4G
23631,19965,Android,4G
23632,19965,Android,WiFi
23633,19966,Android,4G
23634,19967,Android,WiFi
23635,19967,Android,WiFi
23636,19968,iOS,4G
23637,19969,Android,5G
23638,19969,Android,4G
23639,19970,Android,4G
23640,19971,Android,4G
23641,19972,Android,4G
23642,19972,Android,4G
23643,19973,iOS,5G
23644,19974,Android,5G
23645,19975,Android,WiFi
23646,19975,Android,4G
23647,19976,Android,5G
23648,19977,Android,5G
23649,19978,Android,4G
23650,19979,Android,WiFi
23651,19980,Android,4G
23652,19981,Android,4G
23653,19982,Web,5G
23654,19983,iOS,WiFi
23655,19984,Android,4G
23656,19985,Android,4G
23657,19986,Android,4G
23658,19987,iOS,WiFi
23659,19988,Android,4G
23660,19989,Android,5G
23661,19990,Android,4G
23662,19991,Android,WiFi
23663,19992,iOS,4G
23664,19993,Android,5G
23665,19994,iOS,4G
23666,19995,Android,4G
23667,19995,iOS,5G
23668,19996,Android,4G
23669,19997,Android,5G
23670,19997,iOS,5G
23671,19998,Android,4G
23672,19999,Android,WiFi
23673,20000,Android,5G
23674,20001,iOS,4G
23675,20002,Android,4G
23676,20003,Android,4G
23677,20004,iOS,4G
23678,20005,Android,4G
23679,20006,Android,4G
23680,20007,Android,4G
23681,20008,iOS,4G
23682,20008,iOS,4G
23683,20009,Android,4G
23684,20010,Android,4G
23685,20011,Android,WiFi
23686,20011,Android,5G
23687,20012,iOS,4G
23688,20013,iOS,WiFi
23689,20014,Android,5G
23690,20015,Android,5G
23691,20016,Android,4G
23692,20017,Web,4G
23693,20018,Android,WiFi
23694,20019,Android,WiFi
23695,20020,Android,WiFi
23696,20021,Android,4G
23697,20022,Android,4G
23698,20023,Android,5G
23699,20023,iOS,5G
23700,20024,Android,5G
23701,20025,Android,5G
23702,20026,iOS,WiFi
23703,20027,Android,5G
23704,20028,Android,WiFi
23705,20029,iOS,WiFi
23706,20030,Android,5G
23707,20030,Android,4G
23708,20031,Android,WiFi
23709,20032,Android,4G
23710,20033,Android,4G
23711,20034,Android,5G
23712,20035,Web,4G
23713,20036,Android,4G
23714,20037,Android,5G
23715,20038,Android,5G
23716,20039,Android,WiFi
23717,20040,Android,5G
23718,20041,Android,4G
23719,20042,Android,4G
23720,20043,Android,3G
23721,20044,iOS,4G
23722,20045,iOS,5G
23723,20045,Android,4G
23724,20046,Android,4G
23725,20046,Android,5G
23726,20047,Android,3G
23727,20048,Web,4G
23728,20049,Android,5G
23729,20050,iOS,4G
23730,20051,iOS,WiFi
23731,20052,Android,4G
23732,20053,Android,5G
23733,20054,iOS,4G
23734,20055,Android,4G
23735,20056,Android,5G
23736,20057,Android,4G
23737,20057,Android,WiFi
23738,20058,Android,4G
23739,20059,Android,5G
23740,20060,Android,4G
23741,20061,Android,5G
23742,20062,iOS,5G
23743,20063,iOS,4G
23744,20064,Android,5G
23745,20065,Android,5G
23746,20066,iOS,5G
23747,20067,Android,5G
23748,20068,iOS,5G
23749,20069,iOS,4G
23750,20070,Android,4G
23751,20071,Android,WiFi
23752,20072,Android,4G
23753,20073,Android,5G
23754,20074,Android,5G
23755,20075,Android,WiFi
23756,20076,Android,4G
23757,20077,Android,4G
23758,20078,Android,4G
23759,20079,Android,4G
23760,20080,Android,3G
23761,20081,Android,4G
23762,20082,Android,4G
23763,20082,iOS,5G
23764,20083,iOS,5G
23765,20084,Android,5G
23766,20084,iOS,WiFi
23767,20085,iOS,4G
23768,20086,Android,4G
23769,20086,iOS,4G
23770,20087,Android,5G
23771,20088,Android,5G
23772,20089,Android,5G
23773,20090,Android,3G
23774,20090,iOS,WiFi
23775,20091,iOS,4G
23776,20091,Android,5G
23777,20092,Android,3G
23778,20093,Web,4G
23779,20094,iOS,WiFi
23780,20095,Android,5G
23781,20095,Android,4G
23782,20096,iOS,5G
23783,20097,Android,4G
23784,20098,Android,WiFi
23785,20099,Android,5G
23786,20100,Android,4G
23787,20101,Android,5G
23788,20102,Android,4G
23789,20102,Android,5G
23790,20103,iOS,5G
23791,20103,iOS,WiFi
23792,20104,iOS,4G
23793,20104,Android,5G
23794,20105,Android,4G
23795,20106,Android,WiFi
23796,20107,Android,5G
23797,20108,Android,5G
23798,20109,iOS,4G
23799,20110,Android,WiFi
23800,20110,Android,4G
23801,20111,Android,5G
23802,20112,iOS,WiFi
23803,20113,Android,4G
23804,20114,Android,5G
23805,20115,Android,4G
23806,20116,iOS,WiFi
23807,20117,iOS,5G
23808,20118,Android,5G
23809,20119,Android,4G
23810,20120,Android,WiFi
23811,20121,Android,4G
23812,20121,Android,WiFi
23813,20122,Android,4G
23814,20123,Android,WiFi
23815,20124,iOS,5G
23816,20125,Android,4G
23817,20126,Web,5G
23818,20126,Android,WiFi
23819,20127,Android,WiFi
23820,20128,iOS,5G
23821,20128,iOS,WiFi
23822,20129,Android,WiFi
23823,20130,Android,4G
23824,20130,Android,4G
23825,20131,Android,WiFi
23826,20132,iOS,4G
23827,20133,Android,4G
23828,20134,iOS,5G
23829,20135,Android,WiFi
23830,20136,Android,4G
23831,20137,Android,5G
23832,20138,Android,4G
23833,20138,Android,WiFi
23834,20139,Android,WiFi
23835,20140,Android,4G
23836,20141,Android,WiFi
23837,20142,Android,5G
23838,20142,Android,4G
23839,20143,Android,WiFi
23840,20144,Android,WiFi
23841,20144,Android,5G
23842,20145,Android,WiFi
23843,20146,iOS,4G
23844,20147,Android,4G
23845,20148,Android,5G
23846,20148,Android,4G
23847,20149,Android,4G
23848,20150,iOS,WiFi
23849,20151,Android,4G
23850,20152,Android,4G
23851,20153,iOS,4G
23852,20154,Android,5G
23853,20155,Android,4G
23854,20156,Android,4G
23855,20157,iOS,WiFi
23856,20158,Android,WiFi
23857,20159,iOS,4G
23858,20160,iOS,4G
23859,20161,Android,5G
23860,20162,Android,4G
23861,20163,Android,WiFi
23862,20164,Android,4G
23863,20165,iOS,WiFi
23864,20166,Android,4G
23865,20167,Android,WiFi
23866,20168,Android,5G
23867,20169,Android,4G
23868,20170,Android,4G
23869,20171,Android,4G
23870,20172,Android,5G
23871,20173,iOS,WiFi
23872,20174,Android,5G
23873,20175,Android,5G
23874,20176,Android,5G
23875,20177,Android,4G
23876,20178,iOS,WiFi
23877,20179,iOS,WiFi
23878,20180,Android,5G
23879,20181,Android,4G
23880,20182,Android,WiFi
23881,20182,Android,5G
23882,20183,Android,5G
23883,20184,Android,5G
23884,20185,Android,WiFi
23885,20186,Android,4G
23886,20187,Android,WiFi
23887,20188,Android,4G
23888,20189,Android,5G
23889,20189,Android,4G
23890,20190,iOS,5G
23891,20191,Android,4G
23892,20192,iOS,WiFi
23893,20193,Android,4G
23894,20194,iOS,3G
23895,20195,Android,4G
23896,20196,Android,WiFi
23897,20197,Android,WiFi
23898,20197,iOS,5G
23899,20198,Android,4G
23900,20199,iOS,5G
23901,20200,Android,WiFi
23902,20201,Android,5G
23903,20201,Android,4G
23904,20202,Android,5G
23905,20202,iOS,WiFi
23906,20203,Android,5G
23907,20204,Android,5G
23908,20204,iOS,WiFi
23909,20205,Android,4G
23910,20205,iOS,4G
23911,20206,Android,5G
23912,20207,iOS,WiFi
23913,20208,Android,5G
23914,20209,Android,4G
23915,20210,Android,4G
23916,20211,iOS,WiFi
23917,20212,iOS,4G
23918,20213,Android,WiFi
23919,20214,Android,4G
23920,20215,Android,4G
23921,20215,Android,5G
23922,20216,iOS,WiFi
23923,20216,Android,4G
23924,20217,Android,5G
23925,20218,iOS,5G
23926,20219,Android,4G
23927,20220,Android,WiFi
23928,20221,iOS,4G
23929,20221,Android,4G
23930,20222,Android,4G
23931,20223,Android,4G
23932,20224,Android,4G
23933,20224,Android,5G
23934,20225,Android,5G
23935,20226,iOS,5G
23936,20227,Android,5G
23937,20227,Web,5G
23938,20228,Android,4G
23939,20228,Android,4G
23940,20229,Android,4G
23941,20230,Android,5G
23942,20231,Android,4G
23943,20232,Android,WiFi
23944,20233,Android,4G
23945,20234,iOS,WiFi
23946,20234,Android,5G
23947,20235,Android,5G
23948,20236,Android,WiFi
23949,20236,Android,WiFi
23950,20237,Android,3G
23951,20237,Android,5G
23952,20238,Android,4G
23953,20239,Android,4G
23954,20240,Android,4G
23955,20241,iOS,5G
23956,20242,Android,WiFi
23957,20243,Android,4G
23958,20244,Android,5G
23959,20245,Android,5G
23960,20246,Android,4G
23961,20247,Android,4G
23962,20248,Android,5G
23963,20249,Android,5G
23964,20250,Android,4G
23965,20251,Android,5G
23966,20252,iOS,WiFi
23967,20252,Android,WiFi
23968,20253,Android,WiFi
23969,20253,Android,5G
23970,20254,Android,WiFi
23971,20254,Android,3G
23972,20255,iOS,5G
23973,20256,Android,WiFi
23974,20257,iOS,3G
23975,20257,Android,4G
23976,20258,Android,5G
23977,20259,Android,4G
23978,20260,Android,4G
23979,20261,iOS,4G
23980,20262,Android,WiFi
23981,20263,Android,5G
23982,20264,Android,4G
23983,20265,Android,4G
23984,20266,iOS,4G
23985,20267,Android,4G
23986,20268,Android,4G
23987,20268,Android,5G
23988,20269,iOS,4G
23989,20269,Android,5G
23990,20270,Android,5G
23991,20271,Android,5G
23992,20272,iOS,4G
23993,20273,Android,4G
23994,20274,iOS,4G
23995,20275,Android,5G
23996,20275,Android,4G
23997,20276,Android,4G
23998,20276,Android,5G
23999,20277,Android,4G
24000,20278,iOS,5G
24001,20279,iOS,5G
24002,20280,Android,4G
24003,20281,iOS,5G
24004,20282,Android,5G
24005,20283,iOS,4G
24006,20284,iOS,4G
24007,20285,Android,5G
24008,20286,Android,3G
24009,20287,iOS,4G
24010,20288,iOS,4G
24011,20288,Android,5G
24012,20289,Android,4G
24013,20290,Web,WiFi
24014,20291,Android,4G
24015,20292,iOS,4G
24016,20293,Android,5G
24017,20294,Android,4G
24018,20294,iOS,5G
24019,20295,Web,3G
24020,20296,iOS,4G
24021,20297,Android,WiFi
24022,20298,Android,5G
24023,20299,Android,WiFi
24024,20299,Android,4G
24025,20300,Android,5G
24026,20301,Android,4G
24027,20301,Android,4G
24028,20302,Android,4G
24029,20303,iOS,3G
24030,20304,Android,WiFi
24031,20305,Android,WiFi
24032,20306,Android,4G
24033,20306,Android,WiFi
24034,20307,Android,4G
24035,20308,Android,5G
24036,20308,Android,4G
24037,20309,Android,WiFi
24038,20310,Android,4G
24039,20311,Android,WiFi
24040,20311,Android,3G
24041,20312,Android,3G
24042,20312,Android,WiFi
24043,20313,Android,WiFi
24044,20314,Android,4G
24045,20314,iOS,5G
24046,20315,Android,5G
24047,20316,Android,WiFi
24048,20317,Android,4G
24049,20318,Android,4G
24050,20319,Android,5G
24051,20319,Android,4G
24052,20320,Android,5G
24053,20321,Android,4G
24054,20321,Android,5G
24055,20322,Android,5G
24056,20323,Android,4G
24057,20323,Android,4G
24058,20324,iOS,4G
24059,20325,Android,WiFi
24060,20326,Android,WiFi
24061,20327,iOS,4G
24062,20328,Android,4G
24063,20329,iOS,4G
24064,20329,Android,4G
24065,20330,iOS,5G
24066,20331,iOS,5G
24067,20332,Android,4G
24068,20333,Android,5G
24069,20333,Android,4G
24070,20334,Android,4G
24071,20335,Android,4G
24072,20336,Android,4G
24073,20337,Android,4G
24074,20338,Android,4G
24075,20338,Android,5G
24076,20339,iOS,4G
24077,20339,iOS,4G
24078,20340,Android,WiFi
24079,20341,iOS,5G
24080,20342,Android,5G
24081,20343,Android,5G
24082,20343,Android,5G
24083,20344,Android,4G
24084,20345,iOS,5G
24085,20346,Android,5G
24086,20347,iOS,5G
24087,20348,iOS,4G
24088,20349,Android,4G
24089,20350,Android,4G
24090,20350,Android,5G
24091,20351,Android,5G
24092,20352,Android,4G
24093,20352,Android,4G
24094,20353,iOS,4G
24095,20354,Android,WiFi
24096,20354,Android,4G
24097,20355,Android,4G
24098,20356,Android,4G
24099,20357,iOS,5G
24100,20358,Android,WiFi
24101,20359,Android,4G
24102,20360,Android,WiFi
24103,20361,Android,5G
24104,20362,Android,5G
24105,20362,iOS,5G
24106,20363,Android,5G
24107,20364,Android,5G
24108,20365,Android,WiFi
24109,20366,Android,4G
24110,20367,Android,4G
24111,20368,Android,5G
24112,20369,Android,5G
24113,20369,iOS,5G
24114,20370,iOS,4G
24115,20371,Android,4G
24116,20372,iOS,4G
24117,20373,Android,WiFi
24118,20373,iOS,4G
24119,20374,Android,4G
24120,20375,Android,4G
24121,20376,Android,4G
24122,20377,Android,4G
24123,20378,Android,5G
24124,20379,Android,4G
24125,20380,Android,WiFi
24126,20381,Android,4G
24127,20381,Android,3G
24128,20382,Android,WiFi
24129,20383,Android,4G
24130,20384,Android,4G
24131,20385,Android,5G
24132,20385,Android,5G
24133,20386,iOS,4G
24134,20387,Android,4G
24135,20388,Android,4G
24136,20388,Android,5G
24137,20389,iOS,WiFi
24138,20389,Android,WiFi
24139,20390,iOS,4G
24140,20391,iOS,4G
24141,20392,Android,4G
24142,20393,Android,WiFi
24143,20394,Android,4G
24144,20395,Android,4G
24145,20396,iOS,4G
24146,20397,Android,4G
24147,20398,Android,4G
24148,20399,Web,4G
24149,20400,iOS,WiFi
24150,20401,Android,3G
24151,20402,Android,WiFi
24152,20402,Android,5G
24153,20403,Android,5G
24154,20404,Android,4G
24155,20405,Android,4G
24156,20406,Android,4G
24157,20407,Android,4G
24158,20408,iOS,WiFi
24159,20409,Android,WiFi
24160,20410,Android,4G
24161,20411,Android,4G
24162,20411,Web,5G
24163,20412,iOS,4G
24164,20413,Android,4G
24165,20414,Android,4G
24166,20415,Android,5G
24167,20415,Android,4G
24168,20416,Android,4G
24169,20417,Android,4G
24170,20418,iOS,4G
24171,20419,Web,5G
24172,20420,Android,5G
24173,20421,Android,4G
24174,20422,iOS,4G
24175,20423,Android,5G
24176,20424,iOS,4G
24177,20425,Android,4G
24178,20426,iOS,4G
24179,20427,Android,5G
24180,20428,Android,4G
24181,20429,Android,5G
24182,20430,Android,WiFi
24183,20430,Android,3G
24184,20431,iOS,4G
24185,20432,Android,5G
24186,20433,Android,5G
24187,20434,iOS,5G
24188,20435,Android,4G
24189,20436,Android,4G
24190,20437,Android,5G
24191,20438,Android,4G
24192,20439,Android,5G
24193,20440,Android,5G
24194,20441,Android,4G
24195,20441,Android,4G
24196,20442,Android,4G
24197,20443,Android,5G
24198,20444,Android,4G
24199,20445,iOS,4G
24200,20446,Android,4G
24201,20447,Android,5G
24202,20448,Android,4G
24203,20449,Android,5G
24204,20449,Android,4G
24205,20450,Android,5G
24206,20451,Android,5G
24207,20452,Android,5G
24208,20452,Android,4G
24209,20453,Android,4G
24210,20454,Android,4G
24211,20455,iOS,4G
24212,20455,Android,WiFi
24213,20456,Android,5G
24214,20457,Android,4G
24215,20458,Android,5G
24216,20459,Android,5G
24217,20459,Android,4G
24218,20460,Android,4G
24219,20461,Android,3G
24220,20462,Android,5G
24221,20463,Android,5G
24222,20464,Android,5G
24223,20464,Android,4G
24224,20465,Android,4G
24225,20466,Android,WiFi
24226,20467,Android,WiFi
24227,20468,Android,5G
24228,20469,Android,4G
24229,20469,Android,WiFi
24230,20470,Android,4G
24231,20471,Android,4G
24232,20471,Android,5G
24233,20472,Android,4G
24234,20472,Android,WiFi
24235,20473,Android,5G
24236,20474,iOS,4G
24237,20474,Android,5G
24238,20475,Android,WiFi
24239,20476,Android,3G
24240,20477,Android,WiFi
24241,20477,Android,WiFi
24242,20478,Android,5G
24243,20479,iOS,4G
24244,20480,Android,5G
24245,20481,Android,4G
24246,20481,Android,4G
24247,20482,Android,4G
24248,20483,Android,4G
24249,20484,Android,WiFi
24250,20485,Android,5G
24251,20486,Android,4G
24252,20487,Android,4G
24253,20488,Android,5G
24254,20489,Android,3G
24255,20489,iOS,4G
24256,20490,Android,4G
24257,20491,Android,4G
24258,20492,Web,4G
24259,20493,iOS,4G
24260,20494,Android,5G
24261,20495,iOS,5G
24262,20496,Web,4G
24263,20497,iOS,WiFi
24264,20498,Android,3G
24265,20499,Android,WiFi
24266,20500,Android,3G
24267,20501,Android,5G
24268,20502,Android,5G
24269,20503,Android,4G
24270,20503,iOS,5G
24271,20504,Android,5G
24272,20505,Android,5G
24273,20506,Android,5G
24274,20507,Web,4G
24275,20508,iOS,4G
24276,20509,Android,WiFi
24277,20510,Android,WiFi
24278,20511,Android,4G
24279,20512,Web,5G
24280,20513,Android,WiFi
24281,20514,Android,4G
24282,20515,iOS,4G
24283,20516,Android,4G
24284,20517,Android,WiFi
24285,20518,iOS,WiFi
24286,20519,Android,5G
24287,20520,Android,4G
24288,20520,Android,5G
24289,20521,Android,4G
24290,20522,Android,WiFi
24291,20523,iOS,5G
24292,20524,iOS,4G
24293,20525,Android,WiFi
24294,20525,Android,5G
24295,20526,iOS,4G
24296,20527,iOS,5G
24297,20528,Android,5G
24298,20529,Android,4G
24299,20530,iOS,4G
24300,20531,iOS,WiFi
24301,20532,iOS,4G
24302,20533,iOS,4G
24303,20534,Android,5G
24304,20535,Android,5G
24305,20536,Android,4G
24306,20537,Android,5G
24307,20538,Android,4G
24308,20539,iOS,5G
24309,20539,Android,3G
24310,20540,iOS,WiFi
24311,20541,Android,WiFi
24312,20542,Android,5G
24313,20542,Android,4G
24314,20543,Android,5G
24315,20544,Android,WiFi
24316,20544,Android,5G
24317,20545,Android,5G
24318,20546,iOS,WiFi
24319,20547,Android,WiFi
24320,20548,iOS,4G
24321,20549,Android,WiFi
24322,20550,Android,4G
24323,20551,iOS,5G
24324,20552,Web,WiFi
24325,20553,Android,4G
24326,20553,Android,WiFi
24327,20554,Android,4G
24328,20555,Android,4G
24329,20556,Android,5G
24330,20557,Android,5G
24331,20558,Android,4G
24332,20559,Android,3G
24333,20559,Android,4G
24334,20560,iOS,4G
24335,20560,Android,5G
24336,20561,Android,WiFi
24337,20562,Android,3G
24338,20563,Android,WiFi
24339,20564,Android,4G
24340,20564,Android,5G
24341,20565,Android,4G
24342,20565,Android,5G
24343,20566,iOS,4G
24344,20567,iOS,5G
24345,20568,Android,WiFi
24346,20569,iOS,WiFi
24347,20569,Android,4G
24348,20570,Android,WiFi
24349,20570,Android,WiFi
24350,20571,Android,4G
24351,20572,Android,5G
24352,20573,Android,4G
24353,20574,Android,WiFi
24354,20575,Android,4G
24355,20576,Android,WiFi
24356,20577,Android,4G
24357,20578,Android,4G
24358,20579,Android,4G
24359,20580,Android,4G
24360,20581,Android,5G
24361,20582,Android,5G
24362,20583,Android,4G
24363,20583,Android,3G
24364,20584,iOS,4G
24365,20585,Android,4G
24366,20586,iOS,4G
24367,20587,iOS,5G
24368,20588,Android,4G
24369,20589,Android,4G
24370,20590,Android,4G
24371,20590,Android,4G
24372,20591,Android,4G
24373,20592,Web,4G
24374,20592,Android,4G
24375,20593,Android,5G
24376,20594,Android,4G
24377,20595,Android,5G
24378,20596,Android,WiFi
24379,20597,Android,4G
24380,20598,iOS,4G
24381,20599,Android,WiFi
24382,20599,Android,5G
24383,20600,Android,5G
24384,20601,iOS,4G
24385,20601,Android,WiFi
24386,20602,Android,5G
24387,20602,Android,3G
24388,20603,Android,WiFi
24389,20603,Android,4G
24390,20604,iOS,5G
24391,20604,Android,4G
24392,20605,iOS,4G
24393,20606,Android,4G
24394,20607,Android,4G
24395,20607,Android,5G
24396,20608,Android,4G
24397,20608,Android,4G
24398,20609,Android,3G
24399,20610,Android,WiFi
24400,20611,Android,4G
24401,20612,iOS,5G
24402,20613,Android,5G
24403,20614,Android,4G
24404,20615,Android,4G
24405,20615,iOS,3G
24406,20616,Android,4G
24407,20617,Android,4G
24408,20618,Android,4G
24409,20618,Android,WiFi
24410,20619,Android,3G
24411,20620,Android,4G
24412,20621,iOS,4G
24413,20621,Android,4G
24414,20622,Android,WiFi
24415,20623,Android,WiFi
24416,20624,Android,4G
24417,20625,Web,4G
24418,20626,iOS,5G
24419,20627,iOS,4G
24420,20628,Android,5G
24421,20628,Android,WiFi
24422,20629,Android,5G
24423,20630,Android,4G
24424,20631,Web,5G
24425,20632,Android,5G
24426,20633,Android,WiFi
24427,20634,Android,4G
24428,20635,Android,WiFi
24429,20636,iOS,4G
24430,20636,Android,WiFi
24431,20637,Android,5G
24432,20638,Android,4G
24433,20639,iOS,4G
24434,20640,iOS,5G
24435,20641,Web,5G
24436,20642,Android,5G
24437,20643,Android,5G
24438,20644,Web,3G
24439,20644,Android,5G
24440,20645,Android,3G
24441,20646,iOS,WiFi
24442,20646,Android,4G
24443,20647,Android,4G
24444,20647,Android,5G
24445,20648,Android,4G
24446,20649,Android,WiFi
24447,20650,Android,WiFi
24448,20651,Android,WiFi
24449,20652,iOS,5G
24450,20653,Android,5G
24451,20654,Web,5G
24452,20655,Android,WiFi
24453,20656,Android,5G
24454,20657,Android,4G
24455,20658,Android,WiFi
24456,20659,Android,4G
24457,20660,Android,4G
24458,20661,Android,4G
24459,20662,Android,5G
24460,20663,iOS,4G
24461,20664,Android,5G
24462,20665,Android,3G
24463,20666,Android,4G
24464,20666,Android,4G
24465,20667,Android,WiFi
24466,20668,Android,4G
24467,20669,Android,4G
24468,20669,Android,4G
24469,20670,Android,5G
24470,20671,iOS,WiFi
24471,20672,Android,WiFi
24472,20672,Android,4G
24473,20673,Android,4G
24474,20674,Android,WiFi
24475,20675,Android,WiFi
24476,20676,Android,3G
24477,20677,Android,4G
24478,20678,Android,4G
24479,20678,Android,5G
24480,20679,Android,4G
24481,20679,Android,4G
24482,20680,Android,5G
24483,20681,Android,5G
24484,20682,Android,WiFi
24485,20682,Android,3G
24486,20683,Android,WiFi
24487,20684,Android,5G
24488,20684,iOS,4G
24489,20685,Android,5G
24490,20685,Android,4G
24491,20686,Android,4G
24492,20687,iOS,WiFi
24493,20688,Android,5G
24494,20689,Android,WiFi
24495,20690,Android,4G
24496,20691,Android,5G
24497,20692,Android,4G
24498,20693,Android,4G
24499,20694,Android,4G
24500,20695,Android,WiFi
24501,20696,Android,4G
24502,20697,iOS,4G
24503,20698,iOS,5G
24504,20698,iOS,4G
24505,20699,Android,4G
24506,20700,Android,WiFi
24507,20701,iOS,4G
24508,20702,Android,4G
24509,20703,Android,4G
24510,20703,iOS,4G
24511,20704,iOS,4G
24512,20705,Android,WiFi
24513,20706,iOS,5G
24514,20707,Android,WiFi
24515,20708,Android,3G
24516,20709,Android,4G
24517,20710,Android,5G
24518,20711,Android,4G
24519,20712,Android,4G
24520,20713,Android,4G
24521,20714,Android,4G
24522,20715,Android,WiFi
24523,20716,iOS,4G
24524,20716,Android,5G
24525,20717,Android,5G
24526,20718,Android,5G
24527,20719,Android,4G
24528,20720,Android,WiFi
24529,20721,Android,5G
24530,20722,Android,4G
24531,20723,Android,5G
24532,20724,Android,4G
24533,20725,Android,WiFi
24534,20726,iOS,4G
24535,20726,Android,4G
24536,20727,Android,4G
24537,20728,Android,4G
24538,20729,Android,5G
24539,20730,Android,5G
24540,20730,Android,5G
24541,20731,iOS,WiFi
24542,20731,Android,4G
24543,20732,Android,5G
24544,20732,iOS,4G
24545,20733,Android,5G
24546,20734,Android,WiFi
24547,20735,Web,4G
24548,20736,Android,5G
24549,20737,Android,4G
24550,20738,Android,WiFi
24551,20739,iOS,4G
24552,20740,Android,WiFi
24553,20741,Android,WiFi
24554,20742,Android,4G
24555,20742,Android,4G
24556,20743,Android,4G
24557,20744,Android,4G
24558,20745,iOS,5G
24559,20745,Android,4G
24560,20746,Android,5G
24561,20747,Android,4G
24562,20748,Android,4G
24563,20749,Android,4G
24564,20750,Web,4G
24565,20751,Android,4G
24566,20752,Android,4G
24567,20753,iOS,5G
24568,20754,Android,WiFi
24569,20755,Android,4G
24570,20756,Android,5G
24571,20757,Android,5G
24572,20757,Android,3G
24573,20758,Android,5G
24574,20758,Android,4G
24575,20759,Android,WiFi
24576,20760,Android,4G
24577,20761,Android,4G
24578,20762,Android,4G
24579,20763,Android,4G
24580,20763,Android,WiFi
24581,20764,Android,4G
24582,20765,Android,WiFi
24583,20766,Android,4G
24584,20767,Android,4G
24585,20768,Android,4G
24586,20768,Android,4G
24587,20769,Android,5G
24588,20770,Android,WiFi
24589,20771,Android,4G
24590,20772,Android,WiFi
24591,20773,Android,WiFi
24592,20774,Android,5G
24593,20775,Android,5G
24594,20776,iOS,4G
24595,20776,Android,5G
24596,20777,iOS,4G
24597,20778,iOS,4G
24598,20779,Android,4G
24599,20779,Android,5G
24600,20780,iOS,4G
24601,20781,Android,WiFi
24602,20781,iOS,WiFi
24603,20782,Android,5G
24604,20782,Android,4G
24605,20783,Android,4G
24606,20784,Android,3G
24607,20784,Android,4G
24608,20785,Android,WiFi
24609,20785,Android,5G
24610,20786,Android,4G
24611,20787,Android,WiFi
24612,20788,Android,4G
24613,20789,iOS,5G
24614,20790,Android,WiFi
24615,20790,iOS,4G
24616,20791,iOS,5G
24617,20792,iOS,4G
24618,20792,Android,5G
24619,20793,iOS,4G
24620,20794,iOS,WiFi
24621,20795,Web,5G
24622,20796,Android,4G
24623,20796,iOS,5G
24624,20797,iOS,4G
24625,20798,iOS,4G
24626,20799,Android,5G
24627,20800,Android,WiFi
24628,20801,Android,4G
24629,20802,Web,4G
24630,20802,Android,5G
24631,20803,Android,4G
24632,20803,Android,5G
24633,20804,Android,5G
24634,20805,Android,WiFi
24635,20806,Android,4G
24636,20807,iOS,4G
24637,20808,Android,3G
24638,20809,iOS,WiFi
24639,20809,Android,5G
24640,20810,Android,5G
24641,20811,Android,5G
24642,20812,Android,4G
24643,20813,Android,5G
24644,20814,Android,5G
24645,20814,Android,4G
24646,20815,Android,4G
24647,20815,iOS,4G
24648,20816,Android,4G
24649,20817,Android,5G
24650,20817,Android,WiFi
24651,20818,Android,WiFi
24652,20819,Android,4G
24653,20820,Android,4G
24654,20821,Android,5G
24655,20822,Android,5G
24656,20823,iOS,WiFi
24657,20824,Android,4G
24658,20824,Android,4G
24659,20825,Web,5G
24660,20826,Android,3G
24661,20827,Android,5G
24662,20828,Android,5G
24663,20829,Android,4G
24664,20830,Android,4G
24665,20831,Android,5G
24666,20831,Android,WiFi
24667,20832,Android,5G
24668,20833,Android,4G
24669,20834,Android,4G
24670,20835,Android,WiFi
24671,20836,iOS,WiFi
24672,20837,Android,WiFi
24673,20838,Android,5G
24674,20839,Android,4G
24675,20839,Android,WiFi
24676,20840,iOS,4G
24677,20841,Android,4G
24678,20842,iOS,4G
24679,20843,Android,WiFi
24680,20844,Android,5G
24681,20845,Android,4G
24682,20846,Android,4G
24683,20847,Android,4G
24684,20848,Web,4G
24685,20848,iOS,4G
24686,20849,Android,4G
24687,20850,Android,5G
24688,20851,Android,WiFi
24689,20852,Android,5G
24690,20853,Android,WiFi
24691,20854,Android,5G
24692,20854,Android,4G
24693,20855,Android,4G
24694,20856,Android,5G
24695,20857,iOS,WiFi
24696,20858,Android,5G
24697,20858,Android,5G
24698,20859,Android,4G
24699,20860,Android,4G
24700,20861,iOS,5G
24701,20862,Android,5G
24702,20862,Android,5G
24703,20863,Web,5G
24704,20864,Android,5G
24705,20865,Android,4G
24706,20866,iOS,4G
24707,20866,iOS,WiFi
24708,20867,Android,5G
24709,20868,Android,5G
24710,20869,Android,5G
24711,20870,Android,3G
24712,20871,Android,4G
24713,20872,Android,4G
24714,20872,Android,3G
24715,20873,Android,4G
24716,20874,Android,4G
24717,20875,Android,4G
24718,20876,Android,4G
24719,20877,Android,4G
24720,20877,Android,4G
24721,20878,Android,4G
24722,20879,Android,5G
24723,20880,Android,5G
24724,20881,Android,4G
24725,20882,Android,4G
24726,20883,Web,4G
24727,20884,Android,3G
24728,20884,Android,4G
24729,20885,iOS,4G
24730,20886,Android,WiFi
24731,20887,Android,5G
24732,20888,iOS,WiFi
24733,20889,Android,4G
24734,20890,Android,5G
24735,20891,Android,4G
24736,20892,iOS,3G
24737,20892,Android,4G
24738,20893,Android,4G
24739,20894,Android,4G
24740,20895,Android,4G
24741,20896,iOS,4G
24742,20897,Android,4G
24743,20898,Android,4G
24744,20899,Web,5G
24745,20899,iOS,5G
24746,20900,Android,WiFi
24747,20900,Android,4G
24748,20901,Android,4G
24749,20902,Android,4G
24750,20903,Android,4G
24751,20904,Android,WiFi
24752,20905,Android,4G
24753,20906,Android,4G
24754,20907,iOS,WiFi
24755,20908,Android,4G
24756,20909,Android,5G
24757,20910,Android,5G
24758,20911,Android,4G
24759,20912,iOS,4G
24760,20912,Android,4G
24761,20913,iOS,5G
24762,20913,Android,4G
24763,20914,Android,5G
24764,20914,Android,WiFi
24765,20915,Android,4G
24766,20916,Android,4G
24767,20917,iOS,5G
24768,20918,Android,4G
24769,20919,Android,4G
24770,20920,Android,5G
24771,20921,Android,5G
24772,20922,Android,4G
24773,20923,Android,4G
24774,20924,Android,WiFi
24775,20925,Android,4G
24776,20926,Android,5G
24777,20926,Android,WiFi
24778,20927,Android,4G
24779,20928,Android,WiFi
24780,20929,Android,5G
24781,20930,iOS,WiFi
24782,20931,Android,4G
24783,20932,Android,5G
24784,20933,Android,5G
24785,20934,Android,5G
24786,20935,Android,4G
24787,20935,iOS,5G
24788,20936,Web,4G
24789,20937,Android,WiFi
24790,20938,Android,5G
24791,20939,Android,WiFi
24792,20940,Android,5G
24793,20941,Android,4G
24794,20941,Android,5G
24795,20942,Android,WiFi
24796,20943,iOS,4G
24797,20944,Android,4G
24798,20945,Android,5G
24799,20946,Android,4G
24800,20947,Android,4G
24801,20948,Android,WiFi
24802,20948,Android,5G
24803,20949,Android,4G
24804,20950,Android,WiFi
24805,20951,Android,5G
24806,20951,Android,4G
24807,20952,Android,4G
24808,20953,Android,4G
24809,20954,Android,4G
24810,20954,Android,4G
24811,20955,Android,4G
24812,20956,Android,5G
24813,20957,Android,4G
24814,20958,Android,WiFi
24815,20958,Android,4G
24816,20959,Android,WiFi
24817,20959,Android,4G
24818,20960,Android,4G
24819,20960,iOS,4G
24820,20961,Android,5G
24821,20962,Android,4G
24822,20962,Android,4G
24823,20963,iOS,4G
24824,20964,Android,4G
24825,20965,Android,5G
24826,20966,Android,4G
24827,20967,Web,5G
24828,20968,Android,5G
24829,20969,iOS,5G
24830,20970,Android,WiFi
24831,20971,Android,WiFi
24832,20972,Android,4G
24833,20973,Android,5G
24834,20974,Android,5G
24835,20974,Android,4G
24836,20975,Android,WiFi
24837,20976,iOS,5G
24838,20977,Android,5G
24839,20978,Android,4G
24840,20979,Android,5G
24841,20980,iOS,WiFi
24842,20981,Android,4G
24843,20982,iOS,4G
24844,20983,Android,WiFi
24845,20984,Android,5G
24846,20985,Android,5G
24847,20986,Android,5G
24848,20987,iOS,WiFi
24849,20988,Android,4G
24850,20989,Android,5G
24851,20990,Android,5G
24852,20991,Android,WiFi
24853,20991,Android,WiFi
24854,20992,Android,5G
24855,20993,Android,5G
24856,20994,Android,WiFi
24857,20994,Android,WiFi
24858,20995,Android,4G
24859,20996,Android,4G
24860,20996,Android,4G
24861,20997,iOS,4G
24862,20998,iOS,4G
24863,20999,Android,WiFi
24864,20999,Android,5G
24865,21000,Android,WiFi
24866,21001,iOS,5G
24867,21002,Android,4G
24868,21003,iOS,4G
24869,21004,Android,WiFi
24870,21005,Web,WiFi
24871,21006,iOS,4G
24872,21007,Web,3G
24873,21008,Android,4G
24874,21009,Android,4G
24875,21009,Android,5G
24876,21010,Android,WiFi
24877,21011,Android,4G
24878,21012,Android,WiFi
24879,21012,Android,4G
24880,21013,Android,4G
24881,21014,Android,5G
24882,21015,Android,5G
24883,21016,Android,WiFi
24884,21016,Android,4G
24885,21017,Android,4G
24886,21018,Android,WiFi
24887,21019,Android,5G
24888,21019,Android,WiFi
24889,21020,Android,4G
24890,21021,Android,4G
24891,21021,Android,5G
24892,21022,Android,4G
24893,21023,Android,5G
24894,21024,Android,4G
24895,21025,Android,4G
24896,21026,iOS,5G
24897,21027,Android,5G
24898,21027,iOS,5G
24899,21028,Android,5G
24900,21029,Android,4G
24901,21030,Android,WiFi
24902,21031,Android,4G
24903,21032,Android,4G
24904,21033,Android,4G
24905,21034,Android,4G
24906,21035,iOS,4G
24907,21036,Web,4G
24908,21036,Android,4G
24909,21037,iOS,5G
24910,21038,Android,5G
24911,21039,Android,5G
24912,21039,Android,5G
24913,21040,Android,4G
24914,21041,Android,4G
24915,21042,Android,5G
24916,21043,Android,5G
24917,21044,Android,4G
24918,21045,Android,4G
24919,21046,iOS,4G
24920,21047,iOS,4G
24921,21048,Android,5G
24922,21049,Android,5G
24923,21050,iOS,5G
24924,21050,Android,4G
24925,21051,Android,4G
24926,21052,Android,4G
24927,21053,Android,4G
24928,21054,Web,4G
24929,21055,Android,4G
24930,21056,Android,5G
24931,21056,Android,4G
24932,21057,Android,WiFi
24933,21058,Android,4G
24934,21059,Android,5G
24935,21059,Android,4G
24936,21060,Android,4G
24937,21061,Android,5G
24938,21061,Android,WiFi
24939,21062,Android,WiFi
24940,21063,Android,WiFi
24941,21063,Android,4G
24942,21064,iOS,5G
24943,21065,Android,5G
24944,21066,Android,5G
24945,21066,Android,4G
24946,21067,Android,WiFi
24947,21068,Android,4G
24948,21069,Android,4G
24949,21070,Android,5G
24950,21071,iOS,5G
24951,21072,Android,WiFi
24952,21073,Android,3G
24953,21074,Android,5G
24954,21075,Android,5G
24955,21076,Android,5G
24956,21077,Android,4G
24957,21078,Android,4G
24958,21079,Android,5G
24959,21080,iOS,4G
24960,21081,Android,4G
24961,21082,Android,4G
24962,21083,Android,WiFi
24963,21084,iOS,5G
24964,21085,Web,WiFi
24965,21086,iOS,WiFi
24966,21087,iOS,WiFi
24967,21088,iOS,4G
24968,21089,iOS,5G
24969,21090,Android,WiFi
24970,21090,Android,WiFi
24971,21091,iOS,WiFi
24972,21091,Android,4G
24973,21092,Android,5G
24974,21093,Android,5G
24975,21093,Web,4G
24976,21094,iOS,5G
24977,21095,Android,5G
24978,21095,Android,4G
24979,21096,Android,4G
24980,21097,Android,4G
24981,21098,iOS,5G
24982,21099,Android,4G
24983,21099,iOS,WiFi
24984,21100,iOS,4G
24985,21101,iOS,4G
24986,21102,Android,4G
24987,21103,Android,4G
24988,21104,iOS,4G
24989,21105,Android,3G
24990,21106,Android,5G
24991,21107,iOS,4G
24992,21108,Android,4G
24993,21109,iOS,5G
24994,21110,Android,WiFi
24995,21111,Android,4G
24996,21111,Android,WiFi
24997,21112,iOS,3G
24998,21113,Android,4G
24999,21114,Android,4G
25000,21115,Android,4G
25001,21116,Android,4G
25002,21117,iOS,5G
25003,21118,iOS,5G
25004,21118,Android,5G
25005,21119,Android,4G
25006,21120,Android,4G
25007,21121,Android,WiFi
25008,21122,Android,WiFi
25009,21123,iOS,5G
25010,21124,Android,WiFi
25011,21125,Android,4G
25012,21126,Android,4G
25013,21126,Android,4G
25014,21127,Android,4G
25015,21128,Android,3G
25016,21128,Android,WiFi
25017,21129,Android,4G
25018,21130,Android,5G
25019,21131,iOS,WiFi
25020,21132,Android,5G
25021,21133,Android,5G
25022,21134,iOS,4G
25023,21135,Android,4G
25024,21136,Android,4G
25025,21136,Android,5G
25026,21137,iOS,4G
25027,21138,Android,4G
25028,21139,Android,WiFi
25029,21140,iOS,4G
25030,21141,iOS,WiFi
25031,21142,Android,4G
25032,21143,Android,4G
25033,21144,Android,4G
25034,21145,Android,4G
25035,21146,Web,4G
25036,21146,Android,WiFi
25037,21147,Android,WiFi
25038,21147,iOS,4G
25039,21148,iOS,5G
25040,21148,Android,4G
25041,21149,iOS,WiFi
25042,21150,iOS,5G
25043,21151,Android,5G
25044,21151,Android,5G
25045,21152,Web,4G
25046,21153,Android,4G
25047,21154,iOS,WiFi
25048,21154,Android,WiFi
25049,21155,iOS,4G
25050,21155,Android,4G
25051,21156,Android,5G
25052,21157,Android,4G
25053,21158,Android,5G
25054,21159,Android,4G
25055,21160,Android,4G
25056,21161,Android,4G
25057,21162,Android,WiFi
25058,21163,Android,3G
25059,21164,Android,5G
25060,21164,Android,5G
25061,21165,iOS,WiFi
25062,21165,Android,WiFi
25063,21166,Android,WiFi
25064,21167,Android,WiFi
25065,21168,iOS,4G
25066,21169,Android,4G
25067,21170,iOS,WiFi
25068,21171,iOS,4G
25069,21172,Android,WiFi
25070,21173,Android,4G
25071,21174,Android,5G
25072,21175,Android,5G
25073,21176,Android,5G
25074,21177,Android,4G
25075,21178,Android,5G
25076,21179,Android,WiFi
25077,21180,Android,WiFi
25078,21181,iOS,4G
25079,21182,Web,4G
25080,21183,Android,4G
25081,21184,Android,4G
25082,21185,iOS,WiFi
25083,21186,Android,WiFi
25084,21187,Android,WiFi
25085,21188,iOS,4G
25086,21189,Android,5G
25087,21190,Android,4G
25088,21191,Android,5G
25089,21192,Android,4G
25090,21192,Android,WiFi
25091,21193,Android,5G
25092,21194,Android,5G
25093,21195,Android,3G
25094,21196,Android,5G
25095,21197,Android,4G
25096,21198,iOS,4G
25097,21199,Android,5G
25098,21200,Android,5G
25099,21200,Android,5G
25100,21201,iOS,4G
25101,21202,Android,WiFi
25102,21203,Android,WiFi
25103,21204,Android,4G
25104,21205,Android,WiFi
25105,21206,Android,WiFi
25106,21207,Android,4G
25107,21208,Android,4G
25108,21208,Android,5G
25109,21209,iOS,4G
25110,21210,Android,4G
25111,21211,Android,5G
25112,21212,Android,5G
25113,21213,Android,5G
25114,21214,Android,4G
25115,21215,Android,4G
25116,21216,Android,5G
25117,21217,Android,5G
25118,21218,Android,WiFi
25119,21218,Android,5G
25120,21219,Android,5G
25121,21220,Android,4G
25122,21220,Android,5G
25123,21221,Android,4G
25124,21222,iOS,4G
25125,21222,Android,4G
25126,21223,iOS,5G
25127,21223,Android,4G
25128,21224,Android,WiFi
25129,21225,Android,4G
25130,21226,Android,4G
25131,21227,Android,3G
25132,21228,Android,5G
25133,21229,iOS,5G
25134,21230,Android,5G
25135,21231,Android,5G
25136,21232,Android,4G
25137,21233,iOS,5G
25138,21234,Android,5G
25139,21234,Android,4G
25140,21235,Android,WiFi
25141,21235,Android,5G
25142,21236,Android,4G
25143,21237,Android,4G
25144,21238,Android,5G
25145,21239,iOS,5G
25146,21239,iOS,4G
25147,21240,iOS,5G
25148,21241,Android,5G
25149,21242,Android,4G
25150,21243,Android,5G
25151,21243,Android,4G
25152,21244,Android,WiFi
25153,21245,Android,3G
25154,21246,Android,5G
25155,21247,Android,4G
25156,21248,Android,4G
25157,21249,Web,4G
25158,21250,Android,4G
25159,21251,Android,WiFi
25160,21251,Android,4G
25161,21252,iOS,4G
25162,21252,Android,5G
25163,21253,iOS,WiFi
25164,21253,Android,4G
25165,21254,iOS,5G
25166,21255,Android,4G
25167,21256,Android,5G
25168,21256,iOS,WiFi
25169,21257,Android,4G
25170,21257,iOS,5G
25171,21258,iOS,4G
25172,21259,iOS,5G
25173,21259,Android,5G
25174,21260,Android,4G
25175,21261,iOS,5G
25176,21262,Android,WiFi
25177,21263,Android,5G
25178,21264,Android,5G
25179,21264,iOS,WiFi
25180,21265,Android,5G
25181,21265,Android,5G
25182,21266,Android,WiFi
25183,21267,Android,5G
25184,21268,Android,4G
25185,21269,Android,4G
25186,21270,iOS,4G
25187,21271,iOS,4G
25188,21272,Android,4G
25189,21273,Android,4G
25190,21274,Android,4G
25191,21275,Android,5G
25192,21276,Android,4G
25193,21277,Android,WiFi
25194,21278,Android,4G
25195,21279,Android,5G
25196,21280,Android,5G
25197,21281,iOS,5G
25198,21282,iOS,4G
25199,21283,Android,5G
25200,21284,Android,WiFi
25201,21284,Android,4G
25202,21285,Android,WiFi
25203,21286,Android,WiFi
25204,21287,Android,WiFi
25205,21288,Android,5G
25206,21289,Android,WiFi
25207,21289,Android,WiFi
25208,21290,Android,WiFi
25209,21291,Android,5G
25210,21292,Android,5G
25211,21292,iOS,4G
25212,21293,iOS,4G
25213,21294,Android,WiFi
25214,21295,Android,WiFi
25215,21296,Android,4G
25216,21297,Android,4G
25217,21298,Android,4G
25218,21299,Web,5G
25219,21300,Android,5G
25220,21301,Android,4G
25221,21302,Android,4G
25222,21302,Android,4G
25223,21303,Android,5G
25224,21303,iOS,WiFi
25225,21304,Android,5G
25226,21305,iOS,WiFi
25227,21305,Android,4G
25228,21306,Android,4G
25229,21307,Android,5G
25230,21308,Android,4G
25231,21309,Web,WiFi
25232,21310,Android,5G
25233,21311,Android,5G
25234,21312,Android,4G
25235,21313,iOS,4G
25236,21314,Android,4G
25237,21315,Android,5G
25238,21316,Web,WiFi
25239,21317,Android,4G
25240,21318,Android,4G
25241,21319,iOS,5G
25242,21320,Android,5G
25243,21321,iOS,4G
25244,21322,Android,WiFi
25245,21323,Android,4G
25246,21324,Android,4G
25247,21325,Android,5G
25248,21326,Android,5G
25249,21326,Android,5G
25250,21327,Android,4G
25251,21328,iOS,WiFi
25252,21329,Android,3G
25253,21330,Android,4G
25254,21330,Android,5G
25255,21331,Android,4G
25256,21332,Android,5G
25257,21333,iOS,4G
25258,21334,Android,WiFi
25259,21335,Android,4G
25260,21336,Android,WiFi
25261,21337,Android,4G
25262,21338,Android,WiFi
25263,21339,Android,WiFi
25264,21339,Android,WiFi
25265,21340,Android,5G
25266,21341,Android,4G
25267,21342,Android,4G
25268,21343,Android,5G
25269,21343,Android,4G
25270,21344,Android,4G
25271,21344,iOS,5G
25272,21345,Android,4G
25273,21346,Android,5G
25274,21347,Android,WiFi
25275,21348,Android,4G
25276,21349,iOS,4G
25277,21350,Android,4G
25278,21351,Android,5G
25279,21351,Android,WiFi
25280,21352,Android,5G
25281,21353,Android,4G
25282,21354,Android,WiFi
25283,21355,Android,5G
25284,21356,Android,5G
25285,21357,Android,WiFi
25286,21358,Android,5G
25287,21359,Android,5G
25288,21360,Android,WiFi
25289,21361,Android,5G
25290,21362,Android,WiFi
25291,21363,Android,5G
25292,21364,Android,4G
25293,21365,Android,WiFi
25294,21366,Android,5G
25295,21367,Android,4G
25296,21368,Android,4G
25297,21369,Android,4G
25298,21370,Android,5G
25299,21371,Android,4G
25300,21372,Android,WiFi
25301,21373,Android,WiFi
25302,21373,Android,4G
25303,21374,Android,5G
25304,21375,Android,5G
25305,21376,Android,4G
25306,21377,Android,5G
25307,21378,Web,5G
25308,21379,Android,5G
25309,21380,iOS,4G
25310,21381,Android,4G
25311,21381,Android,WiFi
25312,21382,Android,4G
25313,21383,Android,4G
25314,21384,Android,5G
25315,21385,Android,WiFi
25316,21386,Android,WiFi
25317,21386,Android,4G
25318,21387,Android,4G
25319,21388,iOS,5G
25320,21389,Web,5G
25321,21389,Android,5G
25322,21390,Android,4G
25323,21390,Android,4G
25324,21391,Android,4G
25325,21392,Android,4G
25326,21393,Android,4G
25327,21394,Web,5G
25328,21395,iOS,WiFi
25329,21396,Android,5G
25330,21396,Android,WiFi
25331,21397,Android,3G
25332,21398,Android,5G
25333,21399,Android,4G
25334,21400,Android,WiFi
25335,21401,Android,4G
25336,21402,iOS,4G
25337,21403,Android,WiFi
25338,21404,Android,4G
25339,21405,Android,WiFi
25340,21406,Android,3G
25341,21407,Android,5G
25342,21408,Android,WiFi
25343,21409,Android,4G
25344,21409,iOS,5G
25345,21410,Android,WiFi
25346,21411,iOS,5G
25347,21411,iOS,5G
25348,21412,Android,4G
25349,21413,Android,WiFi
25350,21414,Android,4G
25351,21415,Android,5G
25352,21416,Android,WiFi
25353,21416,iOS,4G
25354,21417,iOS,4G
25355,21418,Android,4G
25356,21419,iOS,4G
25357,21420,Android,WiFi
25358,21420,Android,4G
25359,21421,Android,4G
25360,21422,Android,WiFi
25361,21423,Android,5G
25362,21424,Android,4G
25363,21425,Android,5G
25364,21426,Android,5G
25365,21427,Android,5G
25366,21428,iOS,4G
25367,21429,iOS,5G
25368,21429,Android,5G
25369,21430,Android,4G
25370,21431,Android,4G
25371,21432,iOS,4G
25372,21432,Android,5G
25373,21433,Android,4G
25374,21434,Android,4G
25375,21435,Android,5G
25376,21436,Android,WiFi
25377,21437,iOS,WiFi
25378,21438,Android,WiFi
25379,21439,Android,4G
25380,21439,Android,WiFi
25381,21440,Android,4G
25382,21441,Android,4G
25383,21442,iOS,5G
25384,21443,Android,4G
25385,21444,Android,5G
25386,21445,Android,4G
25387,21446,Android,4G
25388,21447,iOS,5G
25389,21448,Android,WiFi
25390,21449,Android,5G
25391,21450,Android,4G
25392,21451,iOS,4G
25393,21452,Android,4G
25394,21453,Android,4G
25395,21454,Android,4G
25396,21454,Android,4G
25397,21455,Android,WiFi
25398,21456,Android,5G
25399,21457,Android,5G
25400,21457,Android,5G
25401,21458,Android,4G
25402,21459,iOS,5G
25403,21460,Android,4G
25404,21461,Web,4G
25405,21462,Android,5G
25406,21463,Android,WiFi
25407,21464,Android,4G
25408,21465,Android,4G
25409,21466,Android,WiFi
25410,21467,Android,4G
25411,21468,Android,4G
25412,21469,Android,3G
25413,21469,Android,4G
25414,21470,Android,5G
25415,21471,Android,4G
25416,21472,iOS,4G
25417,21473,Android,5G
25418,21474,Android,3G
25419,21475,Android,4G
25420,21476,iOS,5G
25421,21477,Android,WiFi
25422,21478,Android,4G
25423,21479,Android,5G
25424,21480,Android,WiFi
25425,21481,Android,4G
25426,21482,iOS,4G
25427,21483,iOS,WiFi
25428,21484,Android,4G
25429,21485,Web,3G
25430,21486,iOS,5G
25431,21487,iOS,4G
25432,21488,Android,4G
25433,21489,Android,4G
25434,21490,Android,4G
25435,21491,Android,4G
25436,21492,Android,5G
25437,21492,Android,WiFi
25438,21493,iOS,WiFi
25439,21494,Android,5G
25440,21495,Android,WiFi
25441,21496,Android,4G
25442,21496,Android,WiFi
25443,21497,iOS,5G
25444,21498,Android,4G
25445,21499,Android,4G
25446,21500,Android,4G
25447,21501,Android,WiFi
25448,21502,Android,4G
25449,21503,Android,4G
25450,21504,Android,4G
25451,21505,Android,5G
25452,21506,Android,4G
25453,21507,iOS,5G
25454,21507,Android,3G
25455,21508,Android,4G
25456,21509,Android,4G
25457,21510,iOS,4G
25458,21511,Android,WiFi
25459,21511,Android,WiFi
25460,21512,Android,4G
25461,21513,Android,4G
25462,21513,Android,5G
25463,21514,Android,5G
25464,21515,Android,4G
25465,21516,Android,4G
25466,21517,Android,4G
25467,21517,iOS,4G
25468,21518,iOS,5G
25469,21519,iOS,4G
25470,21520,iOS,3G
25471,21521,iOS,4G
25472,21522,iOS,5G
25473,21523,iOS,WiFi
25474,21524,Android,4G
25475,21525,Android,4G
25476,21526,Web,5G
25477,21526,Android,5G
25478,21527,Android,WiFi
25479,21528,Android,5G
25480,21529,Android,4G
25481,21530,Android,5G
25482,21531,Android,WiFi
25483,21532,Android,5G
25484,21533,Android,5G
25485,21533,Android,5G
25486,21534,Android,4G
25487,21535,Android,4G
25488,21536,Android,4G
25489,21536,iOS,4G
25490,21537,Android,5G
25491,21537,Android,4G
25492,21538,Android,5G
25493,21539,Web,4G
25494,21540,Android,5G
25495,21541,Android,4G
25496,21541,Android,5G
25497,21542,Android,5G
25498,21543,Android,4G
25499,21544,Android,4G
25500,21545,Web,4G
25501,21545,Android,4G
25502,21546,Android,3G
25503,21547,iOS,WiFi
25504,21547,Android,5G
25505,21548,Android,4G
25506,21548,Android,5G
25507,21549,Android,WiFi
25508,21550,Android,WiFi
25509,21551,Android,WiFi
25510,21552,Android,4G
25511,21553,Android,WiFi
25512,21554,iOS,4G
25513,21555,Android,4G
25514,21556,iOS,5G
25515,21557,Android,5G
25516,21558,Android,WiFi
25517,21559,iOS,4G
25518,21560,iOS,4G
25519,21560,Android,5G
25520,21561,Android,4G
25521,21561,Android,4G
25522,21562,iOS,4G
25523,21563,Android,WiFi
25524,21564,Android,4G
25525,21565,Android,4G
25526,21565,iOS,4G
25527,21566,Android,5G
25528,21567,Android,WiFi
25529,21568,iOS,3G
25530,21569,Android,4G
25531,21569,iOS,4G
25532,21570,Android,5G
25533,21571,Android,4G
25534,21572,Android,5G
25535,21573,Android,4G
25536,21573,Android,5G
25537,21574,Android,4G
25538,21574,Android,5G
25539,21575,iOS,4G
25540,21576,iOS,5G
25541,21576,Android,4G
25542,21577,Android,5G
25543,21578,Android,WiFi
25544,21579,Android,5G
25545,21579,Android,4G
25546,21580,Android,4G
25547,21581,Android,WiFi
25548,21582,Android,4G
25549,21583,Android,5G
25550,21583,Android,5G
25551,21584,Android,WiFi
25552,21585,Android,4G
25553,21586,Android,5G
25554,21587,Android,5G
25555,21588,Android,5G
25556,21589,Android,4G
25557,21590,Android,5G
25558,21591,Android,WiFi
25559,21591,iOS,WiFi
25560,21592,Android,4G
25561,21593,Android,5G
25562,21594,Android,4G
25563,21595,Android,WiFi
25564,21596,Android,4G
25565,21597,Web,WiFi
25566,21598,Android,WiFi
25567,21599,Android,WiFi
25568,21599,Android,5G
25569,21600,Android,5G
25570,21600,Android,WiFi
25571,21601,Android,WiFi
25572,21602,iOS,4G
25573,21603,iOS,5G
25574,21604,Android,4G
25575,21605,Android,4G
25576,21606,Android,5G
25577,21607,Android,5G
25578,21608,Android,4G
25579,21609,iOS,4G
25580,21610,Android,WiFi
25581,21611,Android,4G
25582,21611,Android,4G
25583,21612,iOS,5G
25584,21613,Android,5G
25585,21613,Android,4G
25586,21614,Android,4G
25587,21615,Android,5G
25588,21616,Android,3G
25589,21617,Android,5G
25590,21617,Android,5G
25591,21618,Android,4G
25592,21619,Android,5G
25593,21620,Android,4G
25594,21621,Android,WiFi
25595,21622,Android,4G
25596,21623,iOS,5G
25597,21624,Android,5G
25598,21625,Android,4G
25599,21626,Android,5G
25600,21626,Web,5G
25601,21627,Android,5G
25602,21627,Android,4G
25603,21628,Android,4G
25604,21628,iOS,4G
25605,21629,Android,WiFi
25606,21630,iOS,4G
25607,21630,Android,WiFi
25608,21631,Android,4G
25609,21632,Android,3G
25610,21633,Android,4G
25611,21634,iOS,4G
25612,21635,Android,WiFi
25613,21636,Android,5G
25614,21637,Android,4G
25615,21638,Android,WiFi
25616,21639,Android,5G
25617,21640,iOS,WiFi
25618,21641,Android,3G
25619,21642,Android,4G
25620,21643,Android,3G
25621,21644,Android,5G
25622,21644,iOS,5G
25623,21645,iOS,4G
25624,21645,Android,5G
25625,21646,Android,WiFi
25626,21647,Android,5G
25627,21647,Web,5G
25628,21648,Android,5G
25629,21648,Android,5G
25630,21649,Android,5G
25631,21650,Android,3G
25632,21651,Android,5G
25633,21652,iOS,4G
25634,21653,Android,WiFi
25635,21654,Android,4G
25636,21655,Android,WiFi
25637,21656,Android,5G
25638,21656,Android,5G
25639,21657,Android,WiFi
25640,21658,Android,3G
25641,21659,iOS,4G
25642,21660,iOS,4G
25643,21661,Android,WiFi
25644,21662,iOS,5G
25645,21663,Android,5G
25646,21664,Android,WiFi
25647,21665,iOS,5G
25648,21666,iOS,5G
25649,21666,Android,4G
25650,21667,iOS,WiFi
25651,21668,Android,WiFi
25652,21669,Android,5G
25653,21669,iOS,5G
25654,21670,Android,4G
25655,21671,iOS,5G
25656,21672,Android,WiFi
25657,21672,Android,3G
25658,21673,Android,WiFi
25659,21674,Android,5G
25660,21675,Android,WiFi
25661,21676,Android,5G
25662,21677,Android,4G
25663,21678,iOS,WiFi
25664,21679,Android,4G
25665,21680,iOS,4G
25666,21681,Android,4G
25667,21681,Android,3G
25668,21682,Android,WiFi
25669,21683,Android,WiFi
25670,21683,iOS,5G
25671,21684,Android,4G
25672,21685,iOS,5G
25673,21686,Android,4G
25674,21687,Android,4G
25675,21688,iOS,5G
25676,21689,iOS,5G
25677,21690,Android,WiFi
25678,21691,Android,WiFi
25679,21692,Android,4G
25680,21693,Android,4G
25681,21694,Android,WiFi
25682,21694,iOS,5G
25683,21695,Android,5G
25684,21696,Android,5G
25685,21697,Android,5G
25686,21698,iOS,5G
25687,21699,Android,4G
25688,21700,Android,4G
25689,21700,Android,4G
25690,21701,Android,4G
25691,21701,Android,5G
25692,21702,Android,4G
25693,21703,Android,WiFi
25694,21704,iOS,5G
25695,21705,Android,4G
25696,21706,Android,4G
25697,21707,Android,4G
25698,21708,Android,4G
25699,21709,Android,4G
25700,21710,Android,WiFi
25701,21711,Android,5G
25702,21711,Android,5G
25703,21712,iOS,4G
25704,21713,Android,4G
25705,21713,Android,4G
25706,21714,Android,4G
25707,21714,Android,4G
25708,21715,iOS,5G
25709,21716,iOS,5G
25710,21717,Android,4G
25711,21717,iOS,4G
25712,21718,Android,5G
25713,21719,Android,5G
25714,21720,iOS,WiFi
25715,21720,Android,WiFi
25716,21721,iOS,4G
25717,21722,Android,WiFi
25718,21723,Android,4G
25719,21723,Android,4G
25720,21724,Android,4G
25721,21724,Android,4G
25722,21725,Android,4G
25723,21726,Android,5G
25724,21727,Android,4G
25725,21728,Android,4G
25726,21728,Android,5G
25727,21729,Android,5G
25728,21730,Android,WiFi
25729,21731,Android,4G
25730,21732,Android,WiFi
25731,21732,iOS,5G
25732,21733,Android,4G
25733,21734,Android,5G
25734,21734,Android,5G
25735,21735,iOS,5G
25736,21736,Android,4G
25737,21737,Android,WiFi
25738,21738,Android,WiFi
25739,21739,Android,4G
25740,21740,Android,WiFi
25741,21741,Android,4G
25742,21742,Android,4G
25743,21743,Android,5G
25744,21744,Android,4G
25745,21745,Android,WiFi
25746,21746,iOS,WiFi
25747,21747,Android,5G
25748,21748,iOS,WiFi
25749,21749,Android,4G
25750,21749,Android,4G
25751,21750,Android,3G
25752,21751,iOS,4G
25753,21752,Android,4G
25754,21753,Android,WiFi
25755,21754,Android,WiFi
25756,21755,Android,3G
25757,21755,iOS,4G
25758,21756,Android,5G
25759,21757,Android,4G
25760,21758,Android,5G
25761,21759,Android,4G
25762,21760,Android,5G
25763,21761,Android,4G
25764,21762,Android,5G
25765,21763,iOS,WiFi
25766,21764,Android,WiFi
25767,21765,iOS,5G
25768,21766,Android,5G
25769,21767,Android,WiFi
25770,21767,Android,4G
25771,21768,Android,4G
25772,21769,Android,3G
25773,21770,Android,5G
25774,21771,Android,4G
25775,21772,Android,4G
25776,21773,Android,4G
25777,21774,Android,3G
25778,21775,Android,5G
25779,21775,Android,4G
25780,21776,Android,5G
25781,21777,Web,WiFi
25782,21777,Android,WiFi
25783,21778,Android,4G
25784,21779,Android,4G
25785,21780,Android,4G
25786,21780,Android,4G
25787,21781,Android,5G
25788,21782,Web,5G
25789,21783,Android,5G
25790,21783,Android,WiFi
25791,21784,Android,5G
25792,21785,Android,WiFi
25793,21786,Android,5G
25794,21786,Android,4G
25795,21787,Android,WiFi
25796,21788,iOS,4G
25797,21788,Android,5G
25798,21789,Web,4G
25799,21790,iOS,5G
25800,21790,iOS,4G
25801,21791,Android,WiFi
25802,21792,Android,4G
25803,21793,Android,5G
25804,21793,Android,WiFi
25805,21794,iOS,4G
25806,21795,Web,4G
25807,21796,Android,4G
25808,21797,Android,WiFi
25809,21798,Android,5G
25810,21799,Android,WiFi
25811,21799,Android,5G
25812,21800,Android,4G
25813,21801,Android,4G
25814,21802,Android,WiFi
25815,21803,Android,4G
25816,21804,Android,WiFi
25817,21805,Android,WiFi
25818,21806,Android,5G
25819,21807,iOS,4G
25820,21808,Android,4G
25821,21808,iOS,5G
25822,21809,Android,5G
25823,21810,Android,4G
25824,21810,Android,4G
25825,21811,Android,WiFi
25826,21811,Android,5G
25827,21812,Android,WiFi
25828,21813,iOS,4G
25829,21814,Android,WiFi
25830,21815,Android,3G
25831,21816,iOS,4G
25832,21817,Android,5G
25833,21818,Android,4G
25834,21819,Android,WiFi
25835,21819,Android,WiFi
25836,21820,Android,WiFi
25837,21820,Android,WiFi
25838,21821,Android,4G
25839,21821,Android,5G
25840,21822,Android,5G
25841,21823,iOS,WiFi
25842,21823,Android,WiFi
25843,21824,Android,5G
25844,21825,Android,4G
25845,21826,Android,4G
25846,21827,Android,5G
25847,21828,Android,5G
25848,21829,Android,4G
25849,21830,Android,4G
25850,21831,Android,4G
25851,21832,iOS,4G
25852,21832,iOS,WiFi
25853,21833,Android,4G
25854,21833,Android,5G
25855,21834,Android,4G
25856,21834,Android,3G
25857,21835,Android,4G
25858,21836,Android,5G
25859,21837,Android,4G
25860,21838,Android,4G
25861,21839,iOS,4G
25862,21840,Android,4G
25863,21840,iOS,4G
25864,21841,Android,5G
25865,21842,Android,WiFi
25866,21842,Android,5G
25867,21843,iOS,3G
25868,21843,Android,4G
25869,21844,iOS,5G
25870,21844,Web,5G
25871,21845,Android,5G
25872,21846,Android,5G
25873,21847,Android,WiFi
25874,21847,Android,4G
25875,21848,Android,WiFi
25876,21849,Android,WiFi
25877,21850,Android,WiFi
25878,21851,iOS,4G
25879,21851,Web,WiFi
25880,21852,Android,WiFi
25881,21853,iOS,5G
25882,21854,Android,5G
25883,21855,Android,WiFi
25884,21856,Android,5G
25885,21857,Android,4G
25886,21858,Android,4G
25887,21859,Android,WiFi
25888,21859,Android,4G
25889,21860,Android,4G
25890,21861,Android,4G
25891,21862,iOS,3G
25892,21863,Android,5G
25893,21864,Android,4G
25894,21865,Android,4G
25895,21865,Android,WiFi
25896,21866,Android,4G
25897,21867,Android,4G
25898,21868,Android,4G
25899,21868,Android,4G
25900,21869,Android,4G
25901,21869,Android,4G
25902,21870,Android,5G
25903,21871,iOS,4G
25904,21871,Android,4G
25905,21872,Android,WiFi
25906,21873,iOS,4G
25907,21873,Android,WiFi
25908,21874,Android,4G
25909,21875,Android,5G
25910,21876,Android,5G
25911,21877,Android,WiFi
25912,21878,Android,WiFi
25913,21879,Android,WiFi
25914,21879,Android,WiFi
25915,21880,Android,WiFi
25916,21881,Android,4G
25917,21882,iOS,4G
25918,21883,Android,WiFi
25919,21884,Android,WiFi
25920,21885,Android,WiFi
25921,21886,Android,5G
25922,21887,Android,3G
25923,21887,Android,5G
25924,21888,Android,4G
25925,21889,Android,4G
25926,21890,Android,4G
25927,21891,Android,5G
25928,21892,Android,4G
25929,21893,iOS,4G
25930,21894,iOS,3G
25931,21895,Android,5G
25932,21896,Web,5G
25933,21897,Android,5G
25934,21898,Android,4G
25935,21898,Android,5G
25936,21899,Android,4G
25937,21900,Android,4G
25938,21901,iOS,5G
25939,21902,Android,5G
25940,21903,Android,4G
25941,21904,Android,5G
25942,21905,Android,5G
25943,21906,Android,5G
25944,21906,Android,WiFi
25945,21907,iOS,4G
25946,21907,Android,5G
25947,21908,iOS,4G
25948,21909,Web,WiFi
25949,21910,Android,5G
25950,21911,Android,5G
25951,21911,Android,WiFi
25952,21912,Android,WiFi
25953,21913,Android,5G
25954,21913,Android,WiFi
25955,21914,Android,4G
25956,21915,Android,5G
25957,21916,Android,5G
25958,21917,Android,5G
25959,21917,iOS,4G
25960,21918,Android,5G
25961,21919,iOS,5G
25962,21920,iOS,4G
25963,21921,Android,WiFi
25964,21922,Android,5G
25965,21923,Android,5G
25966,21924,iOS,5G
25967,21924,Android,4G
25968,21925,iOS,5G
25969,21926,Android,4G
25970,21927,Android,5G
25971,21928,iOS,5G
25972,21929,Android,5G
25973,21930,iOS,WiFi
25974,21931,Android,5G
25975,21932,Android,5G
25976,21933,Android,4G
25977,21934,iOS,4G
25978,21935,Android,3G
25979,21936,Web,4G
25980,21937,Android,4G
25981,21938,Android,5G
25982,21939,Android,4G
25983,21940,Android,4G
25984,21940,iOS,5G
25985,21941,Android,4G
25986,21942,Android,WiFi
25987,21943,Android,5G
25988,21943,iOS,4G
25989,21944,Android,4G
25990,21945,Android,5G
25991,21945,iOS,WiFi
25992,21946,Android,4G
25993,21947,Android,5G
25994,21948,Android,WiFi
25995,21949,Android,5G
25996,21949,Android,4G
25997,21950,Android,5G
25998,21950,Android,5G
25999,21951,Android,4G
26000,21952,Android,WiFi
26001,21953,Android,4G
26002,21954,Android,5G
26003,21955,Android,WiFi
26004,21956,Android,WiFi
26005,21957,Android,4G
26006,21958,Android,4G
26007,21959,Android,4G
26008,21960,iOS,5G
26009,21961,iOS,4G
26010,21962,iOS,3G
26011,21963,Android,WiFi
26012,21964,Android,4G
26013,21965,Android,4G
26014,21965,Android,WiFi
26015,21966,Android,4G
26016,21966,Android,4G
26017,21967,iOS,5G
26018,21968,Android,4G
26019,21969,iOS,5G
26020,21969,Android,5G
26021,21970,Android,4G
26022,21970,Android,4G
26023,21971,Android,4G
26024,21972,iOS,WiFi
26025,21973,Android,5G
26026,21973,iOS,5G
26027,21974,Android,5G
26028,21975,iOS,5G
26029,21976,iOS,4G
26030,21977,Web,5G
26031,21978,Android,5G
26032,21979,Android,4G
26033,21980,Android,4G
26034,21981,iOS,5G
26035,21982,Android,WiFi
26036,21983,Android,5G
26037,21984,Android,WiFi
26038,21985,Android,WiFi
26039,21986,Android,5G
26040,21987,Android,4G
26041,21988,Android,4G
26042,21989,iOS,4G
26043,21990,Android,4G
26044,21991,Android,5G
26045,21992,Android,4G
26046,21993,Android,WiFi
26047,21994,Android,5G
26048,21994,Android,5G
26049,21995,Android,4G
26050,21996,Android,4G
26051,21996,Android,3G
26052,21997,Android,WiFi
26053,21998,iOS,4G
26054,21999,iOS,WiFi
26055,22000,Android,4G
26056,22001,Android,WiFi
26057,22002,Android,3G
26058,22002,Android,4G
26059,22003,Android,4G
26060,22004,iOS,4G
26061,22005,Android,4G
26062,22005,Web,5G
26063,22006,iOS,5G
26064,22007,Android,5G
26065,22008,Android,4G
26066,22009,Android,4G
26067,22010,iOS,4G
26068,22011,Android,4G
26069,22012,Android,4G
26070,22012,Android,5G
26071,22013,Web,5G
26072,22014,Android,4G
26073,22015,Android,4G
26074,22016,iOS,4G
26075,22016,Android,WiFi
26076,22017,Android,5G
26077,22018,Android,4G
26078,22019,Android,5G
26079,22020,Android,WiFi
26080,22021,Android,5G
26081,22022,Android,WiFi
26082,22023,iOS,5G
26083,22024,Web,WiFi
26084,22024,Android,5G
26085,22025,Android,4G
26086,22026,Android,4G
26087,22027,Android,5G
26088,22028,Android,WiFi
26089,22029,iOS,4G
26090,22030,Web,4G
26091,22031,Android,5G
26092,22032,iOS,5G
26093,22033,Android,WiFi
26094,22034,Android,5G
26095,22034,Android,4G
26096,22035,Android,4G
26097,22036,Android,4G
26098,22037,iOS,3G
26099,22038,Android,5G
26100,22039,Android,WiFi
26101,22039,Android,4G
26102,22040,Android,5G
26103,22041,Android,4G
26104,22042,Android,4G
26105,22043,iOS,5G
26106,22044,iOS,WiFi
26107,22044,Android,WiFi
26108,22045,Android,5G
26109,22046,Android,4G
26110,22047,Android,WiFi
26111,22048,Android,4G
26112,22049,Android,4G
26113,22049,iOS,4G
26114,22050,iOS,4G
26115,22051,iOS,4G
26116,22052,Android,4G
26117,22053,Android,4G
26118,22054,Android,4G
26119,22054,Android,WiFi
26120,22055,iOS,4G
26121,22056,Android,5G
26122,22056,iOS,5G
26123,22057,Android,5G
26124,22058,Android,5G
26125,22059,Android,4G
26126,22060,iOS,4G
26127,22061,Android,4G
26128,22062,Android,4G
26129,22063,Android,5G
26130,22064,Android,WiFi
26131,22065,Android,5G
26132,22066,iOS,5G
26133,22067,Android,4G
26134,22068,iOS,4G
26135,22069,Android,WiFi
26136,22070,Android,5G
26137,22071,Android,WiFi
26138,22072,Web,5G
26139,22073,Android,4G
26140,22074,Android,4G
26141,22074,Android,4G
26142,22075,Android,4G
26143,22076,Android,4G
26144,22077,Android,5G
26145,22078,Android,5G
26146,22079,iOS,4G
26147,22080,iOS,4G
26148,22080,iOS,4G
26149,22081,Android,5G
26150,22082,Web,WiFi
26151,22082,Android,5G
26152,22083,Android,4G
26153,22084,Android,5G
26154,22084,Android,4G
26155,22085,Android,5G
26156,22086,Android,WiFi
26157,22087,Android,5G
26158,22088,Android,4G
26159,22089,iOS,4G
26160,22090,Android,WiFi
26161,22091,iOS,4G
26162,22092,iOS,WiFi
26163,22092,iOS,4G
26164,22093,Android,4G
26165,22094,Android,4G
26166,22095,Android,5G
26167,22096,Web,4G
26168,22096,Web,4G
26169,22097,iOS,5G
26170,22098,Android,WiFi
26171,22099,Android,4G
26172,22100,Android,3G
26173,22101,Android,WiFi
26174,22102,iOS,5G
26175,22103,Android,WiFi
26176,22104,Android,WiFi
26177,22105,Android,WiFi
26178,22106,Android,5G
26179,22107,iOS,4G
26180,22107,Android,3G
26181,22108,iOS,4G
26182,22109,Android,4G
26183,22110,Android,WiFi
26184,22111,Android,4G
26185,22112,Android,5G
26186,22113,Android,5G
26187,22114,Android,5G
26188,22114,Android,4G
26189,22115,Android,4G
26190,22116,iOS,WiFi
26191,22117,Android,3G
26192,22118,Android,5G
26193,22119,iOS,4G
26194,22120,Android,4G
26195,22120,Android,5G
26196,22121,iOS,5G
26197,22121,Android,WiFi
26198,22122,Android,4G
26199,22122,Android,5G
26200,22123,Android,5G
26201,22124,iOS,4G
26202,22125,Android,4G
26203,22126,Android,WiFi
26204,22127,Android,4G
26205,22128,iOS,4G
26206,22129,Android,5G
26207,22129,Android,4G
26208,22130,iOS,WiFi
26209,22131,iOS,WiFi
26210,22132,Android,3G
26211,22133,iOS,5G
26212,22134,Android,WiFi
26213,22135,Android,WiFi
26214,22135,Android,4G
26215,22136,Android,WiFi
26216,22137,Android,4G
26217,22138,Android,4G
26218,22139,Web,4G
26219,22140,Android,4G
26220,22141,Android,4G
26221,22142,Android,4G
26222,22143,Android,4G
26223,22144,Android,5G
26224,22145,Android,4G
26225,22145,Android,WiFi
26226,22146,Android,4G
26227,22147,iOS,5G
26228,22147,Android,4G
26229,22148,Android,4G
26230,22149,Android,WiFi
26231,22150,Android,5G
26232,22151,Android,WiFi
26233,22152,iOS,4G
26234,22153,iOS,5G
26235,22154,iOS,4G
26236,22154,iOS,5G
26237,22155,Android,4G
26238,22156,Android,4G
26239,22157,iOS,5G
26240,22158,Android,4G
26241,22158,Android,4G
26242,22159,Android,5G
26243,22160,Android,4G
26244,22161,Android,4G
26245,22162,Android,WiFi
26246,22163,iOS,WiFi
26247,22164,iOS,WiFi
26248,22165,Web,4G
26249,22166,Android,3G
26250,22167,Android,4G
26251,22168,Android,4G
26252,22169,Android,5G
26253,22170,Android,4G
26254,22171,Android,4G
26255,22172,Android,4G
26256,22173,Android,5G
26257,22174,Android,4G
26258,22175,Android,WiFi
26259,22176,Android,5G
26260,22177,Android,WiFi
26261,22178,Android,4G
26262,22179,Android,WiFi
26263,22180,Android,5G
26264,22181,Android,4G
26265,22182,iOS,WiFi
26266,22183,Android,WiFi
26267,22184,Android,WiFi
26268,22185,Android,4G
26269,22186,iOS,5G
26270,22187,Android,5G
26271,22187,Android,WiFi
26272,22188,Android,WiFi
26273,22188,Android,5G
26274,22189,Android,4G
26275,22189,Android,4G
26276,22190,iOS,4G
26277,22191,Android,5G
26278,22192,Android,WiFi
26279,22193,iOS,4G
26280,22194,Android,4G
26281,22195,Android,5G
26282,22196,iOS,4G
26283,22197,Android,4G
26284,22198,Android,5G
26285,22199,Android,5G
26286,22200,Android,4G
26287,22201,Android,WiFi
26288,22202,iOS,4G
26289,22202,Android,4G
26290,22203,Android,5G
26291,22204,Android,4G
26292,22205,Android,4G
26293,22206,Android,3G
26294,22207,Android,WiFi
26295,22208,Android,4G
26296,22209,Android,4G
26297,22210,Android,WiFi
26298,22211,iOS,5G
26299,22212,Android,WiFi
26300,22213,Android,5G
26301,22214,Android,WiFi
26302,22215,Android,4G
26303,22216,Android,5G
26304,22217,Android,WiFi
26305,22218,Android,4G
26306,22219,iOS,5G
26307,22220,Android,4G
26308,22221,Android,4G
26309,22221,iOS,4G
26310,22222,Android,WiFi
26311,22223,Android,5G
26312,22224,Android,4G
26313,22225,iOS,WiFi
26314,22225,Android,WiFi
26315,22226,Web,5G
26316,22226,iOS,4G
26317,22227,iOS,5G
26318,22228,Android,4G
26319,22229,iOS,4G
26320,22230,Android,4G
26321,22231,Android,5G
26322,22232,Android,4G
26323,22233,Android,5G
26324,22234,iOS,4G
26325,22235,Android,WiFi
26326,22236,Android,4G
26327,22237,Web,4G
26328,22238,Android,WiFi
26329,22239,Android,4G
26330,22239,Android,5G
26331,22240,Android,4G
26332,22241,Android,WiFi
26333,22242,Android,4G
26334,22243,Web,5G
26335,22244,Android,5G
26336,22245,Android,4G
26337,22246,iOS,WiFi
26338,22247,iOS,4G
26339,22248,Web,WiFi
26340,22248,Android,WiFi
26341,22249,iOS,WiFi
26342,22250,Android,4G
26343,22251,Web,5G
26344,22252,Android,4G
26345,22253,Web,5G
26346,22254,Android,WiFi
26347,22255,iOS,4G
26348,22256,Android,5G
26349,22257,Android,4G
26350,22257,Android,WiFi
26351,22258,Android,4G
26352,22259,Android,4G
26353,22260,Android,WiFi
26354,22260,Android,WiFi
26355,22261,Web,WiFi
26356,22261,Android,WiFi
26357,22262,Android,4G
26358,22263,Android,4G
26359,22264,iOS,5G
26360,22265,Android,5G
26361,22266,Android,4G
26362,22267,Android,5G
26363,22268,Android,5G
26364,22269,Android,4G
26365,22270,Android,4G
26366,22271,Android,5G
26367,22271,iOS,WiFi
26368,22272,iOS,4G
26369,22273,Android,WiFi
26370,22273,Android,WiFi
26371,22274,Android,WiFi
26372,22275,Android,4G
26373,22276,Android,5G
26374,22277,Android,4G
26375,22277,Android,4G
26376,22278,Android,WiFi
26377,22279,iOS,4G
26378,22280,Android,5G
26379,22280,Android,4G
26380,22281,Android,WiFi
26381,22282,Android,4G
26382,22283,iOS,5G
26383,22284,Android,4G
26384,22285,Android,3G
26385,22285,Android,5G
26386,22286,Android,4G
26387,22287,Android,4G
26388,22288,Android,5G
26389,22289,Android,4G
26390,22290,Android,5G
26391,22291,Android,4G
26392,22292,Android,WiFi
26393,22292,iOS,4G
26394,22293,iOS,5G
26395,22294,iOS,4G
26396,22295,Android,4G
26397,22295,Android,4G
26398,22296,iOS,5G
26399,22297,Android,4G
26400,22298,iOS,5G
26401,22299,Android,5G
26402,22300,Android,WiFi
26403,22301,Android,4G
26404,22302,Android,4G
26405,22303,iOS,WiFi
26406,22303,Android,5G
26407,22304,Android,WiFi
26408,22305,Android,4G
26409,22306,Android,5G
26410,22306,iOS,4G
26411,22307,Android,WiFi
26412,22308,Android,4G
26413,22308,Android,4G
26414,22309,Android,4G
26415,22310,Android,5G
26416,22311,iOS,4G
26417,22312,Android,4G
26418,22313,Android,4G
26419,22314,Android,3G
26420,22315,iOS,4G
26421,22316,Android,WiFi
26422,22317,Android,5G
26423,22318,Android,WiFi
26424,22319,Android,5G
26425,22320,Android,4G
26426,22321,Android,3G
26427,22322,Android,4G
26428,22323,Android,5G
26429,22324,iOS,3G
26430,22325,Web,5G
26431,22326,iOS,5G
26432,22327,Android,4G
26433,22328,Android,5G
26434,22328,Android,5G
26435,22329,Android,5G
26436,22330,Web,5G
26437,22331,iOS,5G
26438,22331,Android,5G
26439,22332,Android,WiFi
26440,22332,Android,4G
26441,22333,Android,4G
26442,22334,Android,4G
26443,22335,Android,4G
26444,22336,Android,WiFi
26445,22336,Android,5G
26446,22337,Android,4G
26447,22338,Android,WiFi
26448,22339,Android,4G
26449,22340,Android,5G
26450,22341,Android,4G
26451,22342,Android,4G
26452,22343,Android,5G
26453,22344,iOS,4G
26454,22345,iOS,4G
26455,22346,iOS,5G
26456,22347,Android,4G
26457,22347,Android,4G
26458,22348,Android,3G
26459,22349,Android,4G
26460,22350,Android,5G
26461,22351,Android,4G
26462,22352,Android,4G
26463,22353,Android,4G
26464,22354,iOS,4G
26465,22354,Android,4G
26466,22355,Android,4G
26467,22356,Android,4G
26468,22357,Android,3G
26469,22358,Android,4G
26470,22359,Android,5G
26471,22360,iOS,5G
26472,22361,Android,5G
26473,22362,Android,4G
26474,22363,Web,WiFi
26475,22364,iOS,WiFi
26476,22364,Android,5G
26477,22365,Android,4G
26478,22366,Android,4G
26479,22367,Android,5G
26480,22368,Android,4G
26481,22369,Android,4G
26482,22370,iOS,5G
26483,22370,Android,WiFi
26484,22371,Android,5G
26485,22372,Android,4G
26486,22373,Android,WiFi
26487,22374,Android,3G
26488,22375,Android,5G
26489,22376,Android,5G
26490,22377,Android,5G
26491,22377,Android,5G
26492,22378,Android,4G
26493,22379,Android,5G
26494,22380,Android,5G
26495,22381,Android,5G
26496,22381,Web,4G
26497,22382,Android,5G
26498,22383,Android,5G
26499,22384,Android,5G
26500,22385,Android,5G
26501,22386,Android,4G
26502,22387,Android,WiFi
26503,22388,Android,5G
26504,22388,Android,5G
26505,22389,Web,5G
26506,22390,Android,5G
26507,22391,iOS,5G
26508,22391,Android,WiFi
26509,22392,Android,WiFi
26510,22392,Android,5G
26511,22393,Android,4G
26512,22394,Android,4G
26513,22394,Android,WiFi
26514,22395,iOS,3G
26515,22396,Android,WiFi
26516,22397,Android,4G
26517,22398,Android,5G
26518,22399,Android,4G
26519,22400,Android,5G
26520,22401,Android,4G
26521,22402,Android,4G
26522,22403,Web,5G
26523,22404,Android,WiFi
26524,22405,Android,4G
26525,22406,Android,4G
26526,22406,Android,5G
26527,22407,Android,5G
26528,22407,Android,4G
26529,22408,Android,4G
26530,22409,Android,4G
26531,22410,iOS,WiFi
26532,22411,iOS,WiFi
26533,22412,Android,4G
26534,22413,Android,3G
26535,22414,Android,WiFi
26536,22415,Android,WiFi
26537,22416,Android,3G
26538,22416,Android,5G
26539,22417,Android,4G
26540,22418,Android,4G
26541,22419,Android,WiFi
26542,22420,Android,WiFi
26543,22420,Android,4G
26544,22421,Android,5G
26545,22422,Android,4G
26546,22423,Android,3G
26547,22424,Android,4G
26548,22425,iOS,5G
26549,22426,Android,WiFi
26550,22427,Android,4G
26551,22428,Android,4G
26552,22429,Android,4G
26553,22429,Android,WiFi
26554,22430,Android,4G
26555,22431,Android,5G
26556,22432,Android,5G
26557,22433,Android,4G
26558,22434,Android,4G
26559,22435,Android,5G
26560,22436,Android,5G
26561,22437,Android,4G
26562,22438,Android,5G
26563,22439,Android,WiFi
26564,22439,iOS,4G
26565,22440,Android,4G
26566,22441,Android,4G
26567,22442,Android,4G
26568,22442,Android,4G
26569,22443,Android,4G
26570,22444,Android,WiFi
26571,22444,Android,4G
26572,22445,Android,WiFi
26573,22446,Android,4G
26574,22447,Android,4G
26575,22447,iOS,4G
26576,22448,Android,WiFi
26577,22449,iOS,4G
26578,22449,Android,5G
26579,22450,Android,5G
26580,22451,Android,5G
26581,22451,Android,5G
26582,22452,Android,4G
26583,22453,iOS,4G
26584,22454,Android,5G
26585,22454,Android,5G
26586,22455,Android,WiFi
26587,22456,Android,WiFi
26588,22457,Android,5G
26589,22458,Android,WiFi
26590,22459,Android,4G
26591,22460,Android,5G
26592,22461,Android,4G
26593,22462,Android,4G
26594,22463,iOS,4G
26595,22463,Android,4G
26596,22464,iOS,4G
26597,22465,Web,4G
26598,22466,Android,4G
26599,22467,Android,5G
26600,22468,Android,4G
26601,22468,Android,4G
26602,22469,Android,WiFi
26603,22469,Android,4G
26604,22470,Android,4G
26605,22471,Android,5G
26606,22472,Android,4G
26607,22473,Android,5G
26608,22474,Android,5G
26609,22475,iOS,5G
26610,22476,Android,4G
26611,22477,Android,5G
26612,22478,Android,4G
26613,22478,Web,4G
26614,22479,Android,4G
26615,22479,Android,4G
26616,22480,Android,4G
26617,22481,Android,4G
26618,22482,Android,WiFi
26619,22482,Android,4G
26620,22483,Android,WiFi
26621,22484,Android,5G
26622,22485,Android,4G
26623,22485,Android,4G
26624,22486,Android,5G
26625,22487,Android,4G
26626,22488,Android,4G
26627,22489,iOS,5G
26628,22490,Android,5G
26629,22490,Android,4G
26630,22491,Android,5G
26631,22492,Android,5G
26632,22493,Android,5G
26633,22494,Android,WiFi
26634,22495,Android,5G
26635,22496,Android,4G
26636,22497,Android,4G
26637,22498,Android,4G
26638,22499,Android,WiFi
26639,22500,Android,WiFi
26640,22500,Android,4G
26641,22501,Android,4G
26642,22502,Android,WiFi
26643,22503,Android,5G
26644,22504,iOS,5G
26645,22505,Android,5G
26646,22506,Android,4G
26647,22506,Android,4G
26648,22507,iOS,4G
26649,22508,Android,5G
26650,22509,Android,WiFi
26651,22509,Android,5G
26652,22510,Android,WiFi
26653,22511,Android,5G
26654,22512,iOS,WiFi
26655,22513,Android,4G
26656,22513,iOS,3G
26657,22514,Android,4G
26658,22515,iOS,5G
26659,22516,Android,4G
26660,22517,Android,5G
26661,22518,iOS,4G
26662,22519,Android,4G
26663,22520,Android,WiFi
26664,22521,iOS,4G
26665,22522,iOS,WiFi
26666,22523,iOS,4G
26667,22524,iOS,4G
26668,22525,Android,4G
26669,22526,Android,3G
26670,22526,Android,4G
26671,22527,Android,5G
26672,22528,Android,3G
26673,22528,iOS,4G
26674,22529,iOS,4G
26675,22529,Android,3G
26676,22530,Android,5G
26677,22530,Android,WiFi
26678,22531,Android,4G
26679,22531,Android,4G
26680,22532,Android,WiFi
26681,22533,Android,4G
26682,22534,iOS,4G
26683,22535,iOS,5G
26684,22536,iOS,5G
26685,22537,Android,4G
26686,22538,Android,5G
26687,22539,Android,4G
26688,22540,Android,4G
26689,22541,iOS,WiFi
26690,22542,Android,4G
26691,22543,Android,4G
26692,22544,Android,4G
26693,22545,Android,WiFi
26694,22546,Android,5G
26695,22547,iOS,WiFi
26696,22548,Android,5G
26697,22549,Android,WiFi
26698,22550,Android,4G
26699,22551,Android,5G
26700,22552,Android,4G
26701,22553,Android,4G
26702,22554,Android,5G
26703,22555,Android,4G
26704,22556,Android,4G
26705,22557,Android,3G
26706,22558,Android,5G
26707,22559,Android,WiFi
26708,22560,Android,4G
26709,22561,Web,4G
26710,22562,Android,4G
26711,22563,Web,4G
26712,22564,Android,5G
26713,22564,Android,5G
26714,22565,Android,WiFi
26715,22565,Android,5G
26716,22566,Android,5G
26717,22567,Android,5G
26718,22568,Android,WiFi
26719,22568,Android,4G
26720,22569,Android,5G
26721,22570,Android,WiFi
26722,22571,Android,3G
26723,22572,Android,5G
26724,22572,Android,5G
26725,22573,iOS,4G
26726,22574,Android,5G
26727,22575,Android,4G
26728,22575,Android,4G
26729,22576,Android,4G
26730,22576,Android,4G
26731,22577,Android,4G
26732,22578,Android,WiFi
26733,22579,Android,5G
26734,22580,Android,4G
26735,22581,Android,4G
26736,22582,Android,4G
26737,22583,iOS,WiFi
26738,22584,Android,4G
26739,22585,Android,5G
26740,22586,Android,4G
26741,22587,Android,4G
26742,22588,Android,4G
26743,22589,Android,WiFi
26744,22590,Android,4G
26745,22591,Android,4G
26746,22592,Android,4G
26747,22593,Android,4G
26748,22594,Android,5G
26749,22595,Android,3G
26750,22596,Android,4G
26751,22597,iOS,3G
26752,22598,iOS,4G
26753,22599,Web,4G
26754,22600,iOS,5G
26755,22601,iOS,WiFi
26756,22602,Web,WiFi
26757,22603,Android,4G
26758,22603,iOS,4G
26759,22604,Android,4G
26760,22605,Android,4G
26761,22606,Android,4G
26762,22607,Android,WiFi
26763,22607,iOS,4G
26764,22608,Android,5G
26765,22609,Android,5G
26766,22610,Android,4G
26767,22611,Android,4G
26768,22612,Android,4G
26769,22613,iOS,WiFi
26770,22614,Android,5G
26771,22615,Android,3G
26772,22616,Android,3G
26773,22617,Android,4G
26774,22618,Android,5G
26775,22619,Android,5G
26776,22620,Android,WiFi
26777,22620,Android,5G
26778,22621,Android,5G
26779,22622,Android,WiFi
26780,22623,Android,5G
26781,22624,Android,4G
26782,22625,Android,WiFi
26783,22625,Android,4G
26784,22626,Android,4G
26785,22626,Android,5G
26786,22627,iOS,4G
26787,22628,Android,4G
26788,22628,iOS,4G
26789,22629,Android,4G
26790,22630,Android,3G
26791,22630,Web,4G
26792,22631,Android,5G
26793,22632,Android,4G
26794,22633,Android,WiFi
26795,22634,Android,4G
26796,22635,Android,5G
26797,22635,Android,4G
26798,22636,Android,WiFi
26799,22637,Android,4G
26800,22638,Android,4G
26801,22639,Android,5G
26802,22640,Android,4G
26803,22641,Android,4G
26804,22642,Android,4G
26805,22643,Android,4G
26806,22644,Web,4G
26807,22645,Android,4G
26808,22646,iOS,5G
26809,22647,iOS,WiFi
26810,22648,Android,WiFi
26811,22649,Android,WiFi
26812,22650,Android,3G
26813,22651,Android,WiFi
26814,22652,Android,5G
26815,22653,iOS,4G
26816,22654,Android,WiFi
26817,22654,Android,WiFi
26818,22655,Android,4G
26819,22656,Android,WiFi
26820,22657,Android,5G
26821,22658,iOS,5G
26822,22659,Android,4G
26823,22660,Android,5G
26824,22661,Android,4G
26825,22662,Android,4G
26826,22663,Android,WiFi
26827,22664,Android,3G
26828,22665,iOS,WiFi
26829,22666,Android,4G
26830,22667,Android,5G
26831,22667,Android,WiFi
26832,22668,iOS,5G
26833,22669,Android,WiFi
26834,22670,Android,WiFi
26835,22671,Web,4G
26836,22671,Android,4G
26837,22672,Android,5G
26838,22672,Android,4G
26839,22673,Android,4G
26840,22674,Android,5G
26841,22675,Android,4G
26842,22676,iOS,4G
26843,22676,Android,WiFi
26844,22677,Android,5G
26845,22678,Android,4G
26846,22679,Android,WiFi
26847,22679,Android,5G
26848,22680,Android,4G
26849,22680,Android,4G
26850,22681,Android,4G
26851,22681,Android,5G
26852,22682,Android,WiFi
26853,22683,iOS,WiFi
26854,22684,Android,4G
26855,22684,Android,WiFi
26856,22685,Android,4G
26857,22685,Android,WiFi
26858,22686,Android,5G
26859,22687,iOS,4G
26860,22687,Android,4G
26861,22688,Android,WiFi
26862,22689,Android,WiFi
26863,22690,Android,4G
26864,22691,Android,5G
26865,22692,Android,5G
26866,22693,Android,4G
26867,22693,Android,WiFi
26868,22694,Android,5G
26869,22694,iOS,4G
26870,22695,Android,WiFi
26871,22696,Android,WiFi
26872,22697,Android,WiFi
26873,22698,Android,5G
26874,22699,iOS,WiFi
26875,22699,Android,4G
26876,22700,Android,3G
26877,22700,Android,4G
26878,22701,Android,4G
26879,22702,Android,5G
26880,22703,Android,4G
26881,22704,Android,4G
26882,22705,Android,4G
26883,22706,iOS,4G
26884,22707,Android,WiFi
26885,22708,Android,5G
26886,22709,Android,5G
26887,22710,Android,WiFi
26888,22711,Android,4G
26889,22712,Android,4G
26890,22713,Android,5G
26891,22714,Android,WiFi
26892,22715,Android,4G
26893,22716,Android,WiFi
26894,22717,Android,4G
26895,22718,Android,WiFi
26896,22719,Android,4G
26897,22720,Android,4G
26898,22721,Android,4G
26899,22722,Android,4G
26900,22722,Android,4G
26901,22723,Android,5G
26902,22723,iOS,4G
26903,22724,Android,4G
26904,22725,Android,5G
26905,22725,Android,4G
26906,22726,Android,4G
26907,22726,Android,4G
26908,22727,iOS,4G
26909,22727,Android,4G
26910,22728,iOS,4G
26911,22729,Android,4G
26912,22729,Android,5G
26913,22730,Android,5G
26914,22731,Android,4G
26915,22732,Android,3G
26916,22733,Android,4G
26917,22734,iOS,4G
26918,22735,Android,4G
26919,22736,Android,4G
26920,22737,Android,4G
26921,22737,iOS,4G
26922,22738,Android,5G
26923,22739,Android,WiFi
26924,22740,iOS,WiFi
26925,22740,Android,4G
26926,22741,Android,4G
26927,22741,Android,4G
26928,22742,Android,5G
26929,22743,Android,4G
26930,22744,Android,3G
26931,22745,Android,5G
26932,22746,Android,5G
26933,22747,Android,5G
26934,22748,Android,4G
26935,22749,Android,4G
26936,22750,Android,4G
26937,22751,iOS,5G
26938,22751,Android,4G
26939,22752,iOS,5G
26940,22753,Android,4G
26941,22754,Android,3G
26942,22755,Android,WiFi
26943,22756,Android,4G
26944,22757,iOS,4G
26945,22758,iOS,5G
26946,22759,Android,4G
26947,22760,Android,4G
26948,22761,Android,5G
26949,22761,Android,WiFi
26950,22762,Android,4G
26951,22763,Android,4G
26952,22764,Android,4G
26953,22765,Android,4G
26954,22766,Web,WiFi
26955,22767,Android,4G
26956,22768,Android,4G
26957,22769,iOS,4G
26958,22770,Android,WiFi
26959,22770,iOS,4G
26960,22771,Android,4G
26961,22772,Android,5G
26962,22773,Android,4G
26963,22774,Android,4G
26964,22775,Android,5G
26965,22775,Android,4G
26966,22776,iOS,4G
26967,22777,iOS,4G
26968,22778,iOS,4G
26969,22779,iOS,5G
26970,22779,Android,4G
26971,22780,Android,WiFi
26972,22780,Android,WiFi
26973,22781,Android,WiFi
26974,22782,Android,4G
26975,22783,Android,4G
26976,22783,Android,WiFi
26977,22784,Android,WiFi
26978,22785,Android,5G
26979,22786,Android,5G
26980,22787,iOS,4G
26981,22787,Android,4G
26982,22788,Android,4G
26983,22788,Android,5G
26984,22789,Android,5G
26985,22790,Android,4G
26986,22790,Android,4G
26987,22791,Android,4G
26988,22792,Web,4G
26989,22793,iOS,4G
26990,22794,iOS,WiFi
26991,22795,Android,WiFi
26992,22796,Android,4G
26993,22797,Android,5G
26994,22798,Android,4G
26995,22798,Android,WiFi
26996,22799,Android,4G
26997,22800,Android,4G
26998,22801,Android,5G
26999,22802,Android,4G
27000,22803,Android,WiFi
27001,22803,Android,4G
27002,22804,Android,4G
27003,22805,iOS,4G
27004,22806,Android,5G
27005,22806,Android,WiFi
27006,22807,Android,WiFi
27007,22807,Android,5G
27008,22808,Android,4G
27009,22809,Android,4G
27010,22810,Android,4G
27011,22811,Android,WiFi
27012,22812,Android,WiFi
27013,22813,Android,WiFi
27014,22814,iOS,4G
27015,22815,Android,5G
27016,22816,Android,WiFi
27017,22817,iOS,WiFi
27018,22818,Android,5G
27019,22818,Android,4G
27020,22819,Android,4G
27021,22820,Android,WiFi
27022,22821,Android,WiFi
27023,22822,Android,5G
27024,22823,Android,WiFi
27025,22823,Android,4G
27026,22824,Android,4G
27027,22824,Android,3G
27028,22825,Android,4G
27029,22826,iOS,4G
27030,22826,Android,4G
27031,22827,Android,4G
27032,22828,Android,4G
27033,22829,Android,4G
27034,22830,Android,5G
27035,22831,Android,5G
27036,22832,Android,4G
27037,22833,Android,4G
27038,22834,Android,3G
27039,22835,Android,4G
27040,22836,Android,5G
27041,22837,Android,4G
27042,22838,iOS,5G
27043,22839,Android,5G
27044,22840,Android,WiFi
27045,22841,iOS,5G
27046,22842,Android,4G
27047,22842,Android,5G
27048,22843,iOS,4G
27049,22844,Android,4G
27050,22844,Android,4G
27051,22845,Android,5G
27052,22846,Android,5G
27053,22846,Android,5G
27054,22847,Android,WiFi
27055,22847,Android,4G
27056,22848,Android,5G
27057,22849,Android,4G
27058,22850,Android,4G
27059,22851,Android,4G
27060,22852,Android,4G
27061,22853,Android,5G
27062,22854,Android,4G
27063,22855,Android,5G
27064,22855,Android,5G
27065,22856,Android,4G
27066,22857,Android,5G
27067,22858,iOS,5G
27068,22859,iOS,5G
27069,22860,iOS,4G
27070,22861,Android,5G
27071,22862,Android,5G
27072,22863,Android,4G
27073,22864,Android,5G
27074,22865,Android,5G
27075,22865,Android,4G
27076,22866,iOS,4G
27077,22867,Android,5G
27078,22868,Android,WiFi
27079,22868,Android,5G
27080,22869,Android,5G
27081,22870,Android,WiFi
27082,22871,Android,5G
27083,22872,Android,5G
27084,22872,iOS,5G
27085,22873,Android,4G
27086,22874,Android,5G
27087,22875,Android,4G
27088,22876,Android,4G
27089,22877,Android,5G
27090,22877,iOS,WiFi
27091,22878,Android,5G
27092,22879,Android,5G
27093,22880,Android,WiFi
27094,22880,Android,4G
27095,22881,Android,5G
27096,22882,Android,4G
27097,22883,Android,WiFi
27098,22884,Android,4G
27099,22885,Android,4G
27100,22886,Android,4G
27101,22887,Android,WiFi
27102,22888,Android,4G
27103,22889,Android,5G
27104,22890,Android,4G
27105,22891,Android,WiFi
27106,22892,Android,WiFi
27107,22893,iOS,4G
27108,22894,Android,WiFi
27109,22895,Android,4G
27110,22896,Android,3G
27111,22897,Android,4G
27112,22897,Android,5G
27113,22898,iOS,5G
27114,22899,Android,WiFi
27115,22900,Android,3G
27116,22900,Android,WiFi
27117,22901,Android,4G
27118,22902,iOS,5G
27119,22903,iOS,4G
27120,22904,Android,4G
27121,22904,iOS,5G
27122,22905,iOS,WiFi
27123,22905,Android,WiFi
27124,22906,Android,5G
27125,22907,Android,4G
27126,22908,Android,WiFi
27127,22909,Android,5G
27128,22910,Android,WiFi
27129,22911,Android,3G
27130,22912,Android,4G
27131,22913,Android,4G
27132,22913,Android,4G
27133,22914,Android,WiFi
27134,22915,Android,4G
27135,22916,Android,4G
27136,22916,Android,5G
27137,22917,Web,5G
27138,22918,Android,4G
27139,22919,Android,WiFi
27140,22920,Android,WiFi
27141,22920,Android,4G
27142,22921,Android,5G
27143,22922,iOS,5G
27144,22923,Android,4G
27145,22924,Android,3G
27146,22925,Android,4G
27147,22925,Android,5G
27148,22926,Android,4G
27149,22927,Android,5G
27150,22928,Android,4G
27151,22929,Android,5G
27152,22930,Android,4G
27153,22931,Android,4G
27154,22931,Android,WiFi
27155,22932,Android,5G
27156,22933,iOS,WiFi
27157,22933,Android,5G
27158,22934,iOS,5G
27159,22934,Android,WiFi
27160,22935,iOS,5G
27161,22936,iOS,4G
27162,22937,Android,4G
27163,22938,Android,4G
27164,22938,Android,5G
27165,22939,Android,5G
27166,22940,Android,4G
27167,22941,Android,WiFi
27168,22942,Android,5G
27169,22943,Android,5G
27170,22944,Android,4G
27171,22945,Android,3G
27172,22946,Android,4G
27173,22947,Android,4G
27174,22948,Android,3G
27175,22949,Android,WiFi
27176,22950,Android,5G
27177,22951,Android,5G
27178,22952,Android,4G
27179,22953,iOS,WiFi
27180,22954,Android,4G
27181,22954,Web,4G
27182,22955,Android,5G
27183,22955,Android,4G
27184,22956,Android,WiFi
27185,22957,Android,WiFi
27186,22958,Android,5G
27187,22959,Android,4G
27188,22960,Web,5G
27189,22961,iOS,5G
27190,22962,Android,WiFi
27191,22963,Android,5G
27192,22964,Android,3G
27193,22964,iOS,4G
27194,22965,Android,4G
27195,22966,Android,WiFi
27196,22967,Android,4G
27197,22968,Android,5G
27198,22969,Android,WiFi
27199,22970,Android,4G
27200,22970,Android,5G
27201,22971,Android,5G
27202,22972,Android,5G
27203,22973,iOS,4G
27204,22974,Android,4G
27205,22975,Android,5G
27206,22976,Android,4G
27207,22977,Android,4G
27208,22978,Android,5G
27209,22979,Android,4G
27210,22980,iOS,4G
27211,22981,Android,4G
27212,22981,Android,4G
27213,22982,Android,4G
27214,22983,Android,4G
27215,22984,Android,5G
27216,22985,Android,4G
27217,22986,iOS,5G
27218,22987,Android,5G
27219,22988,Android,4G
27220,22988,Android,WiFi
27221,22989,Android,4G
27222,22989,iOS,WiFi
27223,22990,iOS,4G
27224,22991,Android,4G
27225,22992,Web,5G
27226,22993,iOS,WiFi
27227,22993,Android,4G
27228,22994,Android,5G
27229,22995,Android,4G
27230,22996,iOS,5G
27231,22997,Web,4G
27232,22998,Android,5G
27233,22999,Android,WiFi
27234,22999,Android,4G
27235,23000,Android,5G
27236,23001,iOS,5G
27237,23002,Android,5G
27238,23003,iOS,4G
27239,23004,Android,4G
27240,23004,iOS,5G
27241,23005,Web,3G
27242,23006,Android,4G
27243,23006,iOS,4G
27244,23007,Android,WiFi
27245,23008,Android,5G
27246,23009,iOS,5G
27247,23010,iOS,WiFi
27248,23011,Android,4G
27249,23012,iOS,5G
27250,23013,Android,4G
27251,23013,Android,4G
27252,23014,Android,4G
27253,23015,Android,5G
27254,23016,iOS,WiFi
27255,23016,Android,4G
27256,23017,Android,4G
27257,23017,Android,5G
27258,23018,Android,4G
27259,23019,Android,5G
27260,23020,Android,5G
27261,23021,Android,3G
27262,23022,Android,4G
27263,23023,Android,4G
27264,23024,Android,4G
27265,23025,Android,5G
27266,23025,iOS,5G
27267,23026,iOS,4G
27268,23027,iOS,5G
27269,23028,Android,5G
27270,23029,iOS,4G
27271,23030,Android,4G
27272,23031,Android,4G
27273,23032,Android,5G
27274,23033,Android,4G
27275,23034,Android,5G
27276,23035,Android,5G
27277,23036,Android,4G
27278,23037,Android,WiFi
27279,23037,Android,5G
27280,23038,Android,4G
27281,23039,Android,WiFi
27282,23040,iOS,4G
27283,23041,Android,4G
27284,23042,Android,4G
27285,23043,Android,WiFi
27286,23044,iOS,WiFi
27287,23045,Android,4G
27288,23046,Android,4G
27289,23046,Android,4G
27290,23047,Android,WiFi
27291,23047,Android,4G
27292,23048,Android,4G
27293,23049,Android,5G
27294,23050,Android,5G
27295,23051,Android,4G
27296,23052,Android,5G
27297,23053,Android,WiFi
27298,23054,Android,4G
27299,23055,Web,WiFi
27300,23055,Android,5G
27301,23056,Android,5G
27302,23057,Android,4G
27303,23058,Android,5G
27304,23058,Android,4G
27305,23059,Android,5G
27306,23059,Android,5G
27307,23060,Android,5G
27308,23060,Android,4G
27309,23061,Android,3G
27310,23061,Android,4G
27311,23062,iOS,WiFi
27312,23063,iOS,5G
27313,23064,Android,4G
27314,23065,Android,WiFi
27315,23066,Android,WiFi
27316,23067,Android,WiFi
27317,23068,Android,WiFi
27318,23068,iOS,4G
27319,23069,Android,4G
27320,23069,Android,4G
27321,23070,Android,4G
27322,23071,Android,5G
27323,23072,iOS,5G
27324,23073,Android,4G
27325,23074,Android,4G
27326,23075,Android,4G
27327,23076,Android,4G
27328,23077,Android,5G
27329,23078,iOS,WiFi
27330,23079,Android,WiFi
27331,23079,iOS,4G
27332,23080,Android,WiFi
27333,23081,Android,5G
27334,23081,Android,4G
27335,23082,Android,4G
27336,23083,Android,4G
27337,23084,Android,5G
27338,23085,Android,4G
27339,23085,Android,4G
27340,23086,Android,5G
27341,23087,Android,4G
27342,23087,Android,WiFi
27343,23088,Android,3G
27344,23088,Android,5G
27345,23089,iOS,5G
27346,23090,Android,4G
27347,23091,Android,4G
27348,23092,Android,5G
27349,23093,Android,5G
27350,23093,Android,4G
27351,23094,Android,4G
27352,23095,Android,5G
27353,23096,Android,4G
27354,23097,Android,3G
27355,23098,Android,4G
27356,23099,Android,4G
27357,23100,Android,4G
27358,23101,Android,WiFi
27359,23102,Android,WiFi
27360,23103,Android,4G
27361,23103,Android,5G
27362,23104,Android,5G
27363,23105,iOS,4G
27364,23106,Android,5G
27365,23106,Android,WiFi
27366,23107,Android,5G
27367,23108,iOS,4G
27368,23108,Android,3G
27369,23109,Android,3G
27370,23110,Android,4G
27371,23111,Android,4G
27372,23112,Android,4G
27373,23113,iOS,WiFi
27374,23114,Android,5G
27375,23114,Android,4G
27376,23115,Android,4G
27377,23116,Android,3G
27378,23117,Android,4G
27379,23118,Android,4G
27380,23119,Android,4G
27381,23120,iOS,5G
27382,23121,Android,5G
27383,23122,Android,4G
27384,23123,Android,3G
27385,23124,iOS,4G
27386,23125,Android,4G
27387,23126,Android,4G
27388,23127,Android,4G
27389,23128,iOS,4G
27390,23128,Android,4G
27391,23129,Android,5G
27392,23130,Android,WiFi
27393,23131,Android,4G
27394,23132,Android,5G
27395,23133,Android,5G
27396,23134,Android,5G
27397,23135,Android,4G
27398,23136,iOS,4G
27399,23136,Android,5G
27400,23137,Android,4G
27401,23138,Android,WiFi
27402,23139,Android,4G
27403,23140,Android,WiFi
27404,23141,Android,3G
27405,23142,Android,5G
27406,23143,Android,4G
27407,23143,Android,4G
27408,23144,Android,5G
27409,23145,iOS,5G
27410,23145,Android,4G
27411,23146,Android,5G
27412,23147,Android,5G
27413,23148,Android,WiFi
27414,23148,Android,4G
27415,23149,Android,WiFi
27416,23150,Android,4G
27417,23151,Android,5G
27418,23152,Android,5G
27419,23153,Android,WiFi
27420,23153,Android,4G
27421,23154,Android,4G
27422,23155,iOS,4G
27423,23156,Android,4G
27424,23156,Android,5G
27425,23157,Android,5G
27426,23158,iOS,4G
27427,23159,Android,5G
27428,23160,Android,4G
27429,23161,Android,5G
27430,23161,Android,4G
27431,23162,Android,4G
27432,23162,Android,WiFi
27433,23163,iOS,4G
27434,23164,Android,5G
27435,23165,Android,4G
27436,23166,Android,5G
27437,23167,Android,WiFi
27438,23168,Android,4G
27439,23168,Android,5G
27440,23169,Android,5G
27441,23169,iOS,4G
27442,23170,Android,4G
27443,23171,Android,4G
27444,23172,Android,4G
27445,23172,Android,4G
27446,23173,iOS,4G
27447,23174,iOS,WiFi
27448,23174,Web,WiFi
27449,23175,iOS,5G
27450,23176,Android,3G
27451,23177,Android,4G
27452,23178,Android,5G
27453,23179,Android,WiFi
27454,23180,Android,4G
27455,23181,Android,4G
27456,23182,iOS,4G
27457,23183,Web,4G
27458,23184,iOS,4G
27459,23185,iOS,4G
27460,23186,iOS,3G
27461,23187,Android,4G
27462,23188,Android,4G
27463,23189,iOS,5G
27464,23190,Android,5G
27465,23191,Android,WiFi
27466,23192,Android,5G
27467,23193,Android,WiFi
27468,23194,Android,4G
27469,23195,Android,5G
27470,23195,Android,5G
27471,23196,Android,4G
27472,23197,Android,WiFi
27473,23198,Android,WiFi
27474,23199,Android,4G
27475,23200,Android,WiFi
27476,23201,Android,4G
27477,23201,Android,4G
27478,23202,Android,4G
27479,23203,iOS,WiFi
27480,23204,Android,5G
27481,23205,Android,WiFi
27482,23206,Android,4G
27483,23207,Web,4G
27484,23208,Android,4G
27485,23209,Android,4G
27486,23210,Android,5G
27487,23210,Android,4G
27488,23211,Android,WiFi
27489,23212,iOS,WiFi
27490,23213,Android,5G
27491,23214,Android,WiFi
27492,23214,Android,4G
27493,23215,Android,5G
27494,23216,iOS,4G
27495,23217,Android,5G
27496,23218,Android,WiFi
27497,23219,Android,WiFi
27498,23220,Web,WiFi
27499,23221,Android,WiFi
27500,23221,Android,WiFi
27501,23222,iOS,5G
27502,23223,Android,WiFi
27503,23224,Android,5G
27504,23225,Android,4G
27505,23226,Android,4G
27506,23227,Android,3G
27507,23227,Android,4G
27508,23228,Android,4G
27509,23228,Android,WiFi
27510,23229,Android,4G
27511,23230,Android,WiFi
27512,23231,Android,5G
27513,23232,Android,4G
27514,23233,Android,5G
27515,23234,Android,5G
27516,23234,Android,4G
27517,23235,Android,WiFi
27518,23236,Android,4G
27519,23237,Android,4G
27520,23238,iOS,4G
27521,23239,iOS,5G
27522,23240,Android,4G
27523,23241,Android,WiFi
27524,23242,iOS,WiFi
27525,23243,Android,4G
27526,23244,Android,4G
27527,23245,iOS,5G
27528,23245,Android,WiFi
27529,23246,iOS,5G
27530,23247,Android,5G
27531,23248,iOS,4G
27532,23248,Android,5G
27533,23249,Android,5G
27534,23250,iOS,5G
27535,23251,Android,4G
27536,23252,iOS,4G
27537,23252,Android,5G
27538,23253,Android,4G
27539,23254,Android,4G
27540,23255,Android,5G
27541,23255,Android,4G
27542,23256,Android,WiFi
27543,23256,Android,4G
27544,23257,Android,5G
27545,23258,Android,WiFi
27546,23259,Android,WiFi
27547,23260,Android,5G
27548,23261,iOS,5G
27549,23262,Android,WiFi
27550,23263,Android,4G
27551,23264,Android,WiFi
27552,23265,Android,5G
27553,23266,Web,WiFi
27554,23267,iOS,5G
27555,23268,Android,4G
27556,23269,Android,5G
27557,23270,Android,4G
27558,23270,Android,5G
27559,23271,Android,5G
27560,23272,iOS,WiFi
27561,23273,Android,4G
27562,23274,iOS,WiFi
27563,23275,Android,WiFi
27564,23276,Web,3G
27565,23277,Android,WiFi
27566,23277,Android,WiFi
27567,23278,Android,5G
27568,23279,iOS,4G
27569,23280,Android,WiFi
27570,23281,Android,5G
27571,23282,Android,5G
27572,23283,iOS,WiFi
27573,23284,Android,5G
27574,23285,Android,4G
27575,23285,Android,3G
27576,23286,iOS,4G
27577,23287,Android,WiFi
27578,23288,Android,3G
27579,23289,Android,3G
27580,23290,Android,4G
27581,23291,Android,WiFi
27582,23292,Android,3G
27583,23293,Android,4G
27584,23294,iOS,WiFi
27585,23295,iOS,WiFi
27586,23296,Android,4G
27587,23297,Android,4G
27588,23298,Android,5G
27589,23298,Android,4G
27590,23299,Android,5G
27591,23300,Android,4G
27592,23301,Android,3G
27593,23302,Android,5G
27594,23303,Android,4G
27595,23304,Android,3G
27596,23305,iOS,3G
27597,23306,iOS,4G
27598,23306,Android,4G
27599,23307,Android,4G
27600,23307,Android,4G
27601,23308,iOS,4G
27602,23309,Web,5G
27603,23310,Android,4G
27604,23311,iOS,5G
27605,23312,Android,WiFi
27606,23313,Android,4G
27607,23314,Android,WiFi
27608,23315,Android,WiFi
27609,23316,Android,3G
27610,23317,Android,4G
27611,23318,Android,WiFi
27612,23319,Android,4G
27613,23320,Android,4G
27614,23321,Android,5G
27615,23321,Android,3G
27616,23322,Android,5G
27617,23323,Android,4G
27618,23324,Android,5G
27619,23325,Android,4G
27620,23325,Android,5G
27621,23326,Android,5G
27622,23327,Android,5G
27623,23327,iOS,4G
27624,23328,Android,WiFi
27625,23329,Android,WiFi
27626,23330,iOS,4G
27627,23331,iOS,4G
27628,23332,iOS,4G
27629,23333,iOS,4G
27630,23334,Web,WiFi
27631,23335,iOS,WiFi
27632,23335,Android,5G
27633,23336,Android,WiFi
27634,23336,Android,5G
27635,23337,Android,WiFi
27636,23338,Android,5G
27637,23339,Web,4G
27638,23340,Android,5G
27639,23341,Android,4G
27640,23342,Android,5G
27641,23342,iOS,4G
27642,23343,Android,4G
27643,23344,Android,WiFi
27644,23345,Android,4G
27645,23346,Android,4G
27646,23346,Android,WiFi
27647,23347,Android,4G
27648,23348,Android,5G
27649,23348,iOS,4G
27650,23349,Android,WiFi
27651,23350,Android,4G
27652,23351,Android,4G
27653,23352,Android,WiFi
27654,23353,Android,3G
27655,23354,iOS,5G
27656,23354,Android,4G
27657,23355,Android,4G
27658,23356,Android,5G
27659,23357,Android,4G
27660,23357,Android,4G
27661,23358,iOS,WiFi
27662,23359,Android,5G
27663,23360,Android,4G
27664,23361,iOS,5G
27665,23362,iOS,WiFi
27666,23363,Android,4G
27667,23364,iOS,WiFi
27668,23365,Android,4G
27669,23366,iOS,4G
27670,23367,iOS,5G
27671,23368,Android,5G
27672,23368,iOS,4G
27673,23369,Android,4G
27674,23370,Android,5G
27675,23371,iOS,5G
27676,23372,Android,4G
27677,23373,Android,4G
27678,23374,Android,4G
27679,23375,Android,3G
27680,23376,Android,WiFi
27681,23376,Android,4G
27682,23377,iOS,5G
27683,23378,Android,5G
27684,23379,Android,4G
27685,23379,Android,WiFi
27686,23380,Android,5G
27687,23381,Android,WiFi
27688,23382,iOS,4G
27689,23383,Android,WiFi
27690,23383,Android,4G
27691,23384,Android,5G
27692,23385,iOS,5G
27693,23385,iOS,5G
27694,23386,iOS,3G
27695,23387,Android,4G
27696,23388,Android,5G
27697,23389,Android,5G
27698,23390,iOS,4G
27699,23391,Android,4G
27700,23392,iOS,5G
27701,23393,Android,4G
27702,23394,iOS,WiFi
27703,23395,Android,WiFi
27704,23396,Android,4G
27705,23397,Android,4G
27706,23398,iOS,4G
27707,23399,Android,WiFi
27708,23400,Android,5G
27709,23401,Android,5G
27710,23402,Android,WiFi
27711,23402,Android,4G
27712,23403,Android,5G
27713,23404,Android,WiFi
27714,23405,iOS,WiFi
27715,23406,Android,4G
27716,23406,Android,WiFi
27717,23407,Android,5G
27718,23408,Android,5G
27719,23408,Android,5G
27720,23409,Android,5G
27721,23410,iOS,4G
27722,23411,Android,5G
27723,23412,Android,4G
27724,23413,Android,WiFi
27725,23414,Android,5G
27726,23415,Android,5G
27727,23416,Web,4G
27728,23417,Android,4G
27729,23417,iOS,5G
27730,23418,Android,5G
27731,23418,Android,4G
27732,23419,iOS,4G
27733,23420,Android,5G
27734,23421,Android,4G
27735,23422,Android,5G
27736,23423,Android,WiFi
27737,23424,iOS,5G
27738,23424,iOS,5G
27739,23425,Android,4G
27740,23425,Android,4G
27741,23426,Android,5G
27742,23427,iOS,4G
27743,23428,iOS,5G
27744,23429,iOS,5G
27745,23430,Android,4G
27746,23431,Android,5G
27747,23432,Android,4G
27748,23432,Android,5G
27749,23433,iOS,4G
27750,23433,Android,5G
27751,23434,iOS,4G
27752,23435,Android,5G
27753,23436,Android,5G
27754,23436,Android,4G
27755,23437,Android,5G
27756,23438,Android,5G
27757,23439,Android,4G
27758,23440,Android,4G
27759,23440,Web,WiFi
27760,23441,Android,4G
27761,23441,Android,4G
27762,23442,iOS,4G
27763,23442,Android,5G
27764,23443,iOS,5G
27765,23444,Android,5G
27766,23445,Web,5G
27767,23446,Android,5G
27768,23447,Android,4G
27769,23447,Android,5G
27770,23448,Android,5G
27771,23448,Android,4G
27772,23449,Android,4G
27773,23449,Android,4G
27774,23450,Android,4G
27775,23451,Android,5G
27776,23451,iOS,WiFi
27777,23452,Android,4G
27778,23453,Android,5G
27779,23454,iOS,WiFi
27780,23455,iOS,5G
27781,23455,Android,4G
27782,23456,Android,5G
27783,23457,Android,4G
27784,23458,Android,5G
27785,23459,Android,5G
27786,23460,Android,4G
27787,23461,Android,WiFi
27788,23462,iOS,4G
27789,23463,iOS,5G
27790,23464,Android,4G
27791,23465,Android,WiFi
27792,23466,Android,4G
27793,23467,Android,4G
27794,23468,Android,4G
27795,23468,Android,4G
27796,23469,Android,4G
27797,23470,Android,WiFi
27798,23471,iOS,3G
27799,23471,Android,4G
27800,23472,Android,4G
27801,23472,iOS,3G
27802,23473,Android,5G
27803,23474,iOS,5G
27804,23475,iOS,4G
27805,23476,Android,WiFi
27806,23477,Android,5G
27807,23478,Android,4G
27808,23478,Android,5G
27809,23479,Android,4G
27810,23480,Web,5G
27811,23481,Android,5G
27812,23482,Android,4G
27813,23483,Android,WiFi
27814,23484,Android,4G
27815,23485,Android,5G
27816,23486,Android,WiFi
27817,23487,iOS,4G
27818,23488,Android,4G
27819,23488,Android,WiFi
27820,23489,Android,4G
27821,23489,Android,WiFi
27822,23490,iOS,WiFi
27823,23490,Android,4G
27824,23491,Android,WiFi
27825,23492,Android,4G
27826,23493,Android,4G
27827,23494,Android,5G
27828,23495,Android,5G
27829,23496,Android,4G
27830,23497,Android,5G
27831,23498,Android,5G
27832,23499,Android,4G
27833,23499,Android,4G
27834,23500,Android,4G
27835,23501,iOS,WiFi
27836,23502,Android,WiFi
27837,23503,Android,4G
27838,23504,iOS,5G
27839,23505,Android,5G
27840,23506,iOS,5G
27841,23507,Android,4G
27842,23508,Android,WiFi
27843,23509,Android,4G
27844,23510,Android,5G
27845,23511,Android,5G
27846,23512,Android,5G
27847,23513,Android,5G
27848,23514,Android,5G
27849,23515,Android,4G
27850,23516,Android,5G
27851,23517,Android,WiFi
27852,23518,Android,WiFi
27853,23519,Android,5G
27854,23520,Android,4G
27855,23521,iOS,4G
27856,23521,Android,4G
27857,23522,Android,4G
27858,23523,Android,5G
27859,23523,Android,WiFi
27860,23524,Android,WiFi
27861,23525,Android,3G
27862,23526,Android,4G
27863,23526,Android,4G
27864,23527,Android,4G
27865,23527,Android,5G
27866,23528,Web,5G
27867,23529,Android,4G
27868,23530,Android,WiFi
27869,23531,Android,WiFi
27870,23532,Android,4G
27871,23533,Android,WiFi
27872,23534,Android,5G
27873,23535,Android,WiFi
27874,23536,Android,4G
27875,23537,Android,WiFi
27876,23538,Web,3G
27877,23539,Android,WiFi
27878,23540,Android,5G
27879,23540,iOS,4G
27880,23541,Android,5G
27881,23541,iOS,4G
27882,23542,Android,5G
27883,23543,iOS,4G
27884,23544,iOS,5G
27885,23545,Android,3G
27886,23546,Android,WiFi
27887,23547,Android,4G
27888,23548,Android,5G
27889,23549,Android,4G
27890,23549,Android,WiFi
27891,23550,Android,3G
27892,23550,Android,4G
27893,23551,Android,4G
27894,23552,Android,5G
27895,23553,Android,4G
27896,23554,Android,4G
27897,23555,iOS,5G
27898,23555,Android,4G
27899,23556,Android,4G
27900,23557,Android,4G
27901,23557,Web,4G
27902,23558,iOS,5G
27903,23559,iOS,5G
27904,23560,iOS,3G
27905,23561,Android,3G
27906,23562,Android,WiFi
27907,23563,Android,4G
27908,23564,Android,4G
27909,23565,iOS,5G
27910,23566,Android,4G
27911,23567,Android,4G
27912,23568,Web,5G
27913,23569,Android,WiFi
27914,23569,iOS,4G
27915,23570,Android,5G
27916,23571,Android,WiFi
27917,23572,iOS,4G
27918,23573,iOS,5G
27919,23574,Android,4G
27920,23575,Android,5G
27921,23576,Android,5G
27922,23576,Android,WiFi
27923,23577,iOS,4G
27924,23578,Android,4G
27925,23578,Android,4G
27926,23579,Android,5G
27927,23580,Android,WiFi
27928,23580,Android,4G
27929,23581,Android,3G
27930,23582,Android,5G
27931,23582,Android,4G
27932,23583,iOS,4G
27933,23583,Android,5G
27934,23584,Android,4G
27935,23585,Android,4G
27936,23586,Android,5G
27937,23587,Android,4G
27938,23588,iOS,4G
27939,23589,Android,5G
27940,23590,Android,5G
27941,23591,Android,4G
27942,23592,Android,3G
27943,23593,Android,4G
27944,23594,Android,WiFi
27945,23595,Android,5G
27946,23596,Android,5G
27947,23597,Android,WiFi
27948,23597,Android,5G
27949,23598,Android,5G
27950,23599,Android,WiFi
27951,23600,iOS,4G
27952,23601,Android,5G
27953,23602,Web,3G
27954,23603,Android,3G
27955,23604,Android,3G
27956,23605,iOS,5G
27957,23605,Android,4G
27958,23606,Android,4G
27959,23607,iOS,WiFi
27960,23608,Android,4G
27961,23608,Android,5G
27962,23609,Android,WiFi
27963,23610,iOS,WiFi
27964,23611,Android,3G
27965,23612,Android,4G
27966,23613,Android,4G
27967,23613,Android,4G
27968,23614,iOS,WiFi
27969,23615,Android,4G
27970,23616,Android,4G
27971,23616,Android,4G
27972,23617,Android,4G
27973,23618,Android,5G
27974,23619,Android,WiFi
27975,23620,iOS,WiFi
27976,23620,Android,4G
27977,23621,iOS,WiFi
27978,23621,Android,4G
27979,23622,Android,4G
27980,23623,Android,4G
27981,23624,Android,WiFi
27982,23625,iOS,4G
27983,23626,Android,5G
27984,23627,Android,4G
27985,23628,Android,4G
27986,23629,iOS,4G
27987,23630,Android,WiFi
27988,23631,iOS,4G
27989,23632,Android,WiFi
27990,23633,Android,4G
27991,23634,Android,4G
27992,23634,Android,5G
27993,23635,Android,4G
27994,23635,Android,4G
27995,23636,Android,5G
27996,23637,iOS,4G
27997,23638,Android,4G
27998,23639,Android,4G
27999,23639,iOS,4G
28000,23640,Android,4G
28001,23641,Web,5G
28002,23642,Android,4G
28003,23642,Android,4G
28004,23643,Android,4G
28005,23644,Android,4G
28006,23645,Android,3G
28007,23646,iOS,WiFi
28008,23647,iOS,WiFi
28009,23648,Android,4G
28010,23649,iOS,4G
28011,23650,Web,5G
28012,23651,Android,3G
28013,23652,iOS,4G
28014,23653,iOS,4G
28015,23653,Web,5G
28016,23654,Android,4G
28017,23655,Android,4G
28018,23656,Android,4G
28019,23657,Android,4G
28020,23658,iOS,4G
28021,23659,Android,4G
28022,23660,Android,3G
28023,23660,Android,4G
28024,23661,Android,5G
28025,23662,Android,WiFi
28026,23663,Android,4G
28027,23663,Android,5G
28028,23664,Android,4G
28029,23665,iOS,3G
28030,23666,Android,5G
28031,23667,Android,4G
28032,23668,Android,4G
28033,23669,Android,WiFi
28034,23670,Android,4G
28035,23671,Android,4G
28036,23672,Android,WiFi
28037,23673,Android,4G
28038,23674,Android,4G
28039,23675,iOS,WiFi
28040,23676,Android,4G
28041,23677,Android,WiFi
28042,23678,Android,3G
28043,23679,iOS,5G
28044,23679,iOS,5G
28045,23680,Android,4G
28046,23681,Android,4G
28047,23682,Android,5G
28048,23683,Android,5G
28049,23683,Android,4G
28050,23684,Android,5G
28051,23685,Android,4G
28052,23685,Android,4G
28053,23686,Android,4G
28054,23687,Android,5G
28055,23688,Android,WiFi
28056,23689,Android,5G
28057,23690,Android,5G
28058,23690,Android,5G
28059,23691,Android,WiFi
28060,23691,Android,WiFi
28061,23692,iOS,4G
28062,23693,Android,4G
28063,23694,Android,5G
28064,23695,iOS,4G
28065,23696,Android,4G
28066,23696,iOS,4G
28067,23697,Android,4G
28068,23698,Android,4G
28069,23699,Android,4G
28070,23700,Android,4G
28071,23701,Android,WiFi
28072,23702,Android,4G
28073,23703,Web,4G
28074,23704,Android,4G
28075,23705,Android,3G
28076,23706,Android,4G
28077,23707,Android,4G
28078,23708,Android,4G
28079,23708,iOS,5G
28080,23709,Android,4G
28081,23710,iOS,4G
28082,23711,Android,WiFi
28083,23712,Android,4G
28084,23713,Android,WiFi
28085,23714,Android,5G
28086,23715,Android,4G
28087,23715,Android,WiFi
28088,23716,Android,5G
28089,23717,Android,4G
28090,23718,Android,3G
28091,23719,Android,4G
28092,23720,Android,4G
28093,23721,iOS,WiFi
28094,23722,Android,WiFi
28095,23723,Android,4G
28096,23724,Android,5G
28097,23725,Android,4G
28098,23726,iOS,4G
28099,23727,Android,5G
28100,23728,Android,4G
28101,23729,iOS,WiFi
28102,23730,Android,4G
28103,23731,iOS,3G
28104,23732,Android,5G
28105,23732,iOS,4G
28106,23733,Android,4G
28107,23734,iOS,5G
28108,23735,iOS,5G
28109,23736,Android,4G
28110,23737,Android,4G
28111,23738,Android,4G
28112,23738,iOS,5G
28113,23739,Android,4G
28114,23740,iOS,5G
28115,23741,Android,4G
28116,23742,Android,4G
28117,23743,Android,4G
28118,23743,Android,4G
28119,23744,Android,4G
28120,23745,iOS,WiFi
28121,23746,Android,4G
28122,23747,Android,WiFi
28123,23748,iOS,WiFi
28124,23749,Android,5G
28125,23749,iOS,5G
28126,23750,Android,5G
28127,23751,iOS,4G
28128,23752,Android,4G
28129,23753,Android,4G
28130,23754,iOS,4G
28131,23754,Android,5G
28132,23755,Android,5G
28133,23755,Android,WiFi
28134,23756,Android,5G
28135,23757,iOS,WiFi
28136,23757,Android,4G
28137,23758,Android,4G
28138,23759,Android,4G
28139,23760,Android,4G
28140,23761,Android,5G
28141,23761,Android,4G
28142,23762,iOS,5G
28143,23763,Android,WiFi
28144,23764,Web,4G
28145,23765,Android,5G
28146,23766,Web,WiFi
28147,23767,Android,4G
28148,23768,Android,4G
28149,23769,Android,5G
28150,23769,Android,5G
28151,23770,Android,WiFi
28152,23770,Android,4G
28153,23771,Android,4G
28154,23772,Android,WiFi
28155,23773,Android,5G
28156,23774,Android,4G
28157,23774,Android,5G
28158,23775,Android,WiFi
28159,23776,Android,4G
28160,23777,Android,WiFi
28161,23778,Android,WiFi
28162,23779,Android,4G
28163,23780,iOS,WiFi
28164,23781,Android,4G
28165,23782,Android,5G
28166,23782,iOS,WiFi
28167,23783,iOS,4G
28168,23783,Android,5G
28169,23784,Android,WiFi
28170,23785,Android,4G
28171,23786,Android,WiFi
28172,23786,iOS,4G
28173,23787,Android,4G
28174,23788,iOS,4G
28175,23789,iOS,4G
28176,23790,Android,WiFi
28177,23790,Android,5G
28178,23791,Android,5G
28179,23792,Android,WiFi
28180,23793,Android,4G
28181,23794,Android,4G
28182,23795,iOS,5G
28183,23796,iOS,5G
28184,23797,Android,5G
28185,23798,Android,WiFi
28186,23799,Android,5G
28187,23800,Android,5G
28188,23801,Android,4G
28189,23802,Android,WiFi
28190,23803,Android,5G
28191,23804,Android,WiFi
28192,23805,Android,WiFi
28193,23805,Android,5G
28194,23806,Android,WiFi
28195,23807,Android,4G
28196,23808,Android,4G
28197,23809,Android,4G
28198,23810,Android,5G
28199,23811,Android,5G
28200,23812,Android,5G
28201,23813,iOS,4G
28202,23814,Android,WiFi
28203,23815,Android,4G
28204,23816,Android,WiFi
28205,23817,Android,5G
28206,23817,Android,4G
28207,23818,iOS,WiFi
28208,23819,Android,4G
28209,23820,Android,4G
28210,23821,Android,5G
28211,23822,Android,4G
28212,23823,Android,WiFi
28213,23824,Android,4G
28214,23825,Android,4G
28215,23826,Android,4G
28216,23827,Android,WiFi
28217,23828,iOS,4G
28218,23828,Android,5G
28219,23829,Android,4G
28220,23830,Android,WiFi
28221,23831,Android,4G
28222,23831,Android,WiFi
28223,23832,Android,4G
28224,23833,Android,4G
28225,23834,Android,5G
28226,23835,Android,4G
28227,23835,iOS,5G
28228,23836,Android,WiFi
28229,23837,Android,5G
28230,23837,iOS,4G
28231,23838,iOS,4G
28232,23839,Android,5G
28233,23840,Android,WiFi
28234,23841,Android,WiFi
28235,23841,Android,4G
28236,23842,iOS,4G
28237,23843,Android,WiFi
28238,23844,Android,5G
28239,23845,Android,4G
28240,23846,Android,3G
28241,23847,iOS,4G
28242,23848,Android,4G
28243,23849,iOS,WiFi
28244,23850,Android,4G
28245,23850,Android,WiFi
28246,23851,Android,4G
28247,23851,Android,4G
28248,23852,Android,4G
28249,23853,Android,4G
28250,23854,Android,5G
28251,23855,Android,5G
28252,23856,Android,4G
28253,23857,Android,WiFi
28254,23858,Android,5G
28255,23859,Android,3G
28256,23860,Android,WiFi
28257,23861,iOS,4G
28258,23862,Android,4G
28259,23863,Android,4G
28260,23864,Android,4G
28261,23865,Android,4G
28262,23866,Android,4G
28263,23867,iOS,WiFi
28264,23867,Android,5G
28265,23868,Android,3G
28266,23868,Android,5G
28267,23869,Android,5G
28268,23870,Android,4G
28269,23871,Android,WiFi
28270,23871,iOS,5G
28271,23872,iOS,4G
28272,23873,Android,4G
28273,23874,Android,4G
28274,23875,Android,5G
28275,23876,Android,4G
28276,23877,Android,4G
28277,23878,iOS,WiFi
28278,23879,iOS,4G
28279,23880,Android,4G
28280,23880,Android,4G
28281,23881,Android,4G
28282,23882,iOS,5G
28283,23882,Android,5G
28284,23883,Android,4G
28285,23883,Android,WiFi
28286,23884,Android,4G
28287,23885,iOS,4G
28288,23886,Android,WiFi
28289,23887,Android,4G
28290,23888,Android,WiFi
28291,23889,Android,4G
28292,23889,Android,5G
28293,23890,Android,5G
28294,23891,Android,5G
28295,23892,Android,4G
28296,23893,Android,5G
28297,23894,Android,3G
28298,23894,Web,4G
28299,23895,Android,3G
28300,23895,Android,4G
28301,23896,Android,5G
28302,23896,iOS,WiFi
28303,23897,Android,5G
28304,23897,Android,4G
28305,23898,iOS,4G
28306,23899,Android,5G
28307,23900,Android,4G
28308,23900,Android,4G
28309,23901,Android,4G
28310,23902,Android,4G
28311,23903,Android,WiFi
28312,23904,Android,5G
28313,23905,Android,4G
28314,23905,Android,3G
28315,23906,Android,WiFi
28316,23906,Android,5G
28317,23907,Android,4G
28318,23908,iOS,WiFi
28319,23909,iOS,5G
28320,23910,Android,4G
28321,23911,iOS,4G
28322,23912,iOS,4G
28323,23913,iOS,4G
28324,23914,Android,5G
28325,23914,Android,WiFi
28326,23915,Android,4G
28327,23916,Android,WiFi
28328,23917,Android,WiFi
28329,23918,Android,4G
28330,23919,Android,WiFi
28331,23919,Android,3G
28332,23920,iOS,4G
28333,23921,Android,4G
28334,23922,Android,5G
28335,23923,Android,WiFi
28336,23923,iOS,4G
28337,23924,iOS,3G
28338,23925,iOS,5G
28339,23926,Android,4G
28340,23926,Android,3G
28341,23927,Android,WiFi
28342,23928,Android,WiFi
28343,23929,Android,4G
28344,23930,Android,4G
28345,23930,Android,WiFi
28346,23931,Android,4G
28347,23932,Android,4G
28348,23933,Android,5G
28349,23934,Android,4G
28350,23935,iOS,5G
28351,23936,Android,4G
28352,23937,Android,4G
28353,23938,Android,5G
28354,23939,Android,4G
28355,23940,Web,4G
28356,23941,Android,WiFi
28357,23942,iOS,5G
28358,23942,Android,3G
28359,23943,Android,4G
28360,23944,Android,4G
28361,23945,Android,4G
28362,23946,Android,5G
28363,23946,Android,4G
28364,23947,Android,5G
28365,23948,Android,4G
28366,23949,Android,5G
28367,23949,Android,WiFi
28368,23950,iOS,4G
28369,23951,iOS,WiFi
28370,23952,iOS,5G
28371,23953,Android,4G
28372,23953,Android,3G
28373,23954,Android,WiFi
28374,23955,iOS,4G
28375,23956,Android,4G
28376,23957,Android,WiFi
28377,23958,Android,WiFi
28378,23959,Android,5G
28379,23960,Android,WiFi
28380,23961,iOS,5G
28381,23962,Android,4G
28382,23962,Android,4G
28383,23963,Android,5G
28384,23964,Android,5G
28385,23965,Android,5G
28386,23966,Web,4G
28387,23967,Android,WiFi
28388,23968,Android,4G
28389,23969,iOS,4G
28390,23970,iOS,3G
28391,23971,Android,4G
28392,23972,Android,3G
28393,23973,Android,4G
28394,23974,Android,4G
28395,23975,Android,WiFi
28396,23976,Android,5G
28397,23977,Android,4G
28398,23977,iOS,WiFi
28399,23978,Android,5G
28400,23979,Android,WiFi
28401,23980,Android,3G
28402,23981,Android,WiFi
28403,23982,Android,5G
28404,23983,Android,5G
28405,23983,Android,5G
28406,23984,Android,5G
28407,23985,iOS,WiFi
28408,23986,Android,5G
28409,23987,Android,4G
28410,23988,Android,4G
28411,23988,iOS,4G
28412,23989,iOS,5G
28413,23990,iOS,4G
28414,23991,iOS,WiFi
28415,23992,iOS,4G
28416,23993,Android,4G
28417,23994,Android,WiFi
28418,23995,Android,5G
28419,23996,Android,WiFi
28420,23997,iOS,4G
28421,23998,Android,5G
28422,23999,Android,4G
28423,24000,iOS,4G
28424,24001,Android,WiFi
28425,24002,Web,4G
28426,24003,iOS,5G
28427,24003,iOS,4G
28428,24004,Android,WiFi
28429,24005,Android,WiFi
28430,24006,iOS,4G
28431,24007,iOS,5G
28432,24007,Android,5G
28433,24008,iOS,WiFi
28434,24009,Android,4G
28435,24010,iOS,4G
28436,24011,Android,5G
28437,24012,Android,WiFi
28438,24013,Android,4G
28439,24014,Android,4G
28440,24015,Android,4G
28441,24016,Android,4G
28442,24016,Android,4G
28443,24017,Android,5G
28444,24018,Android,4G
28445,24019,Android,4G
28446,24020,Android,WiFi
28447,24021,iOS,WiFi
28448,24022,Android,4G
28449,24023,Android,WiFi
28450,24024,iOS,4G
28451,24025,Android,4G
28452,24026,Android,WiFi
28453,24027,Android,4G
28454,24028,iOS,WiFi
28455,24029,Android,5G
28456,24030,iOS,4G
28457,24030,Android,5G
28458,24031,Android,WiFi
28459,24032,Android,4G
28460,24033,iOS,5G
28461,24034,Android,3G
28462,24035,iOS,WiFi
28463,24036,iOS,4G
28464,24037,Android,5G
28465,24038,Android,WiFi
28466,24039,Android,4G
28467,24040,Android,4G
28468,24041,Android,5G
28469,24042,iOS,4G
28470,24042,Android,WiFi
28471,24043,Android,WiFi
28472,24044,Android,5G
28473,24044,iOS,3G
28474,24045,Android,WiFi
28475,24046,Android,5G
28476,24047,Android,4G
28477,24048,Android,5G
28478,24049,iOS,WiFi
28479,24050,Android,WiFi
28480,24051,Android,WiFi
28481,24051,Android,5G
28482,24052,Android,4G
28483,24053,iOS,4G
28484,24054,Android,5G
28485,24054,Android,5G
28486,24055,Android,WiFi
28487,24056,Android,5G
28488,24057,Android,4G
28489,24057,Android,4G
28490,24058,Android,5G
28491,24059,Android,5G
28492,24059,Android,WiFi
28493,24060,Android,5G
28494,24061,Android,5G
28495,24062,Android,4G
28496,24063,Android,4G
28497,24064,Android,4G
28498,24065,iOS,5G
28499,24066,Android,5G
28500,24067,Android,5G
28501,24067,Android,5G
28502,24068,Android,4G
28503,24069,Android,4G
28504,24070,Android,5G
28505,24070,Android,WiFi
28506,24071,iOS,5G
28507,24072,Android,4G
28508,24073,Android,4G
28509,24073,Android,WiFi
28510,24074,Android,4G
28511,24075,Android,4G
28512,24076,Android,WiFi
28513,24077,Android,WiFi
28514,24078,Android,4G
28515,24079,Android,4G
28516,24080,Android,5G
28517,24081,Android,WiFi
28518,24082,Android,3G
28519,24083,Web,4G
28520,24084,Android,4G
28521,24085,Android,5G
28522,24085,iOS,5G
28523,24086,Android,4G
28524,24086,Android,WiFi
28525,24087,Android,5G
28526,24087,Android,WiFi
28527,24088,Android,5G
28528,24089,Android,4G
28529,24090,Android,4G
28530,24091,Android,5G
28531,24092,Android,WiFi
28532,24093,Android,WiFi
28533,24094,Android,4G
28534,24094,Android,4G
28535,24095,Android,WiFi
28536,24096,Android,WiFi
28537,24097,Android,4G
28538,24098,Android,5G
28539,24099,Android,5G
28540,24100,Android,WiFi
28541,24101,Android,4G
28542,24102,Web,4G
28543,24103,Android,WiFi
28544,24104,Android,5G
28545,24105,Android,WiFi
28546,24106,Android,WiFi
28547,24106,iOS,WiFi
28548,24107,Android,5G
28549,24107,iOS,WiFi
28550,24108,Android,WiFi
28551,24109,iOS,4G
28552,24109,Android,4G
28553,24110,iOS,WiFi
28554,24111,iOS,5G
28555,24112,Web,5G
28556,24113,iOS,4G
28557,24114,Android,4G
28558,24114,Android,4G
28559,24115,Android,WiFi
28560,24116,Android,4G
28561,24117,Web,5G
28562,24118,Web,4G
28563,24119,Android,WiFi
28564,24120,Android,4G
28565,24121,Android,3G
28566,24122,iOS,5G
28567,24123,Android,WiFi
28568,24124,Android,4G
28569,24124,Android,5G
28570,24125,iOS,4G
28571,24126,Android,5G
28572,24127,Android,4G
28573,24128,Android,WiFi
28574,24129,Android,WiFi
28575,24130,Android,WiFi
28576,24131,Android,4G
28577,24132,Android,5G
28578,24133,Android,5G
28579,24134,iOS,WiFi
28580,24135,Android,4G
28581,24135,Web,4G
28582,24136,Android,5G
28583,24137,Android,4G
28584,24138,Android,4G
28585,24139,Android,WiFi
28586,24140,iOS,5G
28587,24141,Android,WiFi
28588,24142,Android,5G
28589,24143,Android,4G
28590,24144,iOS,5G
28591,24145,Android,4G
28592,24146,Android,5G
28593,24146,Android,WiFi
28594,24147,Android,4G
28595,24148,Android,5G
28596,24148,Android,WiFi
28597,24149,Android,WiFi
28598,24150,Android,4G
28599,24150,iOS,4G
28600,24151,Android,4G
28601,24152,Android,4G
28602,24153,iOS,4G
28603,24154,Web,4G
28604,24155,Android,4G
28605,24156,Android,4G
28606,24157,Android,4G
28607,24158,Android,WiFi
28608,24159,Android,4G
28609,24159,Android,4G
28610,24160,Android,5G
28611,24160,Android,4G
28612,24161,Android,4G
28613,24161,Android,WiFi
28614,24162,iOS,5G
28615,24163,iOS,4G
28616,24164,Android,4G
28617,24164,Web,4G
28618,24165,Android,WiFi
28619,24165,Android,3G
28620,24166,Android,5G
28621,24167,Android,WiFi
28622,24168,iOS,4G
28623,24169,Android,4G
28624,24170,Android,5G
28625,24171,Android,5G
28626,24171,iOS,4G
28627,24172,Android,4G
28628,24173,Android,4G
28629,24174,Android,5G
28630,24175,Android,WiFi
28631,24176,Android,WiFi
28632,24177,Android,4G
28633,24178,Android,WiFi
28634,24179,Android,WiFi
28635,24180,Android,5G
28636,24180,Android,5G
28637,24181,iOS,4G
28638,24182,iOS,4G
28639,24183,iOS,5G
28640,24184,Android,4G
28641,24185,Web,5G
28642,24185,Android,5G
28643,24186,Android,5G
28644,24187,iOS,4G
28645,24187,Android,3G
28646,24188,Android,5G
28647,24189,Android,3G
28648,24190,Android,5G
28649,24191,Android,4G
28650,24192,iOS,4G
28651,24193,Android,3G
28652,24194,Android,5G
28653,24195,Android,5G
28654,24195,Web,WiFi
28655,24196,iOS,5G
28656,24196,Android,4G
28657,24197,iOS,4G
28658,24197,Android,5G
28659,24198,iOS,WiFi
28660,24199,Android,4G
28661,24200,Android,WiFi
28662,24201,Android,4G
28663,24202,Android,4G
28664,24203,Android,WiFi
28665,24204,iOS,WiFi
28666,24205,Android,WiFi
28667,24206,Android,4G
28668,24207,Android,4G
28669,24208,iOS,5G
28670,24208,iOS,3G
28671,24209,iOS,5G
28672,24210,iOS,4G
28673,24211,iOS,WiFi
28674,24212,Android,WiFi
28675,24213,iOS,5G
28676,24214,Android,4G
28677,24215,Android,4G
28678,24215,Android,4G
28679,24216,Android,4G
28680,24217,iOS,4G
28681,24217,Android,4G
28682,24218,Android,4G
28683,24219,iOS,4G
28684,24219,iOS,4G
28685,24220,iOS,4G
28686,24220,Android,5G
28687,24221,Android,3G
28688,24222,iOS,5G
28689,24223,Android,4G
28690,24223,Android,5G
28691,24224,Android,WiFi
28692,24225,iOS,WiFi
28693,24226,Android,5G
28694,24227,Web,4G
28695,24228,iOS,5G
28696,24228,Android,5G
28697,24229,iOS,4G
28698,24230,iOS,5G
28699,24231,iOS,5G
28700,24232,iOS,5G
28701,24233,iOS,4G
28702,24234,iOS,4G
28703,24235,Android,4G
28704,24236,iOS,5G
28705,24237,Android,4G
28706,24238,Android,WiFi
28707,24239,Android,5G
28708,24240,Android,4G
28709,24241,Android,4G
28710,24241,iOS,4G
28711,24242,Android,5G
28712,24243,iOS,WiFi
28713,24244,Android,5G
28714,24245,iOS,5G
28715,24245,Android,4G
28716,24246,Android,4G
28717,24247,Android,5G
28718,24248,Android,5G
28719,24248,Android,4G
28720,24249,Android,5G
28721,24250,Android,4G
28722,24251,Android,5G
28723,24252,Android,5G
28724,24252,Android,4G
28725,24253,Android,4G
28726,24254,iOS,5G
28727,24255,Android,4G
28728,24256,Android,WiFi
28729,24256,Android,5G
28730,24257,Android,5G
28731,24258,iOS,5G
28732,24259,Android,WiFi
28733,24260,Android,3G
28734,24261,Android,5G
28735,24262,Android,4G
28736,24262,Android,4G
28737,24263,Android,4G
28738,24264,iOS,4G
28739,24265,Android,5G
28740,24266,iOS,4G
28741,24267,Android,5G
28742,24268,Android,5G
28743,24269,Android,4G
28744,24270,Web,WiFi
28745,24271,iOS,5G
28746,24271,iOS,3G
28747,24272,Android,4G
28748,24273,iOS,WiFi
28749,24274,Android,4G
28750,24275,Android,5G
28751,24276,iOS,4G
28752,24277,Android,5G
28753,24278,Android,WiFi
28754,24279,Android,5G
28755,24280,Android,4G
28756,24280,iOS,4G
28757,24281,Android,5G
28758,24282,Android,WiFi
28759,24283,Android,4G
28760,24283,iOS,4G
28761,24284,Web,WiFi
28762,24285,Web,5G
28763,24286,Android,5G
28764,24287,Android,4G
28765,24288,Android,3G
28766,24289,Android,4G
28767,24290,Android,4G
28768,24291,Web,4G
28769,24292,Android,4G
28770,24293,Android,5G
28771,24293,Android,WiFi
28772,24294,Android,4G
28773,24295,Android,5G
28774,24296,Android,4G
28775,24297,Android,4G
28776,24298,Android,5G
28777,24299,Android,4G
28778,24300,iOS,4G
28779,24301,iOS,4G
28780,24302,iOS,WiFi
28781,24303,Android,WiFi
28782,24304,iOS,4G
28783,24305,Android,4G
28784,24306,Android,5G
28785,24307,Android,5G
28786,24308,iOS,4G
28787,24309,iOS,4G
28788,24310,Android,4G
28789,24311,Android,5G
28790,24311,Android,4G
28791,24312,Android,4G
28792,24313,Android,WiFi
28793,24314,Android,4G
28794,24315,Android,5G
28795,24316,Android,4G
28796,24317,Android,5G
28797,24318,iOS,WiFi
28798,24319,Android,5G
28799,24320,iOS,5G
28800,24321,Android,5G
28801,24322,Android,4G
28802,24323,Android,4G
28803,24324,iOS,4G
28804,24325,Android,4G
28805,24326,Android,4G
28806,24327,Android,5G
28807,24328,Android,5G
28808,24328,Android,4G
28809,24329,Android,5G
28810,24330,Android,4G
28811,24330,Android,4G
28812,24331,Android,5G
28813,24332,iOS,4G
28814,24333,iOS,5G
28815,24334,iOS,5G
28816,24334,Android,4G
28817,24335,Android,4G
28818,24336,Android,5G
28819,24336,Android,5G
28820,24337,Web,5G
28821,24337,Android,4G
28822,24338,Android,4G
28823,24338,Android,5G
28824,24339,Android,5G
28825,24340,Android,3G
28826,24341,iOS,5G
28827,24342,Web,WiFi
28828,24343,Android,4G
28829,24344,iOS,4G
28830,24344,iOS,4G
28831,24345,Android,4G
28832,24346,Android,4G
28833,24347,Android,5G
28834,24348,Android,WiFi
28835,24348,Android,5G
28836,24349,Android,4G
28837,24350,Android,4G
28838,24351,Android,4G
28839,24352,Android,4G
28840,24353,Android,WiFi
28841,24354,Android,4G
28842,24355,Android,4G
28843,24356,iOS,WiFi
28844,24357,Android,4G
28845,24358,Android,4G
28846,24359,Android,5G
28847,24359,Android,4G
28848,24360,iOS,4G
28849,24361,iOS,WiFi
28850,24362,iOS,WiFi
28851,24363,Android,4G
28852,24364,iOS,4G
28853,24364,iOS,WiFi
28854,24365,Android,WiFi
28855,24366,Android,5G
28856,24367,Web,4G
28857,24368,Android,5G
28858,24369,Android,4G
28859,24370,Android,5G
28860,24371,Android,4G
28861,24372,Android,5G
28862,24373,Android,5G
28863,24373,Android,4G
28864,24374,Android,5G
28865,24375,iOS,4G
28866,24376,Android,5G
28867,24377,Android,4G
28868,24378,Android,4G
28869,24379,Web,5G
28870,24380,Android,5G
28871,24381,Android,5G
28872,24382,Android,4G
28873,24383,Android,4G
28874,24384,Android,WiFi
28875,24385,Android,4G
28876,24386,iOS,WiFi
28877,24387,Android,WiFi
28878,24387,Android,4G
28879,24388,Android,4G
28880,24389,Android,4G
28881,24390,Android,WiFi
28882,24391,Android,5G
28883,24392,Android,3G
28884,24393,Android,4G
28885,24393,iOS,5G
28886,24394,Android,WiFi
28887,24395,Android,WiFi
28888,24396,Android,4G
28889,24397,iOS,3G
28890,24398,Android,4G
28891,24398,iOS,4G
28892,24399,Android,5G
28893,24400,Web,5G
28894,24401,Android,5G
28895,24402,iOS,4G
28896,24403,iOS,4G
28897,24404,Android,4G
28898,24405,Android,4G
28899,24406,Android,4G
28900,24407,Android,5G
28901,24408,Android,4G
28902,24409,Android,4G
28903,24410,Android,WiFi
28904,24411,iOS,WiFi
28905,24412,Android,WiFi
28906,24413,Android,4G
28907,24414,Android,5G
28908,24414,Android,4G
28909,24415,Android,4G
28910,24415,Android,3G
28911,24416,Android,4G
28912,24416,Android,5G
28913,24417,Android,4G
28914,24418,Android,WiFi
28915,24419,Android,5G
28916,24419,Android,5G
28917,24420,Android,5G
28918,24421,Android,WiFi
28919,24422,Android,4G
28920,24423,Android,5G
28921,24424,Android,WiFi
28922,24424,iOS,5G
28923,24425,Android,4G
28924,24425,Android,WiFi
28925,24426,Android,4G
28926,24427,iOS,4G
28927,24428,Android,4G
28928,24429,Android,4G
28929,24429,Android,WiFi
28930,24430,Android,5G
28931,24431,iOS,4G
28932,24432,Android,WiFi
28933,24433,Android,WiFi
28934,24434,Android,4G
28935,24435,Android,WiFi
28936,24436,Android,WiFi
28937,24437,Android,4G
28938,24437,iOS,WiFi
28939,24438,Android,WiFi
28940,24439,Android,4G
28941,24440,iOS,4G
28942,24441,Android,5G
28943,24441,Android,5G
28944,24442,Android,4G
28945,24442,iOS,5G
28946,24443,Android,5G
28947,24444,Android,4G
28948,24444,Android,4G
28949,24445,Android,5G
28950,24446,Android,WiFi
28951,24447,iOS,5G
28952,24448,Android,WiFi
28953,24449,Android,4G
28954,24450,Android,4G
28955,24451,Android,5G
28956,24451,Android,5G
28957,24452,Android,4G
28958,24453,Android,5G
28959,24454,Android,4G
28960,24455,Android,4G
28961,24456,iOS,WiFi
28962,24457,Android,4G
28963,24458,Android,3G
28964,24459,Android,4G
28965,24459,Android,4G
28966,24460,Android,5G
28967,24461,Android,WiFi
28968,24462,Android,5G
28969,24462,Android,4G
28970,24463,Android,4G
28971,24464,Android,5G
28972,24464,Android,4G
28973,24465,Android,5G
28974,24465,Android,4G
28975,24466,Android,4G
28976,24467,iOS,4G
28977,24468,iOS,4G
28978,24469,iOS,5G
28979,24470,Android,5G
28980,24471,Android,4G
28981,24472,Android,3G
28982,24473,Android,4G
28983,24474,Android,4G
28984,24474,Android,WiFi
28985,24475,Android,5G
28986,24476,Android,WiFi
28987,24477,Web,4G
28988,24478,Android,WiFi
28989,24479,Android,5G
28990,24480,Android,5G
28991,24481,Android,4G
28992,24482,Android,4G
28993,24483,Android,5G
28994,24484,Android,WiFi
28995,24485,Android,5G
28996,24486,Android,5G
28997,24487,Android,4G
28998,24488,Android,4G
28999,24489,iOS,4G
29000,24490,Android,WiFi
29001,24491,Android,4G
29002,24491,Android,4G
29003,24492,Android,WiFi
29004,24493,Android,4G
29005,24494,Android,WiFi
29006,24495,Android,5G
29007,24496,Android,5G
29008,24497,Android,WiFi
29009,24497,Android,WiFi
29010,24498,Web,4G
29011,24499,Android,WiFi
29012,24499,Android,WiFi
29013,24500,Android,5G
29014,24501,Android,4G
29015,24502,Android,4G
29016,24503,Android,4G
29017,24503,Android,4G
29018,24504,Android,4G
29019,24504,Android,4G
29020,24505,Android,4G
29021,24506,Android,4G
29022,24506,iOS,5G
29023,24507,Android,4G
29024,24508,iOS,5G
29025,24508,Android,5G
29026,24509,Android,4G
29027,24510,Android,WiFi
29028,24511,Android,4G
29029,24512,Android,WiFi
29030,24513,iOS,5G
29031,24514,Android,4G
29032,24515,Android,5G
29033,24516,Android,4G
29034,24517,Android,5G
29035,24518,Android,WiFi
29036,24519,Android,5G
29037,24520,Android,WiFi
29038,24521,Android,WiFi
29039,24522,iOS,3G
29040,24523,iOS,5G
29041,24524,Android,3G
29042,24524,iOS,5G
29043,24525,iOS,4G
29044,24526,Android,5G
29045,24527,Android,4G
29046,24528,Android,WiFi
29047,24528,Android,5G
29048,24529,Android,4G
29049,24530,Android,WiFi
29050,24531,Android,4G
29051,24531,Android,WiFi
29052,24532,Android,WiFi
29053,24532,iOS,4G
29054,24533,Android,5G
29055,24534,Android,4G
29056,24535,Android,4G
29057,24536,Android,5G
29058,24536,Android,4G
29059,24537,Web,WiFi
29060,24538,iOS,4G
29061,24539,Android,5G
29062,24540,Android,WiFi
29063,24541,Android,4G
29064,24542,Android,WiFi
29065,24543,iOS,4G
29066,24544,Android,4G
29067,24545,Android,4G
29068,24546,Android,WiFi
29069,24547,Android,5G
29070,24548,iOS,WiFi
29071,24549,Android,4G
29072,24550,iOS,WiFi
29073,24551,Android,4G
29074,24552,Android,4G
29075,24552,Android,WiFi
29076,24553,iOS,4G
29077,24554,Android,WiFi
29078,24555,iOS,4G
29079,24556,iOS,4G
29080,24557,iOS,3G
29081,24558,iOS,4G
29082,24559,Android,3G
29083,24560,Android,4G
29084,24561,Android,4G
29085,24562,Android,WiFi
29086,24563,Android,4G
29087,24564,iOS,5G
29088,24564,Android,4G
29089,24565,Web,5G
29090,24566,Android,5G
29091,24567,Android,4G
29092,24567,Android,5G
29093,24568,Android,5G
29094,24569,Android,4G
29095,24570,Android,5G
29096,24570,Android,4G
29097,24571,Android,3G
29098,24572,Android,5G
29099,24573,Android,3G
29100,24574,Android,WiFi
29101,24575,Android,WiFi
29102,24576,Android,4G
29103,24576,Android,4G
29104,24577,Android,WiFi
29105,24578,Android,4G
29106,24579,Android,5G
29107,24579,Android,4G
29108,24580,Android,4G
29109,24581,Web,5G
29110,24582,Android,4G
29111,24582,iOS,5G
29112,24583,Android,WiFi
29113,24583,Android,5G
29114,24584,Android,WiFi
29115,24585,Web,4G
29116,24586,Android,4G
29117,24587,Android,5G
29118,24587,Android,WiFi
29119,24588,Android,5G
29120,24588,Android,WiFi
29121,24589,Android,WiFi
29122,24590,iOS,4G
29123,24590,Android,4G
29124,24591,Android,WiFi
29125,24592,iOS,WiFi
29126,24593,Android,5G
29127,24594,Android,4G
29128,24595,Android,4G
29129,24596,Android,5G
29130,24597,Android,WiFi
29131,24598,Android,4G
29132,24599,Web,4G
29133,24600,iOS,4G
29134,24600,iOS,WiFi
29135,24601,Android,3G
29136,24602,Android,5G
29137,24603,Android,4G
29138,24603,Android,5G
29139,24604,Android,5G
29140,24605,iOS,4G
29141,24606,Android,5G
29142,24607,Android,WiFi
29143,24608,Android,4G
29144,24608,Android,4G
29145,24609,Android,4G
29146,24609,iOS,WiFi
29147,24610,Android,4G
29148,24611,Android,5G
29149,24612,Android,WiFi
29150,24612,iOS,5G
29151,24613,Android,5G
29152,24614,Android,4G
29153,24615,Android,5G
29154,24616,Web,WiFi
29155,24616,Android,4G
29156,24617,Android,4G
29157,24618,Android,5G
29158,24619,iOS,5G
29159,24620,iOS,4G
29160,24621,Android,4G
29161,24622,Android,4G
29162,24623,Android,4G
29163,24624,Android,4G
29164,24625,Android,4G
29165,24626,Android,4G
29166,24627,Android,5G
29167,24628,Android,4G
29168,24629,Android,4G
29169,24630,iOS,3G
29170,24631,Android,5G
29171,24631,Android,5G
29172,24632,Android,4G
29173,24633,Android,5G
29174,24634,Android,WiFi
29175,24635,Android,5G
29176,24636,Android,4G
29177,24637,Android,5G
29178,24638,Android,4G
29179,24639,Android,WiFi
29180,24639,Android,5G
29181,24640,iOS,4G
29182,24641,iOS,5G
29183,24641,Android,WiFi
29184,24642,Android,5G
29185,24643,Android,4G
29186,24644,Android,5G
29187,24645,Android,WiFi
29188,24646,Android,4G
29189,24647,Android,4G
29190,24648,Android,5G
29191,24648,Android,WiFi
29192,24649,Android,4G
29193,24650,Android,5G
29194,24651,Android,5G
29195,24652,Android,4G
29196,24652,Android,5G
29197,24653,Android,WiFi
29198,24654,Android,4G
29199,24655,Android,WiFi
29200,24656,Web,4G
29201,24657,iOS,4G
29202,24658,iOS,4G
29203,24659,Android,4G
29204,24660,iOS,4G
29205,24661,iOS,4G
29206,24662,iOS,4G
29207,24663,Android,5G
29208,24664,Android,4G
29209,24665,Android,4G
29210,24665,Android,3G
29211,24666,Android,5G
29212,24667,Android,5G
29213,24667,Android,5G
29214,24668,Web,4G
29215,24669,iOS,4G
29216,24670,Android,WiFi
29217,24671,iOS,4G
29218,24672,Android,4G
29219,24673,iOS,4G
29220,24674,Android,4G
29221,24674,Android,4G
29222,24675,Android,4G
29223,24676,Android,4G
29224,24677,Android,4G
29225,24677,iOS,WiFi
29226,24678,iOS,5G
29227,24679,Android,5G
29228,24680,Android,5G
29229,24681,Android,3G
29230,24682,Android,4G
29231,24683,Android,5G
29232,24684,Android,4G
29233,24685,Android,5G
29234,24685,Android,4G
29235,24686,Android,WiFi
29236,24687,Android,4G
29237,24688,Android,4G
29238,24689,Android,4G
29239,24690,iOS,5G
29240,24691,Android,WiFi
29241,24692,Android,5G
29242,24692,Android,4G
29243,24693,Android,4G
29244,24694,Android,5G
29245,24695,Android,5G
29246,24696,iOS,4G
29247,24697,Android,3G
29248,24698,iOS,4G
29249,24699,Android,WiFi
29250,24699,Android,WiFi
29251,24700,Android,WiFi
29252,24701,iOS,5G
29253,24701,Android,4G
29254,24702,Android,4G
29255,24702,Android,4G
29256,24703,Android,WiFi
29257,24704,Android,WiFi
29258,24705,Android,WiFi
29259,24706,Android,4G
29260,24706,Android,WiFi
29261,24707,Android,4G
29262,24708,Android,WiFi
29263,24709,Android,4G
29264,24710,iOS,4G
29265,24710,iOS,3G
29266,24711,Android,4G
29267,24712,Android,4G
29268,24713,iOS,4G
29269,24714,Android,5G
29270,24715,Web,4G
29271,24715,Web,WiFi
29272,24716,Android,4G
29273,24717,Android,4G
29274,24717,Android,4G
29275,24718,Android,4G
29276,24718,iOS,5G
29277,24719,Android,4G
29278,24720,iOS,5G
29279,24720,iOS,5G
29280,24721,iOS,4G
29281,24722,Android,4G
29282,24722,iOS,5G
29283,24723,iOS,WiFi
29284,24724,Android,4G
29285,24725,Android,4G
29286,24726,iOS,4G
29287,24727,Android,5G
29288,24728,iOS,3G
29289,24729,Android,5G
29290,24730,Android,5G
29291,24731,iOS,4G
29292,24732,Android,WiFi
29293,24732,Android,3G
29294,24733,Android,WiFi
29295,24734,Android,4G
29296,24735,Android,WiFi
29297,24736,iOS,4G
29298,24736,Web,WiFi
29299,24737,Android,4G
29300,24737,Android,5G
29301,24738,iOS,WiFi
29302,24739,Android,5G
29303,24739,Android,WiFi
29304,24740,iOS,WiFi
29305,24741,Android,WiFi
29306,24742,iOS,5G
29307,24743,Android,WiFi
29308,24744,Android,4G
29309,24745,Android,5G
29310,24746,Android,4G
29311,24747,Android,4G
29312,24748,Android,4G
29313,24749,Android,4G
29314,24750,Android,WiFi
29315,24751,Android,5G
29316,24752,Android,5G
29317,24752,Android,WiFi
29318,24753,Android,5G
29319,24754,iOS,WiFi
29320,24755,Android,4G
29321,24755,iOS,4G
29322,24756,Android,5G
29323,24757,Android,5G
29324,24757,Android,5G
29325,24758,Android,4G
29326,24759,Android,5G
29327,24760,Android,4G
29328,24761,iOS,5G
29329,24762,Android,5G
29330,24762,Android,4G
29331,24763,Android,5G
29332,24764,iOS,4G
29333,24765,Android,4G
29334,24766,Android,5G
29335,24767,iOS,4G
29336,24768,Android,5G
29337,24769,Android,3G
29338,24770,iOS,5G
29339,24771,iOS,5G
29340,24772,Android,4G
29341,24773,Android,4G
29342,24774,Android,4G
29343,24775,iOS,5G
29344,24776,Android,4G
29345,24777,iOS,4G
29346,24778,Android,4G
29347,24779,Android,4G
29348,24780,Android,5G
29349,24780,Android,5G
29350,24781,iOS,WiFi
29351,24781,Android,WiFi
29352,24782,Android,3G
29353,24783,Android,WiFi
29354,24783,Android,WiFi
29355,24784,Android,4G
29356,24784,Android,WiFi
29357,24785,iOS,3G
29358,24786,Android,4G
29359,24787,Android,5G
29360,24788,Android,4G
29361,24789,Android,4G
29362,24790,Android,5G
29363,24791,Android,WiFi
29364,24791,Android,5G
29365,24792,Android,4G
29366,24793,Android,WiFi
29367,24794,iOS,WiFi
29368,24795,Android,5G
29369,24796,iOS,4G
29370,24796,Android,4G
29371,24797,Android,4G
29372,24797,Android,4G
29373,24798,Android,4G
29374,24799,Android,5G
29375,24800,Android,4G
29376,24800,Android,4G
29377,24801,Android,5G
29378,24802,Android,4G
29379,24803,Android,WiFi
29380,24803,Android,4G
29381,24804,iOS,5G
29382,24805,iOS,4G
29383,24806,Android,5G
29384,24807,iOS,4G
29385,24808,Android,3G
29386,24809,Android,4G
29387,24810,Android,3G
29388,24811,Android,4G
29389,24812,iOS,4G
29390,24813,Web,4G
29391,24814,Android,WiFi
29392,24815,Android,4G
29393,24816,Android,WiFi
29394,24817,Android,WiFi
29395,24818,iOS,WiFi
29396,24818,Android,5G
29397,24819,Android,3G
29398,24819,Android,4G
29399,24820,iOS,5G
29400,24821,Android,5G
29401,24822,Android,3G
29402,24823,Android,4G
29403,24824,iOS,4G
29404,24825,Android,3G
29405,24826,iOS,4G
29406,24827,Android,WiFi
29407,24828,Android,3G
29408,24829,iOS,WiFi
29409,24830,Android,4G
29410,24830,Android,WiFi
29411,24831,Android,5G
29412,24832,Android,4G
29413,24832,Android,4G
29414,24833,Android,4G
29415,24834,Android,4G
29416,24835,Android,4G
29417,24836,Android,5G
29418,24836,iOS,5G
29419,24837,iOS,4G
29420,24838,Web,4G
29421,24838,Web,5G
29422,24839,iOS,4G
29423,24839,Android,5G
29424,24840,iOS,WiFi
29425,24841,Android,WiFi
29426,24842,iOS,WiFi
29427,24843,Android,5G
29428,24844,iOS,4G
29429,24845,Android,4G
29430,24846,Android,4G
29431,24847,Android,WiFi
29432,24847,Android,5G
29433,24848,Android,WiFi
29434,24848,Web,WiFi
29435,24849,Android,WiFi
29436,24850,Android,WiFi
29437,24851,Android,4G
29438,24852,Android,4G
29439,24853,Android,WiFi
29440,24854,Android,5G
29441,24855,Android,4G
29442,24855,Android,3G
29443,24856,Android,5G
29444,24856,iOS,5G
29445,24857,Android,3G
29446,24858,Android,4G
29447,24859,Android,4G
29448,24860,iOS,WiFi
29449,24861,Android,5G
29450,24861,Android,WiFi
29451,24862,Android,WiFi
29452,24863,Android,WiFi
29453,24864,iOS,5G
29454,24865,Android,5G
29455,24866,Android,4G
29456,24867,Android,4G
29457,24868,Android,5G
29458,24869,iOS,4G
29459,24870,Android,4G
29460,24871,Android,4G
29461,24872,Android,4G
29462,24873,Android,4G
29463,24873,Web,WiFi
29464,24874,Android,4G
29465,24874,Android,4G
29466,24875,Android,4G
29467,24876,Android,4G
29468,24877,iOS,5G
29469,24878,iOS,4G
29470,24879,Android,4G
29471,24880,Android,5G
29472,24881,Android,4G
29473,24882,Android,4G
29474,24883,Android,WiFi
29475,24884,Android,5G
29476,24885,iOS,4G
29477,24885,iOS,WiFi
29478,24886,Android,4G
29479,24886,iOS,4G
29480,24887,Android,4G
29481,24888,Android,5G
29482,24889,iOS,5G
29483,24890,iOS,5G
29484,24891,Web,5G
29485,24892,Android,5G
29486,24893,Android,5G
29487,24894,Android,WiFi
29488,24894,Android,5G
29489,24895,Web,WiFi
29490,24896,Android,3G
29491,24897,Android,4G
29492,24898,iOS,4G
29493,24899,Android,5G
29494,24900,Android,5G
29495,24900,Web,4G
29496,24901,iOS,5G
29497,24901,Android,WiFi
29498,24902,iOS,5G
29499,24903,Android,4G
29500,24904,Android,4G
29501,24905,Android,5G
29502,24906,Android,5G
29503,24907,Android,5G
29504,24908,Android,5G
29505,24909,Android,4G
29506,24910,Android,4G
29507,24911,Android,5G
29508,24912,Android,5G
29509,24913,Android,3G
29510,24914,iOS,5G
29511,24915,Android,4G
29512,24916,Android,WiFi
29513,24916,Android,3G
29514,24917,iOS,4G
29515,24918,iOS,5G
29516,24919,iOS,5G
29517,24920,Android,4G
29518,24921,Android,5G
29519,24921,Android,WiFi
29520,24922,iOS,5G
29521,24923,Android,5G
29522,24924,Android,4G
29523,24925,Android,3G
29524,24925,Android,5G
29525,24926,iOS,5G
29526,24927,Android,4G
29527,24928,Android,3G
29528,24929,Android,4G
29529,24930,Android,4G
29530,24931,Android,4G
29531,24932,Android,4G
29532,24933,Android,WiFi
29533,24933,Android,4G
29534,24934,Android,5G
29535,24935,Android,4G
29536,24936,Web,WiFi
29537,24937,iOS,4G
29538,24938,Web,WiFi
29539,24939,Android,4G
29540,24940,iOS,5G
29541,24941,Android,4G
29542,24942,Android,WiFi
29543,24943,Android,5G
29544,24944,Android,5G
29545,24944,Android,4G
29546,24945,Android,4G
29547,24946,Android,4G
29548,24947,Android,5G
29549,24948,Android,4G
29550,24949,Android,5G
29551,24950,Android,4G
29552,24951,Android,5G
29553,24952,Android,4G
29554,24952,Android,4G
29555,24953,iOS,WiFi
29556,24954,Android,4G
29557,24955,iOS,4G
29558,24956,iOS,5G
29559,24957,Android,4G
29560,24958,Android,WiFi
29561,24959,iOS,5G
29562,24960,Android,WiFi
29563,24961,iOS,WiFi
29564,24962,Android,4G
29565,24963,Android,4G
29566,24964,Android,5G
29567,24964,Android,4G
29568,24965,Android,5G
29569,24966,Android,4G
29570,24967,Android,4G
29571,24968,Android,4G
29572,24969,Android,WiFi
29573,24969,Android,4G
29574,24970,Android,5G
29575,24971,Android,WiFi
29576,24972,Android,WiFi
29577,24972,iOS,5G
29578,24973,Android,5G
29579,24974,Android,4G
29580,24975,Android,5G
29581,24976,iOS,WiFi
29582,24977,Android,4G
29583,24977,iOS,WiFi
29584,24978,Android,5G
29585,24979,Android,5G
29586,24980,Android,4G
29587,24980,iOS,4G
29588,24981,iOS,4G
29589,24982,Android,3G
29590,24983,Android,4G
29591,24984,Android,5G
29592,24985,Android,5G
29593,24986,Android,5G
29594,24986,Android,4G
29595,24987,Android,4G
29596,24988,Android,5G
29597,24988,Android,WiFi
29598,24989,iOS,5G
29599,24990,Android,5G
29600,24991,Android,WiFi
29601,24991,Android,WiFi
29602,24992,iOS,5G
29603,24993,iOS,5G
29604,24994,Android,4G
29605,24995,Android,4G
29606,24996,Android,3G
29607,24997,iOS,5G
29608,24998,Android,WiFi
29609,24999,Android,4G
29610,25000,Android,4G
